policy,row_index,repo,created_at,true_label,predicted_label,text_hash,is_overlap
primary,900,bitcoin/bitcoin,2023-09-10 04:53:51,feature,feature,85f1c516c46d6c1214d0608f20a1eec82da670661c5acc601a16a09409a694b2,True
primary,901,bitcoin/bitcoin,2023-09-01 22:33:04,feature,feature,2a3add4886889c9c55e07d2fe0b969add871370a8c8cf20343ff2592e98c8136,False
primary,902,bitcoin/bitcoin,2023-08-11 01:45:11,feature,feature,d6c1a03105a968993243184bc458cb712c5ed623d45f7d5fb58d4ee70b5849f5,False
primary,903,bitcoin/bitcoin,2023-06-27 11:43:19,feature,feature,a5f47643afe3fbd257d0eeeb5873816ec535bcfff258021e605e24ca8afe5bab,False
primary,904,bitcoin/bitcoin,2023-06-23 08:52:50,feature,feature,9934cc0b22f727dec953d52c6f78c67a11e0674ffbd56a951de5149a92656fd1,False
primary,905,bitcoin/bitcoin,2023-06-09 23:18:21,feature,feature,0ebab0b81a3053e9b4ff7ea1d525855cbb322aa7b97a5462c754951f878bae04,False
primary,906,bitcoin/bitcoin,2023-06-02 18:48:23,feature,feature,ae7a7f8ac21476ed8f4289e2aa0889ab3492a6f55570a365b8652b4502eb94d6,False
primary,907,bitcoin/bitcoin,2023-05-12 11:47:38,feature,feature,e41fd105b260c37e6a8c9a60d2c47dc0fa8e92ce9512446155b3c4071f006992,False
primary,908,bitcoin/bitcoin,2023-05-07 20:04:05,feature,feature,5685dcee64ce84ccb9d5b03d41caf6f796ad64d145b99fcc64724c00a3d4c7be,False
primary,909,bitcoin/bitcoin,2023-04-09 12:08:01,feature,question,64bde347e2f03988eac9961a209af33f546fee9a95d3362cd3bc57d92d036945,False
primary,910,bitcoin/bitcoin,2023-03-05 18:07:28,feature,feature,fdd51d9acca71d9b5c61a483ceb664bd253c734dbd868c677ba2ecc7e179d877,False
primary,911,bitcoin/bitcoin,2023-02-27 06:57:14,feature,feature,2cd265168e9b9a44fe4b8c25312bc524660dec54063f7d0d4b837cdd93746436,False
primary,912,bitcoin/bitcoin,2023-02-07 11:55:29,feature,feature,1e35e5e6f9a3437deb8f1e90ced16d538193260dab66c01103bc8539b348576f,False
primary,913,bitcoin/bitcoin,2023-02-05 18:11:47,feature,feature,3813d22cfbe0e49c8e43cb220134df5c8de2d610790b1040deec388326a9ac2b,False
primary,914,bitcoin/bitcoin,2023-01-19 10:23:40,feature,feature,f16669a8b6785ccfb97713d26f34bb1a415fc4f5738f0e3ff8ae807c9cd631ad,False
primary,915,bitcoin/bitcoin,2023-01-11 17:55:14,feature,feature,100bc813bf75a7c9bfc7b4ae082131e5bad8107ef77b12218b376b0b742ae667,False
primary,916,bitcoin/bitcoin,2022-12-08 20:07:25,feature,feature,e6710f06841ebc91f63166b1e5e55ece1246a8b672a69f4e05b13c6bb4d67216,False
primary,917,bitcoin/bitcoin,2022-11-21 17:22:47,feature,feature,f35097d9d1ae20410eba8ae6bbcefaa386af0630c1c520372bf0fe5603648f80,False
primary,918,bitcoin/bitcoin,2022-10-07 12:59:12,feature,feature,abfd9250b654a488bd204ac39e5bae7f3fe8f28f5b7b406b528d88f9d9eb5220,False
primary,919,bitcoin/bitcoin,2022-09-17 02:29:39,feature,feature,fbab4d1e0665cda542e7fc961d9add7db130721319b1227e1818abc64c5a264e,False
primary,920,bitcoin/bitcoin,2022-08-21 01:30:20,feature,feature,08c88ffb793ee1a727e26e9904cfcd997e5be6a1ea51b92ac7b1236b4c0029b7,False
primary,921,bitcoin/bitcoin,2022-07-26 20:00:18,feature,feature,3a8a175076bcc50ad6f0836dd8c4c5fb284704c4d415ff14176983f2b8e718d3,False
primary,922,bitcoin/bitcoin,2022-07-13 15:02:11,feature,feature,971ba2025280dfbac8ff36630502ff47d832a21da41c946b1b2e516ebbb48433,False
primary,923,bitcoin/bitcoin,2022-06-15 08:54:03,feature,feature,376e7c2d4e677b8ca69e3e4aa235c51070e061f6102b8ad875516a116024e231,False
primary,924,bitcoin/bitcoin,2022-05-31 21:08:24,feature,feature,ec813097e07baab2d0c88c90495d146b6c440d3f83c01b4fe04e895627f43c7e,False
primary,925,bitcoin/bitcoin,2022-04-25 15:04:18,feature,feature,533009fd756b6ad4a656b8f70f19caf5da125fa04cd9b71944b53adaa58dc17f,False
primary,926,bitcoin/bitcoin,2022-04-07 17:22:10,feature,feature,3bccece0d0661e014960848ded00d6b7c6416cb41dd499519251bd18b2befabd,False
primary,927,bitcoin/bitcoin,2022-04-04 13:30:08,feature,feature,523cb18df4a00808177408f8ba7844b15ffa6d0d41e49c456385fc631af1fda0,False
primary,928,bitcoin/bitcoin,2022-03-24 02:45:10,feature,bug,4c4c2d4f0b409eb36ba3d82dc831ce4cc6ea43e40de1749ea66913eed7242368,False
primary,929,bitcoin/bitcoin,2022-02-22 19:30:45,feature,feature,0967cef5ec4a9f6fc5b0425bc6f20ea333aa7c74cc9f0a46b64689d62d285897,False
primary,930,bitcoin/bitcoin,2022-02-15 02:04:10,feature,feature,68b360c419080c9c41eda2c44fcebbcc20fdd5e61d56d04dbcf5000e38559e15,False
primary,931,bitcoin/bitcoin,2022-02-07 15:00:03,feature,question,6946c4073af6bc01450552f7f3f7c6e0bc8f497aeabb5fce2f8689eb7b21ee32,False
primary,932,bitcoin/bitcoin,2022-02-01 15:39:49,feature,feature,754a11370058fb9e80ab9922e73812176e8aaf57a12b66dfcb1aeb17847e0038,False
primary,933,bitcoin/bitcoin,2022-01-27 04:13:26,feature,feature,494aba0dea29811c9d3d60ad9fedb76f3c113711cf9a70e8d0ba57033bde2aca,False
primary,934,bitcoin/bitcoin,2022-01-14 14:41:37,feature,feature,570ac1fa1846b23a31a53f98ad05e36525324fea47a2d4facf2a6cc9679f21ee,False
primary,935,bitcoin/bitcoin,2021-12-27 14:43:43,feature,feature,ccc485b04d57d3d290a4c284485548a02746f055757ef86c06febbd5f355b54b,False
primary,936,bitcoin/bitcoin,2021-12-21 13:02:35,feature,feature,8096a3116aa96665af046fe6fe843a4c25d4648792b2c5a904c541e20acc9366,False
primary,937,bitcoin/bitcoin,2021-12-15 17:11:34,feature,feature,ef8a853c44a114bafda8a739a5686f2e1bcb16797cdbf19139ca9ee4a4c44840,False
primary,938,bitcoin/bitcoin,2021-12-15 07:24:39,feature,feature,99a423b53e93b1acbc35bee28bde53497cf15369acdce3018f2f8eb2bd74a4f7,False
primary,939,bitcoin/bitcoin,2021-11-28 21:36:36,feature,feature,af7d2625b0929a3ed25cf8f16b6024859df911aba2bdf1382c06e5b9cf4c7e9f,False
primary,940,bitcoin/bitcoin,2021-11-01 17:13:02,feature,feature,f739660460e5e12e62bbd9621716c7a19df8bd5a0ca307793fcbcc285421ddcb,False
primary,941,bitcoin/bitcoin,2021-10-17 14:23:23,feature,feature,dd5fd839b69efec4286773fbb9f14bfc2ee1bfa2417b5cbc5f7505b4f22fd277,False
primary,942,bitcoin/bitcoin,2021-10-11 20:37:25,feature,question,672cd80f615750d6abfd428b2b8078b1f6e79e402eab6cb8c4fc94e01063d9a2,False
primary,943,bitcoin/bitcoin,2021-10-05 13:39:37,feature,feature,5c9ef1c434c4dbe342e4bb1d641b3a31e298a6fd8d320ca31ca9e48cb30b1954,False
primary,944,bitcoin/bitcoin,2021-10-03 02:00:38,feature,feature,7d2fa53a4d66d14ec817fc45c58474cf468e40a893ab7c13a0c0b9a4bc6f882f,False
primary,945,bitcoin/bitcoin,2021-09-23 15:18:00,feature,feature,bd044320c9ea390e714ca4f54f735168ce8f76feb7e5a8ad42be02e1cacadd65,False
primary,946,bitcoin/bitcoin,2021-09-22 12:26:41,feature,feature,08ab20410d43d87e9818a5bd1c3491c4392e88d909a9fbea2739c9aeee84c016,False
primary,947,bitcoin/bitcoin,2021-09-10 22:41:05,feature,feature,fd1238a8ef072e2d8f776917a05e6dc5952ebf577a2a06226e91f3599ea483b4,False
primary,948,bitcoin/bitcoin,2021-09-02 21:15:48,feature,feature,8883bbe3c9d90038c0c56e282c72addb8ed43c40fa926c84f1f14708d7a42694,False
primary,949,bitcoin/bitcoin,2021-08-16 10:29:42,feature,feature,40074b07908b441e50a1b1e05746222556bcea4dcb4bc0d4c64b40ffc5fe8cd5,False
primary,950,bitcoin/bitcoin,2021-08-10 18:05:22,feature,feature,672e37a5dbdbcb281e6b1fa8607dd3be9c37f01b88a126d1f3de7674a0be974b,False
primary,951,bitcoin/bitcoin,2021-07-23 07:48:14,feature,feature,2b19f8ddfd8ced4ac23f85453fcc5fd471f2788c3059222152cce7936a480fb3,False
primary,952,bitcoin/bitcoin,2021-07-12 01:25:09,feature,feature,39c3e66dca7614f96f5f26085c2c11f1a61a32613d0316079c17cb012fe033af,False
primary,953,bitcoin/bitcoin,2021-06-29 09:50:13,feature,feature,29906c7bf1f758053e3e061b016f71577aaac4ebfc035fdff96f9ec8e240fa8a,False
primary,954,bitcoin/bitcoin,2021-05-21 10:21:36,feature,feature,c97557c7266d2900137dba05ad07df967bc4a5fa07d8bf1bca6f7d9d3e039f36,False
primary,955,bitcoin/bitcoin,2021-05-11 22:47:51,feature,feature,9cff858d768817ff700e47b7e798c4c18aadadfc79c38efc1f2ff3f58bf2beb9,False
primary,956,bitcoin/bitcoin,2021-05-09 09:00:40,feature,feature,393b4e3e6d3bc1e0bb38e571f40c71321bc7eba40ab2201d54c50c8fbffa23a2,False
primary,957,bitcoin/bitcoin,2021-04-21 02:23:41,feature,feature,bce7b6ba87d7c24ef6c8fbe81ff0bd204d44884c34b94faf13e81884ea106902,False
primary,958,bitcoin/bitcoin,2021-04-15 12:16:38,feature,feature,263c40d693a9fb3373f28ac8631183b33f61387eb87452df646706fc8213f48c,False
primary,959,bitcoin/bitcoin,2021-04-09 19:52:28,feature,feature,5e9a95263ca0231677c15ebe720adddcae10b089b4f22214c50868471a222ae2,False
primary,960,bitcoin/bitcoin,2021-04-01 13:16:08,feature,feature,605727985c224e1c04c677753db2ccb9d0382c3f5ed603d4bcefa4af999a1ca3,False
primary,961,bitcoin/bitcoin,2021-03-29 14:08:51,feature,feature,a37e971928cbddca06fdd40582a40d380ca69d2a51a4a9fa5dbf143996ecc394,False
primary,962,bitcoin/bitcoin,2021-02-25 14:55:56,feature,feature,e9049de5fb0db8da1a56e2727eaacb09a35c1af0c4c7d854b219e4fdd5b47060,False
primary,963,bitcoin/bitcoin,2021-02-23 17:29:17,feature,bug,f33f7c447fc0a31d7aa800338a7118271afba649009881e424af5e5b627c2a6f,True
primary,964,bitcoin/bitcoin,2021-02-19 09:39:16,feature,feature,40d3f7cd82ce84182775e8685f62a30c2a0b8c06ad042fa0c305da7412fce784,False
primary,965,bitcoin/bitcoin,2021-02-17 06:44:10,feature,question,0cbcbc51a63f160fc7fc4a0f91b587b28704493c85a4ca6d09a58512cf3a165a,False
primary,966,bitcoin/bitcoin,2021-02-16 11:25:56,feature,feature,0fd97ca9514e798a8266d3d5adcbc76f036f817885a0cf1ce0dbd343406e6030,False
primary,967,bitcoin/bitcoin,2021-02-08 10:49:31,feature,feature,54dfab8ab4d49b444886c4914322eacec85ff9302b8faa80cf3ec55a9ba911d3,False
primary,968,bitcoin/bitcoin,2021-02-04 11:42:21,feature,feature,4e5c50491ba49a161219b465c9547e6853b589a42e11669b3d6bdb84bdcf8ed0,False
primary,969,bitcoin/bitcoin,2021-02-03 04:38:01,feature,feature,861c4b037f7caff1babfd4575b6708b72754bd21d58291ff1d3a1a7a829aeb74,False
primary,970,bitcoin/bitcoin,2021-02-01 18:39:46,feature,question,20dc27c5c16c96ef8ea7145f6b64165af4195219aa58e7714ac1616f2e4dc7e1,False
primary,971,bitcoin/bitcoin,2021-01-22 22:09:12,feature,feature,d0e54028c2b17fd1c8ffe71a6fffef4ba7a799f1f73c5d62cc2a93225b170fc2,False
primary,972,bitcoin/bitcoin,2021-01-16 04:13:25,feature,feature,a41604d5577f76979b9f3bb19389630446fc4f7890806509f592691d24ed47f1,False
primary,973,bitcoin/bitcoin,2020-12-29 04:14:52,feature,feature,c66bf2f6aba9d6f5e134fce67fb49198d608c70c4f301aeceb05317610e822b4,False
primary,974,bitcoin/bitcoin,2020-12-17 12:49:55,feature,feature,99a856b22257c0806fbf66343b5cce8145c4f753a4aecab3cabd3ab4bb5a29d1,False
primary,975,bitcoin/bitcoin,2020-12-05 11:12:46,feature,feature,3f50bcd85d0ae935991702f78190095e402851c3941ef590844956ad7aacb2f9,False
primary,976,bitcoin/bitcoin,2020-11-30 14:20:34,feature,feature,6f3c81daf554ce07b4291048a7ed459806dd9a9fee6c0de85eed4149ada8f3c4,False
primary,977,bitcoin/bitcoin,2020-11-26 02:36:53,feature,feature,9d9bc28b4acf309bbeb094b30cbc2f69e3e5a72444918a692ef707f84d0dd26a,False
primary,978,bitcoin/bitcoin,2020-11-20 10:09:29,feature,feature,f15ffbcd621f5df70d30d3104c99411c7e31b563ff60187c993c92ddb1ebb14d,False
primary,979,bitcoin/bitcoin,2020-11-10 19:05:12,feature,bug,3267c4ef0737b2c74b7418a4bb96fc7587f396ddf7a9e2d3bcf3d6891ce76f74,False
primary,980,bitcoin/bitcoin,2020-10-26 14:06:03,feature,feature,a088c78840302ad977af9b6f54fee927986f70b3280ecc5f9cfdd422e59bf87c,False
primary,981,bitcoin/bitcoin,2020-10-23 08:41:04,feature,feature,ffa5215d08285170f48e1d952a749aa6769149023a590a13254b937f0f26e898,False
primary,982,bitcoin/bitcoin,2020-10-17 20:02:57,feature,feature,5a3b97382e19adc07b9f1cb33808ee956d9a968eb7abdec49ff23f58076b74d3,False
primary,983,bitcoin/bitcoin,2020-10-15 12:56:04,feature,feature,59362938722f034ba32be9d4ae047c4a443352ea523a450e6b03cbb4af3a6bfc,False
primary,984,bitcoin/bitcoin,2020-10-14 20:26:19,feature,feature,9e376cc7a17712cb08a491afefc09074764cb9bd6f431e1340577b0c9d84675d,False
primary,985,bitcoin/bitcoin,2020-10-09 11:44:23,feature,feature,7ec28da87712e8e6a5f15431b699235a453f196f73b10e7c8065edab1f076a2e,False
primary,986,bitcoin/bitcoin,2020-10-05 17:30:37,feature,feature,2df1e5971a9b4b67a98839af8db22cf515f20ac9b098f3b7826f6558d253047f,False
primary,987,bitcoin/bitcoin,2020-09-25 20:49:44,feature,feature,3cc3143c9ca126a12edcaadf45247d79f23ebf0304bf24fb75c3e6745e66fba3,False
primary,988,bitcoin/bitcoin,2020-09-22 12:09:08,feature,bug,31022707a1a4febc4372572517005dc6ef9a294fb97d4124d45fcf8d700e43b2,False
primary,989,bitcoin/bitcoin,2020-09-10 10:15:17,feature,feature,46543cc6434fb23014a95bba90da6e64ddf10a87a415a156d7f7d1ae982a8f74,False
primary,990,bitcoin/bitcoin,2020-09-09 09:26:16,feature,feature,6945c6e5e0f5a0a670cd0b498c965f705f158c80d0a95c5f282cb98687ee327c,False
primary,991,bitcoin/bitcoin,2020-09-04 19:58:04,feature,feature,daf33ea152f233de5ee090a62c9f4c762d8c215de3a95c6826f525c2e5a70662,False
primary,992,bitcoin/bitcoin,2020-08-27 15:11:25,feature,feature,a106bbb851a8c6a45645c9434f3462a8dd0ace1ba9484b257276ff25fa135b68,False
primary,993,bitcoin/bitcoin,2020-08-26 01:38:38,feature,feature,bd75241331324d47c662ce3e3a63e8a7a7d7e1c508abafbdc9ce15e889d8bfc3,False
primary,994,bitcoin/bitcoin,2020-08-17 14:21:43,feature,feature,1492f3bf8cea247169cb1bd03d88fefb5e8f0aa130b149e4a825caefb94a61aa,False
primary,995,bitcoin/bitcoin,2020-08-06 22:26:26,feature,feature,17e9134845f16f4d1cd8a4b50f4f79792691a497e4d62e5ee669d254bdef65eb,False
primary,996,bitcoin/bitcoin,2020-08-04 18:11:32,feature,feature,bf606b0671b706462b11b79eaf0ca710df44e1cae8d9167f69d67ea0aff21279,False
primary,997,bitcoin/bitcoin,2020-07-27 23:59:30,feature,feature,367ae89fe1879a722ea079058fef6fb0792d66501a4822b538806695d2e138c5,False
primary,998,bitcoin/bitcoin,2020-07-24 13:52:35,feature,feature,135720d9bb4964d52095335dd7a85958aed043481aea03a70eaaf8e57130f0cf,False
primary,999,bitcoin/bitcoin,2020-07-17 15:17:15,feature,feature,0f909793a38d6c7dc063f4cfc5a05ffed069a8aeeaad8e8a0179a96420c9c031,False
primary,1000,bitcoin/bitcoin,2023-09-08 22:43:23,question,question,34a150ca35e9255e47097761a955730db1930a14cc92df4e8b0443a8c0785fd8,False
primary,1001,bitcoin/bitcoin,2023-08-28 09:07:53,question,question,66cc27f7e4af057bba29b519547c667f9c39009db8cbf764aac54122da927ada,False
primary,1002,bitcoin/bitcoin,2023-08-14 05:06:04,question,question,c0fb64fbafcfdc27033a0656d520b3af4cba1fe735ce19186eaf3c2e4c5cd74c,False
primary,1003,bitcoin/bitcoin,2023-08-07 10:51:47,question,question,ce68abe8351914fed75a91fe8f7d685c968990026fae20fa7df82bf77ce5110c,False
primary,1004,bitcoin/bitcoin,2023-08-03 08:57:28,question,question,f817027b5838e97ea2a271b9ecc5c24e1d159fd0ef4dd4e590acef0e75c0dbe0,False
primary,1005,bitcoin/bitcoin,2023-06-27 06:46:50,question,question,4c0aaf0644cd655947d43a7f377d66655d1566c7294a801a4ed4a53f62445e2f,False
primary,1006,bitcoin/bitcoin,2023-06-07 11:43:15,question,feature,84ce719f183a8d238cd59609c3146ffb718606d2fb09a44d9d4075586a62ccd4,False
primary,1007,bitcoin/bitcoin,2023-05-31 11:03:32,question,feature,03c65a4b382d50a7f7ed02814d057154162cbb38ea326839e540eb8a952034e0,False
primary,1008,bitcoin/bitcoin,2023-05-20 11:38:09,question,feature,5d829400e8e4ee683ebc52abbeabb24798b8030764a7eb2544477ab60f40c4b9,False
primary,1009,bitcoin/bitcoin,2023-05-16 21:33:42,question,question,c333dddee24c6731f81465f7c75aa59e279ed32d462fe49a08643311bf74f317,False
primary,1010,bitcoin/bitcoin,2023-05-02 09:29:59,question,question,f834230a0600e8de9480acb9bf2da70df59642bc14abe4860e69ed95d2e28938,False
primary,1011,bitcoin/bitcoin,2023-04-04 00:50:19,question,feature,81f8ed83348d09dbbefbdabf077dc01be8f1d612e07b39304389da24fbf6e3b6,False
primary,1012,bitcoin/bitcoin,2023-03-28 14:06:07,question,bug,cd7945ed10c511b3f6aad1fe99a62cc88953b2400e629277fcccee692aff3b89,False
primary,1013,bitcoin/bitcoin,2023-02-24 15:35:28,question,question,d9836928b87ddaa184be06712628cd6015358e67c3b3b64fa3c035c4d3161b7c,False
primary,1014,bitcoin/bitcoin,2023-02-23 16:05:53,question,question,12be7d14cf131debd4064524f942071e0cfd4f466d30d2526da0b8a13a9ade1d,False
primary,1015,bitcoin/bitcoin,2023-02-16 16:41:59,question,bug,c7fddc28c3ab97e7b076df47d92ebc555d301d5b67b8f1fdb235fc1e2eec41a8,False
primary,1016,bitcoin/bitcoin,2023-02-02 08:17:41,question,question,9a6b8dd549f0176517fa834fed460fa6044669e83032166bdf454116634511ad,False
primary,1017,bitcoin/bitcoin,2023-01-30 01:46:19,question,question,adb4a150abeee3f1fcdd15e6f75383c6012ef83404201858f4404eac1161ea0f,False
primary,1018,bitcoin/bitcoin,2022-12-28 01:29:02,question,question,19d3f5d823aaf636a43095daf3bec93deaf822d37e675954b3d0249f768e8d32,False
primary,1019,bitcoin/bitcoin,2022-11-24 15:37:40,question,question,d373d5581df5d0286057e4100e31ed4eb621ca1786abff9460324d2faf68cdf8,False
primary,1020,bitcoin/bitcoin,2022-11-02 08:13:57,question,question,2af729e6dac4130142e64e2101161aa2768a17a551a33f7f334fab94f22008ba,False
primary,1021,bitcoin/bitcoin,2022-11-01 11:49:08,question,question,1153f9cb188da7fd6d7edb491ceb96ef3b68801ad4334b4736b3e302e7933a1f,False
primary,1022,bitcoin/bitcoin,2022-10-28 01:33:39,question,question,495f66987c5eb3e575326758276d63a4b573ab7aede158d2c74ef010acbaad53,False
primary,1023,bitcoin/bitcoin,2022-10-15 17:30:22,question,question,fe333d83f2b4baf25e692460f6909e782fb91966d46690d28617e74a8480406e,False
primary,1024,bitcoin/bitcoin,2022-10-09 13:55:12,question,question,8c102fbad1ce790d4364fdf9a5781789a6c653056eb74e263574360d15d45ec8,False
primary,1025,bitcoin/bitcoin,2022-10-03 20:37:08,question,question,e553a0384250e29e733c2233ad8e3d38036e5e1bdc94054aed3f4d6b7bfd1845,False
primary,1026,bitcoin/bitcoin,2022-09-28 15:15:38,question,question,a0dafb5a1dce7dcf6c149b88d70d6a5220ee4801b3c501657f65abda57a4a297,False
primary,1027,bitcoin/bitcoin,2022-09-06 11:55:46,question,question,def644a54279de82a936ae2c390f7ffeae9db3a8a9431dc3b9c909ef396eb7e5,False
primary,1028,bitcoin/bitcoin,2022-09-03 03:57:31,question,question,8e884f14dbfcd0d496e75f2257e3eb6526792d2a3642a736be61d4ff19d47f6a,False
primary,1029,bitcoin/bitcoin,2022-08-22 15:28:19,question,bug,259ab5bb9c8e99bd904b45685bac5e6a9e87c8cb80dd4e68fea91ab9b47420cb,False
primary,1030,bitcoin/bitcoin,2022-08-20 04:20:18,question,question,f7ac7e5bde0d8942636619ba1e2252a1ab534f3277ba73609e2c5a231c7bf1b1,False
primary,1031,bitcoin/bitcoin,2022-08-09 07:40:18,question,question,28712daedb1864b7d58ab86875cdc50e4f9ab049f53e100609418dddf1d0c165,False
primary,1032,bitcoin/bitcoin,2022-08-07 13:41:15,question,bug,c29b627cfe2581cc5269146a627059d1dfe5966166b1f7f11c2aeb14fa761ac8,False
primary,1033,bitcoin/bitcoin,2022-07-18 20:16:44,question,question,25a12e7ecd46bff480069bdc2f3bbac7f99ff73d73d56413ccd46209e61c1927,False
primary,1034,bitcoin/bitcoin,2022-06-17 09:26:10,question,feature,9e2c8d27f0d2c29cd2f10fc2c20200847fc63313cdb04c59638bf64150d42a04,False
primary,1035,bitcoin/bitcoin,2022-06-06 08:35:05,question,question,303ca760163bda74423d8fcf91263896ca26c43b9952f75d3a0545e7da8812e1,False
primary,1036,bitcoin/bitcoin,2022-05-25 08:27:42,question,question,448ecc8e58c2ea899857f6e5e307c453663fa858ff4f843aafd9292d9454d5d1,False
primary,1037,bitcoin/bitcoin,2022-05-11 05:10:25,question,feature,dd62c77863b684519945b9ded497f0d658ab219c7c9162d82f95a9f35b3b07e9,False
primary,1038,bitcoin/bitcoin,2022-04-28 17:45:28,question,question,76cc1b59d303b79228884c16dce46e1d77cacb10539b54df638e6eaa567a75f3,False
primary,1039,bitcoin/bitcoin,2022-04-22 08:03:10,question,bug,b4e1a11144ab0555f45f9c09ac09731023c930559d35055be97d07dc7a037b71,False
primary,1040,bitcoin/bitcoin,2022-04-04 20:42:37,question,question,17cb311f2a3e436cfbefe7ddec5cd41046a7fc216deb9e24151e798b6d8b3b6e,False
primary,1041,bitcoin/bitcoin,2022-03-20 06:55:38,question,question,78c96cf6d9b1d87f2a3de0e2a4f8b0e65c72141e72dc1f1075ab4b48fe02b4f2,False
primary,1042,bitcoin/bitcoin,2022-01-21 07:53:41,question,feature,1e558ed170146e11160351077cc5b26a34f46c5e4658062ef83f83df77d928b5,False
primary,1043,bitcoin/bitcoin,2022-01-09 08:41:15,question,question,43edf0a69fca304948b492aced7cb1338806b775ec30cf935eda57b0395860e2,False
primary,1044,bitcoin/bitcoin,2022-01-01 12:15:51,question,bug,739f2ac42d8cb2722865d3c9bb3b2a318443ae33bec9df55433e5b48b42ced4e,False
primary,1045,bitcoin/bitcoin,2021-12-15 13:14:56,question,feature,f98c63a67c59e07f5e8e0fa7cba4c8448e7b316af5d3e2a908bf0183408f057c,False
primary,1046,bitcoin/bitcoin,2021-11-24 15:53:25,question,question,e5eed710d17cff91ebf3056e60ffd8eaf59b1b98a28070772096d01702a07368,False
primary,1047,bitcoin/bitcoin,2021-10-20 02:03:03,question,question,0ab327334892e5f58067fdac0434aa7a7dd687b33cf6ee6bc246b45828d0f45c,False
primary,1048,bitcoin/bitcoin,2021-10-14 08:42:06,question,question,a3f1a7a845753bcb14a3de674e7d4b9118dc502209bf2a5d538bbef4a2c2f97b,False
primary,1049,bitcoin/bitcoin,2021-08-27 07:32:01,question,question,a3cfd481efa50d7cde6b54a582cd90c95c58cb964b72aa4ec71d8e01ac473c51,False
primary,1050,bitcoin/bitcoin,2021-08-19 09:03:18,question,question,5dc840c79c7b1fc796c03d8e80f7a50b145e5de816d805dd2605ad8841c5d81f,False
primary,1051,bitcoin/bitcoin,2021-08-09 09:16:04,question,feature,529d8cfa19af582a9131f84959554ba41443ecddc9b187fe189eb62d116036ad,False
primary,1052,bitcoin/bitcoin,2021-07-17 04:36:23,question,question,f0f30a4499b2654c208aea949946a20ad32199f4c63983506c364c8e87c26c14,False
primary,1053,bitcoin/bitcoin,2021-07-10 18:32:38,question,feature,0e18b04441bab7682ce2ce9226de461cee1e0c86f7e11f91d170bf507f4e5dee,False
primary,1054,bitcoin/bitcoin,2021-06-30 11:58:04,question,feature,a02876b73069d52bfd4bee3a9ad612978947eed77c6dee571231f613083bda43,False
primary,1055,bitcoin/bitcoin,2021-06-23 12:20:35,question,question,3ebf943f1fe236b5a135cc52a8ad9649dca33d423b861e1062c0a3a1c714dc15,False
primary,1056,bitcoin/bitcoin,2021-06-16 13:26:11,question,feature,5abb20084a36fba1926de123a7e1d5ec4b8e4cb8c50e3f090ff49c7268028265,False
primary,1057,bitcoin/bitcoin,2021-05-13 06:34:07,question,question,4a000443fa469b06fc392ec5c48a8a67058dd0492cc15ff9f7b7de00d70bc468,False
primary,1058,bitcoin/bitcoin,2021-04-18 17:16:42,question,question,c1a7043dd82fd2b32d79edea2e1a311edf34bfac1bf5c506b81a3149d1d66076,False
primary,1059,bitcoin/bitcoin,2021-04-01 22:02:04,question,question,7f2f3f125dcaa298a9e1a978a7d7e0d3c94c775e736bfe30a95195f5839c2c7a,False
primary,1060,bitcoin/bitcoin,2021-02-24 09:34:51,question,question,5eda729db7e26e67db96f8f9cf9fdc643d904c377dcb2a0274fffad9ba530950,False
primary,1061,bitcoin/bitcoin,2021-02-07 09:06:54,question,bug,a5306e897cce9df66861f40c2521be0a38f12fde51c3a87ef28e7845d6431ac7,False
primary,1062,bitcoin/bitcoin,2021-01-15 03:19:41,question,feature,af73cd684eb801303ec51014abfb0712fc28e14133eb53da583f251a38b66149,False
primary,1063,bitcoin/bitcoin,2020-12-14 03:52:08,question,feature,a1757036e6bb3d31f2082fe7afb2bba8b756aef025e3e450840d6d73f21bf7ce,False
primary,1064,bitcoin/bitcoin,2020-12-08 17:57:40,question,bug,b5153c5479742dc4ea9bcff64b059734ed6a00779d2504d375be6c5fbf136429,False
primary,1065,bitcoin/bitcoin,2020-11-25 10:12:34,question,feature,256761ea904a8acf3afdc4ff90ae37e946a1257dbd174de4786ca47eaa236aae,False
primary,1066,bitcoin/bitcoin,2020-11-06 08:40:40,question,question,9d20b1618eb99e5d471ae4baa12f5c1e55639a5f859170fce7d7b831d51b4109,False
primary,1067,bitcoin/bitcoin,2020-10-28 18:03:25,question,question,2795f29fcbe25d3f260ad7aca8d1e24e5fba99595e941a5776bf040eb081ada0,False
primary,1068,bitcoin/bitcoin,2020-10-02 20:59:04,question,question,c9feb82e0a777d2a2969b1e788126e3a7f20054ab5c01378259b1172b5c925b0,False
primary,1069,bitcoin/bitcoin,2020-09-06 11:47:30,question,question,b63a766a50afb529f6a0c69343a17bdec0f4de18ca4ea3fd9b053a3417339d01,False
primary,1070,bitcoin/bitcoin,2020-07-04 17:00:49,question,question,328620d20f8c873a82f8738ab749324e9cc7527c93cb3a98473ea822c4a38a8f,False
primary,1071,bitcoin/bitcoin,2020-05-05 11:57:21,question,question,707debe3866db73e7b4d6e5056db2991fff97f7635310bd8cf9fbc55d6468e64,False
primary,1072,bitcoin/bitcoin,2020-03-15 18:25:43,question,question,3b2549fd1d8df47f6b610d7668176f482972cd12b2bbfd085fce9697707d9372,False
primary,1073,bitcoin/bitcoin,2020-01-12 13:40:28,question,feature,63fefe3606f0a4a32490fe17d3398d20d06eca04f7dff14cd69c89f08146fd53,False
primary,1074,bitcoin/bitcoin,2019-12-19 17:44:37,question,feature,2bf5fb3d0005478e4db47b366bb213e6b010560569d697c28d3ad29f0755a783,False
primary,1075,bitcoin/bitcoin,2019-12-03 23:06:40,question,question,c6c5c024bbe90d88c52e7f0913804b97eb881db4a1bffc6b6cc76a16c538006d,False
primary,1076,bitcoin/bitcoin,2019-11-26 19:22:05,question,question,1bebab9e57657957de9682486c7c256c724d1dd6d5a5b1c537ea7f7e0417ab0f,False
primary,1077,bitcoin/bitcoin,2019-11-06 18:32:16,question,bug,123c9a015a8eb371f4112e7c73f1267a6bc51ea6cc5ca04004d1f1df764fbc7c,False
primary,1078,bitcoin/bitcoin,2019-10-30 16:28:08,question,question,e61a6faa3fd93cab2711ace226ea5135c0252b5213e8a3e58088d22ed8e294c3,False
primary,1079,bitcoin/bitcoin,2019-10-25 10:08:11,question,question,68a3a67f6ec40ce5d72548a415f0c756e77393028e5bde4e8e95867cd7329cfa,False
primary,1080,bitcoin/bitcoin,2019-10-24 02:33:24,question,feature,eb827e0809cb70d9baede17a7bd5fb3d3950b5e15243e327657da0bcfc5a0bc1,False
primary,1081,bitcoin/bitcoin,2019-10-10 20:38:31,question,feature,5477bafd0e7d05abf9fecf2fe7b2c2a6abbfd75d6240e2c52415fb96f7b94857,False
primary,1082,bitcoin/bitcoin,2019-09-15 21:27:16,question,question,77fcce65eb77bdc8b8563d432aa90754be4456cb1fd9bc2134f558e374fd0f4e,False
primary,1083,bitcoin/bitcoin,2019-08-01 08:46:05,question,feature,048aae9568f23780cb5868acc239cee37faae723cfdf3996f6b21eabc0f591e3,False
primary,1084,bitcoin/bitcoin,2019-07-24 03:05:54,question,question,365fa50cd98cd587c8fb6a668fd86bec0498422acc4506a978470124154d10d6,False
primary,1085,bitcoin/bitcoin,2019-07-04 00:37:41,question,question,0c6a2cbbd90db292ffc1380828781a2bb7bf9129ebf7fd9d7e0fd96615ed157f,False
primary,1086,bitcoin/bitcoin,2019-06-24 09:29:45,question,feature,d117a14c01ebdac82d9854094256496097d92f12ea84cd650ccaf0e099851940,False
primary,1087,bitcoin/bitcoin,2019-06-14 02:04:39,question,question,d0c4214b88fce39f584766f8687587a86a1980e2ec1274b0c5c435dabef0d2f9,False
primary,1088,bitcoin/bitcoin,2019-06-09 23:22:46,question,question,caf8e4700c55ff4823969ebfaa9608db7ae837ce26753d2cc111ccaa616d7ac3,False
primary,1089,bitcoin/bitcoin,2019-05-16 07:21:38,question,question,6bc69afdeaf827f7bfeb71b39c0294214cf38ba181cee3fd7c8a189c58fb4ea3,False
primary,1090,bitcoin/bitcoin,2019-04-12 16:02:56,question,feature,f7eadc53baa54fea98e3407f8c29f6d7bdcede57f269ef608a22a68416d3c498,False
primary,1091,bitcoin/bitcoin,2019-04-03 21:51:32,question,feature,738a07bb117cf74d55f15c56f88f7aa82dbb53f2cf1aee670395ff24bdf556b4,False
primary,1092,bitcoin/bitcoin,2019-03-04 07:15:34,question,bug,3a28363ce4c50af10a367f6fdf1858297883d1b58f162f6b10c1dff3ac130ba1,False
primary,1093,bitcoin/bitcoin,2019-02-28 05:16:43,question,question,4b022f61cba3702fd884f6631a8dd497f2d69f65bdcc28fe71193641754dd7be,False
primary,1094,bitcoin/bitcoin,2019-02-07 04:44:48,question,question,77a14d6440466d6fcf6ecfec8857f840c54fe85a4abbb4570320dc697c45bc3d,False
primary,1095,bitcoin/bitcoin,2019-01-16 20:11:04,question,bug,6a60ef68147d661a16830f4d7e5f836fb4f6b6fa12ffffaf3da1ab727ca63f65,False
primary,1096,bitcoin/bitcoin,2018-12-26 08:14:18,question,bug,78119d6cc94706d5a0a8d343681a823e3a4a1072e6e4a1160f5c26561ec0a63d,False
primary,1097,bitcoin/bitcoin,2018-11-09 03:57:30,question,question,f41c98927539992c1bdb4c712e2ea1a5ea8fb403b7cd96f24dfd220dad5338f3,False
primary,1098,bitcoin/bitcoin,2018-11-04 10:16:04,question,bug,6c01e2e1221a3f59c01ecc4405fd4b46cf5c9094f0f6e02456f00b75a8dc2b7f,False
primary,1099,bitcoin/bitcoin,2018-10-30 12:11:46,question,question,c79c7802d163678e23051fea02fb6763bd9c712595e34ab92cd996a9f8141e1b,False
primary,1100,bitcoin/bitcoin,2023-08-17 20:25:26,bug,feature,d8cd5e7b31779a24543ef8a0a9e5cc9d1d5fae7e4888e3c68292c4b432ed62f1,False
primary,1101,bitcoin/bitcoin,2023-06-20 01:37:29,bug,question,15419242e7e652d790ea92f7475d77e99a1e13d9a4e2eb66440c4ba36d9f43f8,False
primary,1102,bitcoin/bitcoin,2023-06-10 05:18:46,bug,bug,537f84ac22c01509c28cc33050e6479c12a92543a299bc46ef3261f407e10cbc,False
primary,1103,bitcoin/bitcoin,2023-05-23 05:10:37,bug,question,7e41cf24d229a1656be3dc232059d13a7c7bc9b6af27ad36f83c0b661cb51933,False
primary,1104,bitcoin/bitcoin,2023-04-19 13:16:07,bug,question,d9858d7f05dd809cc953d13c06e008529aa124d8d4abafaa07c2838395f5a95d,False
primary,1105,bitcoin/bitcoin,2023-03-08 21:03:00,bug,bug,337afcf63fe9e8daa1faddf5645183790f668c4a13dbb6ae448280c46202dd14,False
primary,1106,bitcoin/bitcoin,2023-03-04 16:37:46,bug,bug,c420217d7f122d7c1332edc5c085ffd5919e53c1aa032166c5537f980a53a191,False
primary,1107,bitcoin/bitcoin,2023-02-23 13:00:40,bug,bug,5117b4b460ef84453bb795aaa28d01b3c8d0e08a78b206ef81d7055f94ec7781,False
primary,1108,bitcoin/bitcoin,2023-02-20 16:32:21,bug,bug,c948bfa00ee6aceeeb302ac3653161916a1555ee5298580df12e65f29dd2c61e,False
primary,1109,bitcoin/bitcoin,2023-02-17 16:08:59,bug,question,cc4c24e46bc860d1ef0caf262df43a961e4b730850ebe44ef66e79fd69e769a3,False
primary,1110,bitcoin/bitcoin,2023-02-11 16:26:17,bug,question,f8a62071cbe2325d02f7f2c62f60fd9cc386f976e264c1cda94486a766c89286,False
primary,1111,bitcoin/bitcoin,2023-02-10 16:18:01,bug,bug,3836bd7cd44cecd36ebfc6373bd95d85db00dd203ebf55ed2a50ba28110da496,False
primary,1112,bitcoin/bitcoin,2023-02-09 09:59:45,bug,bug,4de10703cf437a201955a7e4e99588858acecacc5ffe581881c83a22e58d3211,False
primary,1113,bitcoin/bitcoin,2023-02-03 09:40:17,bug,bug,fa8e2de7ef1b6cfc13f2e9bc36948320ac8af375d94851e85529f93afd88441c,False
primary,1114,bitcoin/bitcoin,2023-02-01 16:27:05,bug,bug,1a72d8de36d7d7a3d07fdad1f23812ca0633e6f112db4eef9c404b1b3f69717d,False
primary,1115,bitcoin/bitcoin,2023-01-27 19:07:28,bug,question,6f11ef722f8fb030fd0ab43e15d1c9ee5ef618e8cd9174872bcfb7fe43a9ec10,False
primary,1116,bitcoin/bitcoin,2023-01-24 20:55:25,bug,bug,695dfc9ec96b3f2018feffd1b4d48ed23b70e90a9cdaf057cc923bca2ab59840,False
primary,1117,bitcoin/bitcoin,2023-01-12 03:44:54,bug,question,2b0b82c5389ead3620ba3d4756c549c8c281e36947951b074785fedf511a1ac1,False
primary,1118,bitcoin/bitcoin,2023-01-09 18:01:32,bug,bug,768df2d019ee76fef82f63e9e3686e6735afc3e872f47da2ee68ee92797038bd,False
primary,1119,bitcoin/bitcoin,2023-01-05 17:40:53,bug,bug,b18ef9ae4537e77d0fdc7b6e2d45a913d6f712ca081149e1a614d395dddf4c8b,False
primary,1120,bitcoin/bitcoin,2023-01-04 11:35:40,bug,bug,5d1a6f2e5c960ff3c3a9c2bd1a7c4e107deebf62a375a9038a8f80e7be52a807,False
primary,1121,bitcoin/bitcoin,2023-01-02 16:40:48,bug,bug,ddc396995ef20328c0bb2a8e6d230e1a23eb706403d5f81246fd30c583d06812,False
primary,1122,bitcoin/bitcoin,2022-12-26 18:16:48,bug,feature,488bdf4d700c5c0d41337cc3e9a4e38de9061bb63b94784cc999d02af91154b3,False
primary,1123,bitcoin/bitcoin,2022-12-17 22:37:23,bug,bug,7ce9f86b31b2ceee57cfea6173b265d85140c75fc868304cfe658484ddd2181d,False
primary,1124,bitcoin/bitcoin,2022-12-15 08:48:37,bug,bug,40e0ae282cd7d75245ad1ac5067fa61c98f09ded24b5df45408353a213efd32d,False
primary,1125,bitcoin/bitcoin,2022-12-12 15:33:38,bug,feature,466e124c79a1e36251d66574dee551d803c5770e17378d9e79f55bdc44c6384c,False
primary,1126,bitcoin/bitcoin,2022-12-08 00:14:23,bug,question,d8966a1b19d64e43e0976fda50229f83b4de2540fe82e533c3b359cd7092fe28,False
primary,1127,bitcoin/bitcoin,2022-11-30 22:23:47,bug,bug,a76863af0180f2081ad5026e3d1422927cbc125d7eb8f1413bcd337fa3e72033,False
primary,1128,bitcoin/bitcoin,2022-11-28 00:37:08,bug,feature,6e23f99c8f23b07ecea473eca6d8dfb9963f5bda99a1c600345b63e317ae14a3,False
primary,1129,bitcoin/bitcoin,2022-11-26 01:32:40,bug,question,21f1cb59a79d2a24963774943d774cab1034f790fc60d70d86f6e887705e59af,False
primary,1130,bitcoin/bitcoin,2022-11-19 22:46:47,bug,question,4d53b0b40a642da0bfd9a6b7e984c748018e6b6ba9dce2a3fdceedcc65e2f6c9,False
primary,1131,bitcoin/bitcoin,2022-11-13 16:16:35,bug,feature,cfc4991e404b52221742df94fa1fdb406964c071756e43f40c968dc5a37e1dec,False
primary,1132,bitcoin/bitcoin,2022-11-10 13:16:46,bug,question,58359ef5de7c156110f1bc6021e36122710e9c97f8e82fd3bd8a814eee2623dc,False
primary,1133,bitcoin/bitcoin,2022-11-06 15:37:17,bug,question,bdc9367f00553689203a423aeeacdb1e10de7cd3ec4043f925b73c1e6f4b76cc,False
primary,1134,bitcoin/bitcoin,2022-10-31 14:22:58,bug,feature,e8416e5e900f902dbdb701f41495cd8116929a041e39ead1ec51a9ecc16119de,False
primary,1135,bitcoin/bitcoin,2022-10-28 10:31:51,bug,bug,6fbd118684d1e241aa9fc9d1f9db72bc29e5b4e2bd10f7a972bb76f1a9a7fccb,False
primary,1136,bitcoin/bitcoin,2022-10-27 12:40:32,bug,question,e5997f82508fcbed9f461e778e42f378a3513dcf432b59ba251f472453fb06bd,False
primary,1137,bitcoin/bitcoin,2022-10-22 19:29:54,bug,bug,0e8cf01c7421fe08f395fc46a8933d03492f51d5be4d8102ae3662bb7e713932,False
primary,1138,bitcoin/bitcoin,2022-10-19 17:29:32,bug,bug,a9e2091b40a9eef13bfcc333bbdac6f8f215e45141eb76169bfe26ab2d8707e9,False
primary,1139,bitcoin/bitcoin,2022-10-19 15:49:06,bug,question,b5c6ad527ed24d3c50ee873f79a2bba76ce52dd23ac0e02467bab9289d4fc71f,False
primary,1140,bitcoin/bitcoin,2022-10-17 09:40:37,bug,question,4ccdcda0a5000b196df259f176a1efd7406fc67d9f0d77a9104b31372ab7fbb9,False
primary,1141,bitcoin/bitcoin,2022-10-14 18:33:15,bug,bug,111d315c9b0cb73a6f1bdead921c7553a93d0610f4b2dec224199b0fdff21698,False
primary,1142,bitcoin/bitcoin,2022-10-13 14:11:46,bug,question,4fcec42aaf3f5f49e2e6133c08e8abd04ffce9627ba6998a451ec0889e9da269,False
primary,1143,bitcoin/bitcoin,2022-10-05 18:43:26,bug,bug,603c198386fea7c170d7ec8c1e347266047b816e37a053af0fb3ff45a75c50c1,False
primary,1144,bitcoin/bitcoin,2022-10-02 22:35:21,bug,question,a859335b35650f3a894b17d183b71dca733d5dcd9cc4152f12c318beff7ffff0,False
primary,1145,bitcoin/bitcoin,2022-09-24 15:30:08,bug,question,ca830a7911fd82b2840a08ed5b412e7ac8b8349206bbb2a3932b260226be10ac,False
primary,1146,bitcoin/bitcoin,2022-09-21 10:20:13,bug,bug,bb9cc9b0be780c43178ea975b4e210361ef665f45583652b291b9c898334b30e,False
primary,1147,bitcoin/bitcoin,2022-09-15 08:41:19,bug,bug,94c971ff6e9276c8baf8c35857a5d12b105de2e8828582be9d04c269b0697921,False
primary,1148,bitcoin/bitcoin,2022-09-12 11:28:13,bug,bug,6861e27817b51e7cda518712b6d7a0eb121a462ebbc356da8157aeea5492e70a,False
primary,1149,bitcoin/bitcoin,2022-09-09 15:10:14,bug,bug,fc68d2a3e58ce0cadf62be6d3d76408b82b47af1d55de96e68b74303ce5720cb,False
primary,1150,bitcoin/bitcoin,2022-09-07 07:53:53,bug,bug,5256cba46d1e0aabb7ef6bab74bbba6d9c80d88073a09673df65598e4b7b2ffb,False
primary,1151,bitcoin/bitcoin,2022-09-05 09:11:57,bug,bug,72bb16745fda752b2f39aed5d828373cdf36ee8967d6d3619d3592577eacd1ae,False
primary,1152,bitcoin/bitcoin,2022-09-02 08:01:00,bug,question,1fbbc8ab88de6ae09126ca2d85f640c2b664b3c9d34afd9b83ea85d7d03bb88b,False
primary,1153,bitcoin/bitcoin,2022-08-29 19:40:57,bug,question,56f08a53147b99a82aac8a0c9e8c514a6c6be43ae8fff78a951ac753b2401c6c,False
primary,1154,bitcoin/bitcoin,2022-08-25 00:08:08,bug,question,12f0f76789c82949be634eaecd2b5b1c9a2d40adad853b1c2b97c16d04ba42b2,False
primary,1155,bitcoin/bitcoin,2022-08-21 02:16:12,bug,question,b3cfdb6aee850e1e84a6ee5176ff352322bea7183128fbfc6fc07606e21e6933,False
primary,1156,bitcoin/bitcoin,2022-08-13 02:48:34,bug,question,3d878ce5ad1cc573b1fd0c64fbcc459bfd7eeec34b77ff23ff6eb5708325c516,False
primary,1157,bitcoin/bitcoin,2022-08-10 21:48:51,bug,bug,7fe3c493873c773cacae9193e7f4f184abfa2108e4f5256aea9c3d16e35b44db,False
primary,1158,bitcoin/bitcoin,2022-07-30 14:56:44,bug,bug,15d5bea35263445bdf8f55eb02e41f6b037a56f0e8d34de772bb4157c8c36b90,False
primary,1159,bitcoin/bitcoin,2022-07-29 15:18:04,bug,bug,a718abf98ad132ab60fd4680c6959589b1b4a0456654382e7db89efe6a723393,False
primary,1160,bitcoin/bitcoin,2022-07-27 21:30:51,bug,feature,9307e5131362b3e2f75fa1f425e2edd0a9323c584a33066c22c20b852a41fefc,False
primary,1161,bitcoin/bitcoin,2022-07-20 16:58:45,bug,bug,a15ffe5f1f7865e89bf72104aa8bccc3c3e404f7ddec33f11cb39c63ac458d19,False
primary,1162,bitcoin/bitcoin,2022-07-18 13:44:26,bug,bug,f1f921f70a50b51ea4f7063c73bea39d8894485d838a22657d19fc6328e2f1ff,False
primary,1163,bitcoin/bitcoin,2022-07-06 16:20:08,bug,question,21db2b5fad9e8a4eba957ab218ad26d75de4b1ede2471d9a74d78954864f204c,False
primary,1164,bitcoin/bitcoin,2022-07-03 07:23:10,bug,question,22f401b6791e7a960a652986ee6525405412835de92d0cca041ecbdf3881201e,False
primary,1165,bitcoin/bitcoin,2022-06-29 15:29:50,bug,question,00259d564794aa9f467f4cb2415954bc5b224a139c7b3046dc7e9e666141d5db,False
primary,1166,bitcoin/bitcoin,2022-06-22 19:55:23,bug,question,e89fda86238322b119516477c568de0ce94f1b4a26bb0c1bc588a8aa0b9cb532,False
primary,1167,bitcoin/bitcoin,2022-06-13 16:18:46,bug,bug,fb3529c702e9553dba4b11c89b0db912a1743ccf341de4c71db9c0c19adb9764,False
primary,1168,bitcoin/bitcoin,2022-05-30 19:20:51,bug,question,2f316c0b3421f36d1c3d75f4d561c396554f3f33dcdaebdcc3ce2de1f38bb5be,False
primary,1169,bitcoin/bitcoin,2022-05-27 13:02:42,bug,bug,6aefbd72fe2085fdb395869a9e33d4b361bb007e541c0d75852183f863955b91,False
primary,1170,bitcoin/bitcoin,2022-05-20 14:48:19,bug,bug,bd17af6a5e333975f7ad8307309675904da42d418e94355ad179791a50bacb96,False
primary,1171,bitcoin/bitcoin,2022-05-13 14:54:25,bug,bug,ad1a18374da52eecf7124356308985a2ca1928b5a5c0b4656342ba82eef92f2b,False
primary,1172,bitcoin/bitcoin,2022-05-10 20:15:19,bug,bug,58964e14439637b1233e6c6531e983f29591c3295f36c6885100a517a3155ab0,False
primary,1173,bitcoin/bitcoin,2022-05-06 14:25:41,bug,bug,3a9de3449ffab2b8dcf0b96f03b04a256e65f0c40be6deee280890d23d9a6e06,False
primary,1174,bitcoin/bitcoin,2022-05-03 23:15:14,bug,bug,3963fd7e3c88817d45c7cb6d17ef52512a691f2e3ea335a3e20b03fe8e7f6224,False
primary,1175,bitcoin/bitcoin,2022-05-01 13:30:27,bug,question,74e026f5dcfec475882175592a2bc4e2d60d139312104d9895ce690df95e5af7,False
primary,1176,bitcoin/bitcoin,2022-04-29 15:30:33,bug,bug,6ba3cb5ccde9a26dab7179bc1acd4c6481908bbba27fc4e36109bb77b45f09f5,False
primary,1177,bitcoin/bitcoin,2022-04-27 15:36:53,bug,bug,262d40c3c620d038a0e3d990fafa7ae6509e28a6f6a8066b75cda40ce1eb588e,False
primary,1178,bitcoin/bitcoin,2022-04-25 18:47:54,bug,question,6f593e323d3e022686453200c3103b49c939ebfb0dbd8dc8cd37e12ef353854c,False
primary,1179,bitcoin/bitcoin,2022-04-22 19:07:10,bug,bug,ba1d36a2f3683e49183a2fd7dfbcc037c00075f7f145adb28cb5bf88e8dca03c,False
primary,1180,bitcoin/bitcoin,2022-04-11 18:59:21,bug,bug,7214e83da4da1cc44e15ab7f7d2ee70b57e5986c60e5eb3681fd0abc6fa36f7f,False
primary,1181,bitcoin/bitcoin,2022-04-08 18:34:41,bug,bug,87ad7a4b76e8d661e1ae71cf83c6d20414235f172846642f51db0172a7d9d901,False
primary,1182,bitcoin/bitcoin,2022-04-03 02:08:25,bug,bug,055f4d9cc7ba8408f74e16d7cf1d28eb5f8fbc74151fdc85ed3bfe48bb72b062,False
primary,1183,bitcoin/bitcoin,2022-03-31 18:18:33,bug,bug,6609d2ed2c7f0cf1a4df00aed228d08e899af35660a77ba8e37b678260fbbd02,False
primary,1184,bitcoin/bitcoin,2022-03-23 06:49:45,bug,question,73d92f1f3e86ba00d74ed654489dfafcd8a98c79fd61e6556b45b4338de6f6be,False
primary,1185,bitcoin/bitcoin,2022-03-18 22:24:42,bug,bug,2ab4baafa42f64d05f50972ebbe5b4e5f98f170700fd77ffb30109f3c01c8e28,False
primary,1186,bitcoin/bitcoin,2022-03-16 18:44:23,bug,bug,f5efcad4502da106abf22289b88648e6bd5475206bac7542cc02d220db2b6720,False
primary,1187,bitcoin/bitcoin,2022-03-11 16:49:15,bug,bug,54189ecd707148b70913cd0baed9878edd60e01af9be18dcb362f8876119f30c,False
primary,1188,bitcoin/bitcoin,2022-03-06 19:53:52,bug,bug,d944bbb6716a3972517f945ad84e01ac512d9951ab25f5233c7b1e1c7f5de95c,False
primary,1189,bitcoin/bitcoin,2022-03-02 04:42:57,bug,bug,5fc8efc674a4a7090937aa23c20c8657ac67e7c502e80323f297de9f52961201,False
primary,1190,bitcoin/bitcoin,2022-02-19 12:46:26,bug,feature,47cd1fb278c5d667d55e307fc5f8d759c376eaa4574ec6b13a75e0484ef075ac,False
primary,1191,bitcoin/bitcoin,2022-02-19 10:26:21,bug,bug,9d8b28daea55b218e4ee08332dcc4bf54326a752125d79f6fe5d16754243962b,False
primary,1192,bitcoin/bitcoin,2022-02-19 09:36:58,bug,bug,423c00a0119ad6d35658e5631100a6f789ba48ecadfe93d7f54e8a30a1b282ad,False
primary,1193,bitcoin/bitcoin,2022-02-17 13:49:19,bug,bug,b06a642427a0ff3a96ca61f7a79928d83f53261bfbd44aead8ac1bb5d9059440,False
primary,1194,bitcoin/bitcoin,2022-02-14 23:18:12,bug,feature,17375b843fe837b13aed6445552651415642996ce7e7c3ec0c468b24894357f1,False
primary,1195,bitcoin/bitcoin,2022-02-13 05:51:29,bug,bug,1638621e13a1c8a897e5be2e31cb381e45876dd096ce4f72a950bfa2fd002a6d,False
primary,1196,bitcoin/bitcoin,2022-02-10 20:45:29,bug,question,e7462ce5bcf2315a01ca51b5a0a557a72faf5852069c23cf4b289a3662de0a91,False
primary,1197,bitcoin/bitcoin,2022-02-04 13:56:29,bug,bug,4448d943d1123f4dd0d5d53afc24456343f86514e5beb9f59fc6abd7fcafb084,False
primary,1198,bitcoin/bitcoin,2022-02-03 21:17:25,bug,question,675de67eee03d0d3cb84b79e5299ea991e68dfe1cea614901445c2341a36e8fd,False
primary,1199,bitcoin/bitcoin,2022-02-02 00:29:37,bug,question,1fc97b18920398891e73a2b9a4f42415368e703a1d974df952c08f7e3f99cda7,False
primary,0,facebook/react,2023-08-02 02:26:00,bug,bug,e203dc5027081f1ef8ad195c15d6d0465b9c4d6e60e5c0594f6bb11ea6444f22,False
primary,1,facebook/react,2023-07-17 22:43:05,bug,bug,b47032a192737b061ffa0b9f373f8cfbbd3ea6694717112d435461e6c39dffab,False
primary,2,facebook/react,2023-07-13 19:01:47,bug,bug,7382cfb028a331b800fdabdbde58f12f51e4ee93a89f311f1c536f602ee7b571,False
primary,3,facebook/react,2023-06-07 17:26:43,bug,bug,bd7dde33a22137bbbaf9a7c1c1a734b7ec67f4b1b988cc74e2a2fa93546d1d36,False
primary,4,facebook/react,2023-05-31 15:17:41,bug,bug,ccf6c68269ce773d5189edc2a9b409ad383badc46d030372ae3555f920385178,False
primary,5,facebook/react,2023-05-16 18:27:09,bug,bug,1ce9d9c3091c53831382e53519c1eb4a1e3d36f85f8c27572e77c20e0f2f58b2,False
primary,6,facebook/react,2023-05-08 16:35:24,bug,bug,8ec08d82b758673c22357f1de146c1843dce9ed917c8a167fc413dc2b4cf79c3,False
primary,7,facebook/react,2023-05-06 23:03:50,bug,bug,ba080ecf5d9b2dbb62e52011249350050f229c38f643b61163de1e24f3cba2b3,False
primary,8,facebook/react,2023-05-02 03:53:41,bug,bug,1c129b22fc8e989d34a2dc891f0f1f400b004b05dfa8a7fb64f644cdd19d7935,False
primary,9,facebook/react,2023-04-24 07:00:55,bug,bug,3a56ac540a3b8b2ba17e5e951d0ab4244740b870f45f1d438a60389d763cd7d8,False
primary,10,facebook/react,2023-04-07 09:03:43,bug,bug,46450c2d89a2687c8ae63dfed2b146974e2fe5c347aa5f3945ad196d8d382fbb,False
primary,11,facebook/react,2023-04-04 12:09:08,bug,bug,74419d121f2c20b7e977c001bea073f9b59d3c201262ee355f1b9b21aa096e75,False
primary,12,facebook/react,2023-03-22 18:12:35,bug,bug,141121f963ed44b1ec889c220cb2d1a2b70381f10e5ef7d726222a383509f1bf,False
primary,13,facebook/react,2023-03-14 19:55:26,bug,bug,d2d981fd513c8c082a0f2196f785684054d822d6f04950b5c6e5c56804393593,False
primary,14,facebook/react,2023-03-03 19:05:34,bug,bug,a3b1039bc3c00422abd255c529b519f31b92a8499447d89d61ea62bc235657ad,False
primary,15,facebook/react,2023-02-23 04:42:56,bug,bug,a63396596021620ac6bf24e1c9dcdf6083edac9ddcc406bdfd1b60c01b942095,False
primary,16,facebook/react,2023-02-10 17:36:03,bug,bug,0705c5ff736d80324615f2c289f87e5e47ad01ce5b7fb1d9f731080c25bf33d4,False
primary,17,facebook/react,2023-02-03 16:17:32,bug,bug,e19ab57db807db03e83e274df5a81e57dab33904d0ef642d0325aa7aa19a2d9e,False
primary,18,facebook/react,2023-01-30 03:38:53,bug,bug,8f190b4adeb758a855099e1cc53bc1c4644263be6829ebc00e24bbdd12c162b4,False
primary,19,facebook/react,2023-01-25 11:39:56,bug,bug,29056885e794215662e55b3c13c0284be75291798cfff27f6ae8a99dc9b97a02,False
primary,20,facebook/react,2023-01-19 23:00:02,bug,bug,a090deb623fa7ac33cf5763ad080a2472fbb54125fb86b586729735cc57ffcf5,False
primary,21,facebook/react,2023-01-05 08:46:14,bug,bug,27fdb76ad46f0411f69cc825ee01e8817d818f52ad9aa2a8ad1afbe3b97b2fd5,False
primary,22,facebook/react,2022-12-13 11:39:55,bug,bug,817870708174e4b2318cb60e1b008aadbae97a957209b85a8197c7d2380b21fa,False
primary,23,facebook/react,2022-12-11 00:02:00,bug,bug,cd8dcf95d02469f8c38c427cf1fac2f85b27a461a7cbef1860b94a60407f5d26,False
primary,24,facebook/react,2022-12-06 11:31:26,bug,bug,b56618093f84e33ceae1b633e8bac185e342c43a5e1bc5c6e270718ecaf7c5b2,False
primary,25,facebook/react,2022-12-05 15:47:21,bug,bug,87e27113ba671fa35f56ce0b10b42c2e23c28af8fbfad86dfdd856e697226c9c,False
primary,26,facebook/react,2022-12-05 10:48:01,bug,bug,55676741e791450f303bd3d9cc4cf82f95f73dfc4dac9eca3aaad632d6fe0c4f,False
primary,27,facebook/react,2022-12-04 16:36:01,bug,bug,1dc9325767d79fb023b01fad4dfcc3955ad903d0e7c659995bb6cf2344cd7658,False
primary,28,facebook/react,2022-12-04 06:45:46,bug,bug,34cbc46b9820eb2d3ab7365e90bce1e91dd2a66c1b7565c0e0cb3fe202ddc71f,False
primary,29,facebook/react,2022-12-02 23:53:37,bug,bug,80b1713ed936379ec54c66da8d907f347145c5ebbb5e312a4d331928ec587be7,False
primary,30,facebook/react,2022-12-02 09:38:22,bug,bug,912b9b8480890e1da10377e26a3523473ef970552968ee99b13b96cd4eef4cda,False
primary,31,facebook/react,2022-12-01 15:31:57,bug,bug,3afc944755c9dcc680cb5dcb77fd3733b37e5f0542f61c805e49a7b6d35ceba2,False
primary,32,facebook/react,2022-12-01 04:52:51,bug,bug,27cb2c33df282d2d28b49522e42026c981f690f82f91fc3077a1415db321c342,False
primary,33,facebook/react,2022-11-11 12:15:45,bug,bug,0b1f6ffd3469452eeee2c58917e7e4cdc2d2d0a9f0009a9f42e5dc56a8e0c7fe,False
primary,34,facebook/react,2022-10-17 08:20:47,bug,bug,bd38919b84cbe8543990cadee162f5c5c57759baaf33ca88479d3403ab68ef2f,False
primary,35,facebook/react,2022-10-06 05:33:48,bug,bug,9e348c255288868de5641e66d4fd36393a8a48f0670ac608cdc675f78c2ae986,False
primary,36,facebook/react,2022-09-09 22:42:43,bug,bug,a1aa7bf29cf7bb95482a5618bbb5ad40d9800443b4d94811704e6a291fb90074,False
primary,37,facebook/react,2022-09-05 03:06:52,bug,bug,bb942edbe7ca3eb0a32fa2865f5ed231cab94160aba1b11079367212c2f9a977,False
primary,38,facebook/react,2022-08-23 10:14:02,bug,question,0e7629be3410cc6147eb23adc5c7fbd1a1ee04735457b146e1e123806a22e697,False
primary,39,facebook/react,2022-08-11 13:08:10,bug,bug,3cc87cf16df88f0a62e9ea0c8acb91b4c621b169ef8a7bf97ca3207ec03f01f3,False
primary,40,facebook/react,2022-07-27 06:25:25,bug,bug,9ff47f227de3402be67e833af1cc53f26bf781f82d707759dbecdcbb96f7f9ff,False
primary,41,facebook/react,2022-07-20 15:32:03,bug,bug,4e708132dc6d0e2e5554df41197b8c039d7139e198da3f1a9a5441f7e8b14542,False
primary,42,facebook/react,2022-07-15 06:54:26,bug,bug,ded5db5cb837fcf700eee275795d7e6c8dec72cea99b218408ac71421dbfb233,False
primary,43,facebook/react,2022-07-07 17:02:35,bug,bug,0aa580382a6aefea34810cf848df0a9e0a2332d4600106cf7d2087a5c21899f2,False
primary,44,facebook/react,2022-07-05 03:46:47,bug,bug,d2204714097588474e923982790316b6dd39c99934688ee5f65bfc74fab63407,False
primary,45,facebook/react,2022-06-29 02:11:00,bug,bug,ff0788b303addc5e2bf430cb7acb0ffb0b41a1918d235ad8efb0c9511350e1e4,False
primary,46,facebook/react,2022-06-08 13:57:18,bug,bug,47b790934d868d6bc95ce4624e7ae5e750c0012cc9be7ccc350eeb90e7cb036e,False
primary,47,facebook/react,2022-06-05 03:26:15,bug,bug,9b5652dc8c6eccf2654a3fccdb0ad0e94fc574f5a02d2dbdd3093a9206d0cb71,False
primary,48,facebook/react,2022-05-26 02:08:32,bug,bug,f09f6ab6254365ec4494757aaa38c459b07fe79f1590bb3008957fc2aada99b4,False
primary,49,facebook/react,2022-05-19 06:17:14,bug,bug,1e5b4e199c2519eff1e6bc8d0712c7aee902e5a34bd011d7d2947d2780b9a530,False
primary,50,facebook/react,2022-05-12 18:21:01,bug,bug,32248e9fecccb51da7a858536b1cdd03de091c6589ab750e8bb1bcd26435045d,False
primary,51,facebook/react,2022-05-12 09:55:13,bug,bug,f7e3890543929b00eba2711ad458a529b2fa63c4f78dadde6b7d2b991e1c5259,False
primary,52,facebook/react,2022-05-11 08:52:21,bug,bug,0056d9ee7bb776088fea362d5e36d4ecfb5f75e78734389a4e582e32fc84dd97,False
primary,53,facebook/react,2022-04-28 14:39:31,bug,question,e983c05b88549b666608c4ac9b01f9571f16db43843ad74bbc6fb717163c7f0e,False
primary,54,facebook/react,2022-04-25 19:40:15,bug,bug,c91435d84b11fe446ec26826f2d44d318179e01b6586f41a611014d25cb2db56,False
primary,55,facebook/react,2022-04-21 14:08:39,bug,bug,548c22cb2bc6d3a5ec308cbf5051bc90d264597642d6556e43c76fd607a9c777,False
primary,56,facebook/react,2022-04-15 16:28:29,bug,bug,60d98c90b16bb0f00e1aa25455f54ef2c06ce3a7fd44fadbcf308cebf1518861,False
primary,57,facebook/react,2022-04-12 15:27:31,bug,bug,636bf7be84d65486521b657dec9c0b4c40cf11b720a82bca9773fd150debe82a,False
primary,58,facebook/react,2022-04-05 14:21:22,bug,question,e56cc48dbac6ed2317520c1853a4a7a545bada1176873a8d9ad9a11b914649d4,False
primary,59,facebook/react,2022-04-04 00:59:24,bug,bug,e4d902d6f3bb00866fa6361e1dd82a2d5c65a08723e206a6c4d508cbf5f625a5,False
primary,60,facebook/react,2022-04-03 15:03:00,bug,bug,35600419bd9a73958a202d24e54a2971eb1e17cb164897576d9d709da0213a77,False
primary,61,facebook/react,2022-03-30 15:10:06,bug,bug,9f3144b5a1e8dee0efda1b102c666912632756855b24c364d264b78585a6f74e,False
primary,62,facebook/react,2022-03-27 21:59:08,bug,bug,efd30119a1ab81eb8271b84bdc70e0a76d16779307439ca56aae29a679f5a0c1,False
primary,63,facebook/react,2022-03-22 06:19:18,bug,bug,9f0ce4e6cd1633e8910742f425ddcc1384d806b1673e0c146232ba009ec7c799,False
primary,64,facebook/react,2022-03-14 17:50:04,bug,bug,0792a125ffdfaf102224f462bbc72cf130c23d0be26d197368dabad61abc2426,False
primary,65,facebook/react,2022-03-04 20:49:02,bug,feature,2594f884b748c6ea284f096e165a0a96744cf61046221c450b07e42e6c0b3b3d,False
primary,66,facebook/react,2022-02-17 11:33:33,bug,bug,d0c13689b74e34d98eb956f244b0e77f72daeb8fb084a6583df7db1108468c0f,False
primary,67,facebook/react,2022-02-15 20:08:08,bug,bug,b19df017001d39e42a4f0087dc92ac72ce5e8327cca65a8918c78c76ac2c1c93,False
primary,68,facebook/react,2022-02-12 23:29:52,bug,bug,04676771eb1335d539e3aac5dc17c1f8c0b15176211bc0261925a83eb350a2dd,False
primary,69,facebook/react,2022-02-02 10:58:47,bug,bug,add287ca42c50c2676c811db0c7312b4e13ef870665733519347e6e7ad556960,False
primary,70,facebook/react,2022-01-20 18:17:36,bug,bug,7c6ea5c03eda76d4c45bad968ba347f2a42e574977ac88bf985757784d38b6ad,False
primary,71,facebook/react,2022-01-16 14:57:01,bug,bug,8dadab6fbc676683d75449660688eb293e88ecdb71fc855363dd55bf1741ff20,False
primary,72,facebook/react,2022-01-14 23:20:34,bug,bug,567c01b84ea75f9c9f1b4772134bb172551be8390462e96c9786a0209eeeb713,False
primary,73,facebook/react,2022-01-12 07:40:24,bug,bug,f0971f7418a10765d1975e738fe0cb75a4a1515e6c534b489a527af7aa3460d3,False
primary,74,facebook/react,2022-01-05 11:49:06,bug,bug,5f51158c68e2e30fd9e4d246ceda24a06fcfe57b22fe80e5e805f8854d5d0dc1,False
primary,75,facebook/react,2021-12-27 20:33:10,bug,bug,a81cfbb7b9d39d7572e3cdd91b76920d47f9fb5f0b657c0204af22fe914adb59,False
primary,76,facebook/react,2021-12-21 09:06:07,bug,bug,6972f547b86a5721848e27cf91014f174361c33458efa021a3769763249c4d98,False
primary,77,facebook/react,2021-12-16 00:54:41,bug,bug,ef103db6fd6e7cccafa028d2bdec539b6f17cabdaa13af99c0a0eace1a498e85,False
primary,78,facebook/react,2021-12-15 20:20:58,bug,bug,80ea61bc7ced350cdbcbcb16adf11c0187818e46f6d259638a2bb7c94affafa2,False
primary,79,facebook/react,2021-12-15 04:44:55,bug,question,d7ccccb9cef8502194564c884fd50afd9461ebe9c347e2e1287600ddb93cefa2,False
primary,80,facebook/react,2021-12-15 00:54:52,bug,bug,ae1689a6264b7e40dde7b7116892f0b20e7ddd81997e87c5845019f4a50fd97d,False
primary,81,facebook/react,2021-12-05 23:35:15,bug,bug,e3744c0ec3fb094d865ea329b4aef5a84de594dd4f50758e4e965dcfecd988b8,False
primary,82,facebook/react,2021-11-26 00:52:17,bug,bug,c2b494c4c97065b8c75381a46134e527f0041b5840a859c9a86e4c8b204e7316,False
primary,83,facebook/react,2021-11-21 13:24:29,bug,bug,dbfb83be149c5a1231b3faefbb1a869aa0f23d7fe5d47bc4ecb1c619b375be74,False
primary,84,facebook/react,2021-11-17 10:35:28,bug,bug,3d3c2f6b73e32dd3b14b8d783ce3c28ca485a68ff9f95c7dd47293125b0e39db,False
primary,85,facebook/react,2021-11-15 10:16:20,bug,bug,27fcf9ec37274d97f0b5238a570407515718f4907d09451ad3aa0d87213f6f99,False
primary,86,facebook/react,2021-11-10 02:20:05,bug,bug,14ede39e741320070b9687c745430669011d8bb015aa47451902636a2e52ae3f,False
primary,87,facebook/react,2021-11-03 15:37:15,bug,question,2afa513a7218080af12d3e92680d5258d2977a60b1c680dc8c1e63ae68c060b9,False
primary,88,facebook/react,2021-10-26 16:59:53,bug,bug,0d81e01b11db45dc7f2bdd47898d87c8baf9f50e30ab904122a2da56d17d3907,False
primary,89,facebook/react,2021-10-21 02:09:18,bug,bug,622365e81244ff329d9b439862ed1f8a0d0ad11e84dbb0a830185e1d7fabbc40,False
primary,90,facebook/react,2021-10-19 22:09:48,bug,bug,6d6ac3643a996c5a60d840d97c150b273f3678d3af44bee87903f884749f1952,False
primary,91,facebook/react,2021-10-15 20:09:41,bug,bug,a461e9b44c27d271ab98492cca3d1adf10a1535bb868ecb5b19e87d2d437abf3,False
primary,92,facebook/react,2021-10-14 14:11:25,bug,bug,95b6d024843e000b644e5025cdc2a5176a3e4c0102482210db7377e35faa5110,False
primary,93,facebook/react,2021-10-02 13:53:08,bug,bug,24d96eb8f63c49dfea4a442eb241fc891fc3d46f72d66ce3bc087e632b90df98,False
primary,94,facebook/react,2021-09-29 08:43:19,bug,bug,d253189dd5bf9c210d8b4135f6812c10585197c6624db7bc76fc53f29655b5d3,False
primary,95,facebook/react,2021-09-24 10:11:29,bug,feature,614d54765bc3782f9b694f25f8032f4a968320ba208fd41e19773696909a2340,False
primary,96,facebook/react,2021-09-16 05:45:36,bug,bug,055a8990e04c9b774f33096ed3cbdd7ee2d5033d6e41ce6bd47df07ba4e30c0c,False
primary,97,facebook/react,2021-09-15 19:14:01,bug,bug,a04dbede951fd238ee46dd84cc7803bcbadb0ebceca3468dd859ede6f0d1e43b,False
primary,98,facebook/react,2021-09-10 21:18:32,bug,bug,6204aac52f585642c5d801a1764e95e4373d41f0a695a834ba50d52e2564f157,False
primary,99,facebook/react,2021-09-05 12:52:10,bug,bug,0a3ca3835c68b2ff86a4835f246d22cf7423c369950f42ab3164cf60dec0ab9f,False
primary,100,facebook/react,2022-05-09 12:37:52,feature,bug,dfacd7e662f542dcf5349967d9519ab89d55c4f3f701bd71d31e236939c16cab,False
primary,101,facebook/react,2020-12-13 19:26:42,feature,bug,ab4064bb7bc118ec31f4d3f67f0956e1913716fb394121a0fedf9d885a272999,False
primary,102,facebook/react,2020-07-06 10:17:15,feature,feature,574d24a215d762ce916c4107332811c7056e40a7bd7a193dbb26a5fd31be9881,False
primary,103,facebook/react,2020-06-10 04:45:34,feature,feature,9dd177f704a115be71e919d653ea56bcd293ed1205f69a8ced5a88f24e4284b2,False
primary,104,facebook/react,2020-04-22 15:00:02,feature,feature,cd44aabe022562997f25519e0b8137f10cbf7485db3ed9092b2d2316a136c14e,False
primary,105,facebook/react,2020-04-06 12:08:53,feature,feature,6b12895cba6a31f28a947687d0e7c5f11308169f41e50a3b1a47ea703ed8a3cf,False
primary,106,facebook/react,2020-01-29 21:21:56,feature,feature,cad4491cc78e3dbab704f644f20a89a90a4c9910ded7420079362b54da39fb38,False
primary,107,facebook/react,2019-11-07 01:41:48,feature,feature,a25e63550eca9ac078ec63c5c23966f9a31c3cb0da26554b7fb8bcbd0b444b82,False
primary,108,facebook/react,2019-10-10 05:08:30,feature,feature,b36cd8328819db3684cf1d1ba85d7855af707e1d56b5aea1fe973336762d1ff4,False
primary,109,facebook/react,2019-10-08 07:34:07,feature,feature,56a796844ee673f04a1d3f802ffb4d834f7e957fe2b9200bc993c325e25e64a9,False
primary,110,facebook/react,2019-09-27 12:02:35,feature,feature,1bb7bdc7d0b08c5e11042a6fd1fcbf31fc011e53b180d0fac5c1b17100705e08,False
primary,111,facebook/react,2019-08-22 16:46:40,feature,feature,f79206ec2a68c99de489ac5af3374fb469579952026ec877038b56901860f3c3,False
primary,112,facebook/react,2019-08-22 12:29:14,feature,feature,684de3e534a73a080931a2c743d22cfadb5ab8f59efc90e1f642b8ec76aea55a,False
primary,113,facebook/react,2019-08-16 20:16:56,feature,feature,641c9795b4831512ab87e082a9c4d230179d20d4c7427b59654a6b5a6745565e,False
primary,114,facebook/react,2019-08-16 15:42:33,feature,feature,f6f13bdd3268212fa33ae34dddc4c9f37781d1754a28efe98f4b07e9a81c952d,False
primary,115,facebook/react,2019-05-29 17:56:31,feature,feature,af84a0e1044ec56e4b02822a49bbd04967649a853cee63675f688f6ea3bdb7ec,False
primary,116,facebook/react,2019-04-18 09:59:04,feature,feature,d693305945c33194a39e41e9dbe16caf03b332b6ed2ed237a1be6fd22e395b64,False
primary,117,facebook/react,2019-04-09 15:36:48,feature,feature,f2f8f938517a197ee7c45ec6e1b5e5434dc7cd4976cb6fa74a5cdce6ce945265,False
primary,118,facebook/react,2019-04-01 04:57:23,feature,feature,cdb06919451ae6aea8ecc7bb9a3568b187f335d85af1cb4ab11d08709bac8721,False
primary,119,facebook/react,2019-03-27 02:29:09,feature,feature,690cda3cd023399bfe81e82d0d69ce6b87572b71b70a06ab580d241bb4a3cb61,False
primary,120,facebook/react,2019-03-21 04:21:58,feature,feature,987aeac964c1ff63559f5ca80563ada49858aafc13c6582888cbf0a4e71a91b7,False
primary,121,facebook/react,2019-03-11 02:26:13,feature,question,6e5992c9bc59ec91d3ddc4413564a651d8b5df2f8718529e906657447cd3fbbe,False
primary,122,facebook/react,2019-02-25 22:20:17,feature,feature,2a3205cfcc260f1566ecb20886011350077116ac00445735d8277eefd5c61fa8,False
primary,123,facebook/react,2019-02-09 08:44:57,feature,feature,5b6de59877be35cec013a2cba75c7ab0afcdc8c18a086a595da9c652c39aeb4d,False
primary,124,facebook/react,2019-02-03 02:57:23,feature,question,e724af688b0dcc80d6c31e3d2d943dbdca8a726b1c71e07209dce04e48b0c861,False
primary,125,facebook/react,2019-01-30 10:43:37,feature,feature,6d1cdc2eb658ff6fe6339b42d43da4d10f6a50cbfe8f79220a63e6e4064f3ce9,False
primary,126,facebook/react,2019-01-05 22:14:39,feature,feature,270f5662b42e2f8fb405d6da9597652a7b323a33548223ac29cbb0c2d5891f7d,False
primary,127,facebook/react,2018-12-15 20:58:16,feature,feature,6700c39b8f82499d2f4c8c5ec2778ac2b8ba8f8507a4d76d12da3a0f13664676,False
primary,128,facebook/react,2018-12-03 01:04:57,feature,feature,493cebc28f2289ca845f23917a9977a2d327fce120542fe5cc60a8231830fe6e,False
primary,129,facebook/react,2018-11-20 13:47:08,feature,feature,aeb68730aeeb262209af320dbf8fc34370ef6374a24632fd944172946e7c2a31,False
primary,130,facebook/react,2018-11-16 18:02:00,feature,question,8dc400a30ec5d671999fee631c881b9321c1ff9474ec2dde68cf4a66f628c056,False
primary,131,facebook/react,2018-11-13 17:57:45,feature,question,68a0380fc9a624177519e4355da08da735f067435fb427a3bb1d835d747ba280,False
primary,132,facebook/react,2018-11-02 08:27:15,feature,feature,0f7edef098930607dafefd2be39fb16f6a18d017330dcaadaec47dd4f7156c57,False
primary,133,facebook/react,2018-10-26 03:24:35,feature,feature,e5d80b28c0341047934cf27413b93e076970531d3d13f4a152fb135eecf3ab22,False
primary,134,facebook/react,2018-10-11 13:14:18,feature,feature,0c06b29e3958d88fc77baf65aab9ff57106d157d7e6ff3c60396cc61d4e7ecca,False
primary,135,facebook/react,2018-09-21 01:39:46,feature,feature,3ae57345c7dcee87129bf6c9c58f2a0bef44b8e54e08d36ecf6f0f88cfaf1339,False
primary,136,facebook/react,2018-09-03 16:20:27,feature,feature,9ca950bdfe04049607b191068fc5b99bad042348815ad4288f767a20a3b14742,False
primary,137,facebook/react,2018-08-16 01:41:06,feature,feature,6875ccc29bbc20644f6b07caa211704eb5f1e190fe19dd386832b430d08d140a,False
primary,138,facebook/react,2018-08-13 12:34:23,feature,feature,36863d46a5c87d82dc40024681cf4feb8e50603d79f3fb16173004e7a9655449,False
primary,139,facebook/react,2018-07-30 03:24:48,feature,feature,0fa073163e6dc1af8b8bd5fcafc6a6004134c7758d34e7e639f45b2660ae8899,False
primary,140,facebook/react,2018-06-21 12:57:54,feature,feature,b4c714e676e89f8eb38ba5ca282433d53662b2d7bec91359673902a4287deefb,False
primary,141,facebook/react,2018-05-31 14:31:19,feature,feature,7d6a59d5f4e3b0e22b216feba57859fac7e33c75fb6a974f93f36c2b1b8b2b2d,False
primary,142,facebook/react,2018-05-22 17:47:53,feature,feature,362e3fe0367b0bd53de5244f73163e22221e2942e866225ed6fc8be742e32686,False
primary,143,facebook/react,2018-05-16 03:52:24,feature,feature,4aea5376ac9144ccee6ca0ffa79aa72c7351e7656107fcc7288b5b0e759161ac,False
primary,144,facebook/react,2018-05-07 05:18:39,feature,feature,01d485620721e02b12a35c6ac7d52cad9ce92889cc85fe2d42bad16d48f2b513,False
primary,145,facebook/react,2018-04-25 11:23:02,feature,feature,cbed10fde374db08d8f2ff8c3de7ae7cddc323bc9a5bee5d9c0a1ef4c1c78d7b,False
primary,146,facebook/react,2018-04-15 23:54:01,feature,feature,64620cd3560e70d3b303fdd4c463494425fadefa1ee08f3a9b462e32e75e5a90,False
primary,147,facebook/react,2018-03-30 22:23:24,feature,feature,223df723e6302df9d4273302114d040624acb89741af661a53176b078f9bc323,False
primary,148,facebook/react,2018-03-29 08:35:33,feature,feature,2f01e82454fe8199b4ed6b37d796d49a25e98d7bdf17882b983b09146a73f546,False
primary,149,facebook/react,2018-03-26 05:23:57,feature,feature,54a7beb60e013134f68b30acc094cab33a37910d55d9d15d512dab90b05dc0c7,False
primary,150,facebook/react,2018-02-28 16:13:56,feature,feature,d0d68d64393c5a582ecacb909c9dc635362b7be4cb6fea6a482d3ba95a1ce990,False
primary,151,facebook/react,2018-02-19 09:59:43,feature,feature,96100d905b99a40ce7bc0ff9c7f29fc75b5fe64c42be3913d9fe52ae4b9487e5,False
primary,152,facebook/react,2018-02-15 23:59:23,feature,question,12a60681dbcb848f7da8e24bdb6a3e45d4a69aa08140016f2a781215b346fc70,False
primary,153,facebook/react,2018-02-09 03:30:16,feature,question,ce05bece318051e16a3a3b80d5d36bdfb89afaa7ea1625bafb286e18d9507e0d,False
primary,154,facebook/react,2018-01-23 23:51:58,feature,feature,1ef995c17fb167ca2f2be0312f50b77cdbc28ccd1970f31b29015a3646c18f01,False
primary,155,facebook/react,2018-01-18 08:02:52,feature,feature,d8be9c4b5c34da28671394e19bdb5f66a25b9c9a1e5e98053e763f69f33e1378,False
primary,156,facebook/react,2018-01-12 10:23:26,feature,feature,8751df8441153347d5da54eaf27374237e3d836ee51eff9bb8a3331dc951db42,False
primary,157,facebook/react,2018-01-08 02:13:55,feature,feature,51d12bf57e2adcd9a4a3b2a26b325349d6bf425fad96649a41f82dc6e0d0bfff,False
primary,158,facebook/react,2017-12-20 04:38:28,feature,question,e00331fc11b088e3f15e157b39743babcf69491d2c78b63f4fd738d885382dc3,False
primary,159,facebook/react,2017-12-08 19:45:41,feature,feature,66dbb5ac58423a44f095ca9100afd577b390efc880854a25407b1c7d38d5abca,False
primary,160,facebook/react,2017-12-05 02:11:42,feature,question,cf7a3cfa7e0a1e92970a04a3df2c91aeeb89f3699323a9d96fa06b6bb5d09773,False
primary,161,facebook/react,2017-11-17 16:51:33,feature,feature,62f76ce3eda8f2a93bb3ad9ac532cd2ef13b9e2aab0398b2fc27d599a2a9386b,False
primary,162,facebook/react,2017-11-13 03:54:44,feature,question,d3b53bf92ec75ee4c57454b684c57b134f0810ac60212ffab291602f6df4e265,False
primary,163,facebook/react,2017-10-23 15:35:57,feature,question,6701ea92d639ed7d274af9982e32204b53c2f37cae464afd27a11a2e81277f53,False
primary,164,facebook/react,2017-10-22 12:09:58,feature,feature,42d46c93e4c2008958f734ef7ab824f816c00b2630fedaf5ee546cc8fc138e8d,False
primary,165,facebook/react,2017-10-17 23:57:26,feature,question,1697e1262439b37dfc2bad0152ba4954c9b510e88eed5ddb9b567f10787dec3b,False
primary,166,facebook/react,2017-10-11 05:22:33,feature,feature,56f2df3b199ee42c5c1ac065af73022a8db4eb9018ce912b8305365d308b1f46,False
primary,167,facebook/react,2017-10-09 18:45:57,feature,feature,354f433e8fc9633f540d8cdebd65c691d317e18a3e1c9c1b84c9b80d1402f50d,False
primary,168,facebook/react,2017-10-01 18:51:32,feature,feature,3c1dc9327e3074696c0ad03a4b1ed27bdcda2fa4ea71d462bf93c46dff586cfd,False
primary,169,facebook/react,2017-09-27 22:08:12,feature,feature,194b8b4ccf6964f3b3edc776561e8eb5067a17ca6426302370865c79c692a63c,False
primary,170,facebook/react,2017-09-27 05:07:15,feature,feature,07cdc5e73bedb2858f730f18c3756ee0259a1dbac672ae73520d1ea6db7dd88b,False
primary,171,facebook/react,2017-09-14 12:57:40,feature,feature,d6544828ac45b64b194ad3c605fa6e81d5a9587b66bdfa8aff30f9e42e55ce76,False
primary,172,facebook/react,2017-09-01 01:49:25,feature,feature,73f8306e9924c37a2fb95f7bc26433d2a7b8aa06be9fe9ac153e4374bbdaac23,False
primary,173,facebook/react,2017-08-31 02:48:27,feature,feature,3ed4a5f52a9b2e523eea39173d02f215ee7499fb07ea1d2212ea411a6adaa7ec,False
primary,174,facebook/react,2017-08-01 06:44:46,feature,feature,14b3039e915aa90b367afac4bc6c6cbe4d8b6347d40573fd4be76f8da4febc7c,False
primary,175,facebook/react,2017-07-03 17:35:57,feature,feature,0acf59ec0cc4c965c0131329e19e52f908ed67279a217c737fcdedb630ed994e,False
primary,176,facebook/react,2017-06-29 09:26:15,feature,feature,5b85df0b79cbdcfe9fdc2f03fddf62c06154d74c8a41f09d5d6a2b7559510360,False
primary,177,facebook/react,2017-06-27 06:44:09,feature,feature,4d723e0f3bb5135778c64388b3c1bdf403eb1f2dde642da3352bdea32c9bc02a,False
primary,178,facebook/react,2017-06-16 20:15:20,feature,feature,7c181378966b5f491f1e9f6ab3f8f06ccc062331ecd188449aba35bb5763fccd,False
primary,179,facebook/react,2017-05-31 07:36:59,feature,feature,f73e29ee91a22b6cfb38ab9d464391b5a5f85f7b7388fd54a8aea9e152989859,False
primary,180,facebook/react,2017-04-29 15:14:59,feature,feature,5470ed4ad1987ca0408229d99b27ac32fcf54998b820c1745f13b58e7fdce94d,False
primary,181,facebook/react,2017-04-21 18:27:56,feature,feature,4b1c9e77d3598fb971cb1a9e45b34b31bc76d3a28c8bcdd774aa582d53fed5f4,False
primary,182,facebook/react,2017-03-10 20:04:07,feature,feature,949c98dcbd59750657a540117ff9552e3d2e685ecf95c842e596ab9b975c11fa,False
primary,183,facebook/react,2017-01-15 17:26:32,feature,feature,f55798ef30b1a32584a8d998e41d30b42c4a716b417f3dff8dcdd00a5fde624f,False
primary,184,facebook/react,2016-12-08 07:12:28,feature,feature,9b94144378c374c1a4ad0a2bd62c046cc063a20b5f53042de34eb074fe084da9,False
primary,185,facebook/react,2016-09-13 21:12:40,feature,feature,c9a26d3ad89bd17227ebcbcbe90b5723106b672602d35804befc027ade5e6dfa,False
primary,186,facebook/react,2016-08-24 11:29:59,feature,feature,edf3f65c41677efb2fe6d668fda6523e87a38507f80e78558824f7364e713a44,False
primary,187,facebook/react,2016-07-19 01:08:47,feature,feature,23536d5d6fff049a2918ac57f20fc3e7db4bdb25b954b3782eb754fcc31e274d,False
primary,188,facebook/react,2016-07-07 12:03:57,feature,feature,4c32ea8374e0f745342467957690818b7d28a78bf5c0fe635e16db92d6352897,False
primary,189,facebook/react,2016-06-26 02:51:13,feature,feature,663bbe3a0dcdb48e29554f4c3d0be25da9bda450d2c5ef164acd9b619bc3a3e0,False
primary,190,facebook/react,2016-06-20 20:46:42,feature,feature,49f46b82be1b179a4e1a45b459063482b324049ad0a328ee2d3391bda15a6454,False
primary,191,facebook/react,2016-06-06 16:34:24,feature,feature,eb9bdd62769acd404369c1c18237abb1d88d5b713d5c53f0ee9a9c6108fbe401,False
primary,192,facebook/react,2016-05-12 14:04:17,feature,feature,f7c74adc676401d4c8087e97bf3483bdc69c571f1ee3bebf72a0179afc3b60a7,False
primary,193,facebook/react,2016-05-07 20:53:16,feature,feature,1c2c6918ff6675dc14b8a460d9af310269e28f4cfae548d654a0d1202f8a78af,False
primary,194,facebook/react,2016-04-27 02:17:42,feature,feature,269703b8892d46621ff833141c6c9ab059744ade66c5f214aa83295afd2c6a97,False
primary,195,facebook/react,2016-04-22 19:20:50,feature,feature,31a8acaf808fd13411d4e82909a08d0fc93a73cb10cd75e5208648e1f76f14b6,False
primary,196,facebook/react,2016-04-11 09:22:06,feature,feature,0cd3108ce1af5ec9a33332b6a94f65cce47c4403a31732a9cd23b43c7ae75ab7,False
primary,197,facebook/react,2016-04-06 15:18:13,feature,question,f3f0be47267db6b370423f70b0a59b35c1be12e4661059ca1dc22fa30539dd60,False
primary,198,facebook/react,2016-04-05 04:54:27,feature,feature,9dfa90f3edd8c62c46c48ff7bc67d8bdb14f5ca35323a6f886b756e489be4e81,False
primary,199,facebook/react,2016-03-12 18:55:40,feature,feature,a2652b95f78521f1eaadc7059388713ba755ddb66499f9bfd6e38af358516726,False
primary,200,facebook/react,2022-03-24 09:40:53,question,bug,e81e66e940ec7bf56a71d7a3c35c48db67980af9507529de8facc19fb3559931,False
primary,201,facebook/react,2022-02-16 06:20:48,question,question,0dccc1a3c05b7754b133f52ad64e3300e7c9382c146c505e532b0235217c99ce,False
primary,202,facebook/react,2021-07-12 13:59:15,question,question,94e24826bc043f0582d716d4ff57081a455f7e8447817df8ed02d8c1b06931d7,False
primary,203,facebook/react,2021-06-04 20:51:28,question,question,261501b6e94893f12109610e7982021444a7dc6e8ae96e823586aa2c6486d805,False
primary,204,facebook/react,2021-04-30 20:54:22,question,question,946a54c5b3364501d18594cfd0c49becbd860cd03615db02dcaed4cdd4c4edf8,False
primary,205,facebook/react,2021-03-31 16:09:52,question,question,2ea4f999f92439b684f7b6f7a10444ed8dd5416d16632d487a2cc78eb71975a8,False
primary,206,facebook/react,2021-03-05 14:25:14,question,question,278097e0e5e48e4098078451289e79a6a015aece14c035630f2e43330b2a7d4f,False
primary,207,facebook/react,2021-03-02 10:42:18,question,bug,77ed8433339b7187d8e3e1ef3f709a7945d9af541d121406a3142e6ad3d45c02,False
primary,208,facebook/react,2021-02-18 16:23:13,question,feature,15bdc64c3ac7b34fa31c533646faaf9d16c5d8976dfdea84f8087295992d5164,False
primary,209,facebook/react,2020-12-29 17:35:10,question,feature,8824dbe7fb5cb3957f4bd5853d268294e6a842bac7e8bfa2d75b1689e32c24ad,False
primary,210,facebook/react,2020-09-18 04:46:12,question,question,a0be0cb2d916c6ec89337eb92d4ef5175dad020b31ae41e75a28bf1a492b5a4f,False
primary,211,facebook/react,2020-08-05 15:35:17,question,question,f0396a27fe3529e0caa67a1f93aa47e54ca4a6e9afef6544b26508c25a4b19ff,False
primary,212,facebook/react,2020-08-03 13:15:54,question,feature,65d24102824f6a0fd296e243bb2ff3e3563a85c898d5bba60c4e4fe0a2f18624,False
primary,213,facebook/react,2020-07-09 15:48:17,question,question,310ab741e9169eeef2bd98010b190d5d8ff34e5e7ab917c9f8e57e41fbf7834a,False
primary,214,facebook/react,2020-07-07 08:00:30,question,question,c310e5dc15b46cbc834c334304d22e34e109de4cfe42daa7c8caf1593f7b6f6f,False
primary,215,facebook/react,2020-06-02 09:26:57,question,question,36042beac633c0ce1e8577cbfff7228bbbc5169a4a180d428aa5e4357d1eed9c,False
primary,216,facebook/react,2020-05-27 05:01:13,question,question,2482512528673c0b24799754ba7a23e3b842d36f483aec54da9eea5563d76571,False
primary,217,facebook/react,2020-04-21 21:57:06,question,question,1c4a1910b9bef08f5c955f22399a83286bf91b7ea902a8d3ed9ecd5683b611b0,False
primary,218,facebook/react,2020-04-02 07:42:30,question,question,486a065766cef58178772162266391ef79d0a2a5fa1cab0a20d899822b2c84af,False
primary,219,facebook/react,2020-02-17 13:33:08,question,question,f3a36bcdb9aaf3940136f592af4ded691ce00b560da13c72a7a2364a799332bc,False
primary,220,facebook/react,2020-02-13 11:57:53,question,question,86f1c9056129f64486829bad603bb001ef0c9e311bb057bd3f08c3c503e4f475,False
primary,221,facebook/react,2020-02-06 12:06:08,question,question,396e74f83c9a06a3aca6a7659d28d204934c7ee365d8010551ffc00f7fb5c91c,False
primary,222,facebook/react,2020-02-03 14:42:12,question,feature,3908506ded891f08335d3013c9453ab5428ec3a5176c9c49625d0b152939bff1,False
primary,223,facebook/react,2020-02-03 13:54:42,question,bug,d808a0eeb72dde2ec185079e600e233baf275f755429615364694a7436069a22,False
primary,224,facebook/react,2020-01-26 12:30:09,question,question,9f218b6ea7c0b85f9e0a04e37d545f63f073b3eafeee58cbc035fc030102ce62,False
primary,225,facebook/react,2020-01-17 12:17:34,question,question,ad7b96ccc7654a08f9d7c748390415ce71e6a26eeb05b9e77a1f33a3c9c4da4f,False
primary,226,facebook/react,2020-01-16 10:02:14,question,bug,089f3f6f77e84550e5880a5e4d1a127acb2806ab77eb011c60162f2974695b9f,False
primary,227,facebook/react,2020-01-15 00:31:27,question,question,4000fbd6c4e67991f3a33221769206b90057effb61ca3b115fd19b1612fdb6c8,False
primary,228,facebook/react,2020-01-09 13:19:55,question,question,5bbafa52e26e3b5542a7ab36816cad1fcb7160f44584c43cb15db03273590584,False
primary,229,facebook/react,2020-01-01 22:36:31,question,question,b1e93b82951b8b02cdab9f9881f7c35d6f8781508298f5b795d6b12f984d225e,False
primary,230,facebook/react,2019-12-27 09:06:55,question,question,73c561bbbee93689c14142b9dcb37328048d36ea6300cfe4f55c0c39267d122b,False
primary,231,facebook/react,2019-12-25 02:09:17,question,bug,28e01df23e75ff662dc30009a612d38183579fbdab82f681cb0025e4e7de33f9,False
primary,232,facebook/react,2019-12-23 17:38:13,question,question,e64827ada6fe5b9c61e2420970a460acc862d049d925cd40d333edadb6265c85,False
primary,233,facebook/react,2019-12-20 03:11:53,question,question,7db6c3d9ab9509208d057dea61a4ab4afe1f5015af74512044fff3b938f0e89c,False
primary,234,facebook/react,2019-12-02 06:48:29,question,question,cce16e99df2da459d0bca6d055af5a32d01cf15c67e9261b0a3156c05cb1ad51,False
primary,235,facebook/react,2019-11-25 23:35:19,question,question,7a51aa838500526ad63b26d06e952f651dc842dc8a51c5ae6d39c164a743c444,False
primary,236,facebook/react,2019-11-04 15:21:26,question,feature,a998fef4a7de35c28fe2672009d8cb5995a0f6ebb7de66d079e0dd4204ee3d83,False
primary,237,facebook/react,2019-10-31 20:13:50,question,question,5e039b21051d353cc07d7d95c8affc21ee2b2b75e75b9f70251fbd40522bfe81,False
primary,238,facebook/react,2019-10-29 23:51:32,question,feature,ddff81605cb0c90e99aad7a211da1edba6f8002dcd5b855d0859fd7dfcead759,False
primary,239,facebook/react,2019-10-28 07:31:07,question,feature,2d6e832a1930c303c25788d9bf7417982cb7a99540e19f82cde5992e6acce84a,False
primary,240,facebook/react,2019-10-14 19:57:20,question,question,166d7884374b6bd21300fe02cec781e4b2a92c3830fab85e716a54d34c56be30,False
primary,241,facebook/react,2019-10-08 08:07:27,question,question,c746bc47bb9004f3986141bbf7e33b62ad72ed5a97e9e110ef8547870ecc5df1,False
primary,242,facebook/react,2019-09-19 08:14:31,question,feature,a90da8f9157e668e50b97b9a06c49c0aaa5f87ba9a650c2991e1e8dbc9e3564c,False
primary,243,facebook/react,2019-09-12 14:45:25,question,feature,184120034e0d1a72184c43948856c34b964dc77cfa6f9cd6e9937fc9b6a573f0,False
primary,244,facebook/react,2019-09-05 21:54:48,question,bug,e9ccfb936f5e1c55235f1587182adfdf6e62181cb946ba17aa4ecd0468d77959,False
primary,245,facebook/react,2019-09-03 21:37:55,question,feature,09d705520159efbaa2258bd1c312e8219b0e5a253666ed6f9727af5d941e9283,False
primary,246,facebook/react,2019-09-02 18:49:15,question,question,fdf1b79216cd8366fb94f1b1ee5c53593bd9aa1b379ec33ccdbb2382bdf97def,False
primary,247,facebook/react,2019-08-31 14:31:51,question,question,c57bf9e15c579972ceb93c6a6f5c1d27f6f54a5293c0d02107bba7d4fc5f9e12,False
primary,248,facebook/react,2019-08-28 23:30:26,question,question,7d172e3c186dacea5554931f37f40493e83ea633bb994f8a2c125f167d27fdcd,False
primary,249,facebook/react,2019-08-21 02:20:13,question,question,e9c1e44f2f94258b0caf92dea0619dc6d0509de89ad3d09d5e8d688b1ac774d3,False
primary,250,facebook/react,2019-08-16 09:53:28,question,feature,df1739769a20faddce124ee07969234778d3bca3d1badbd7ef82997effe4838e,False
primary,251,facebook/react,2019-05-12 09:19:13,question,question,513fe33233aa89bad2b6530be0f9f30d2e330932b21a59b1fba0d836a99d05dd,False
primary,252,facebook/react,2019-04-30 14:36:46,question,question,e40e367561ede0c4a8974d3ab19ecf3286e6ee35204595c23bb64d20db536c89,False
primary,253,facebook/react,2019-04-27 04:30:20,question,question,5a2dc63f414522bef4bca20abc09136c82a9d026a93686d0c9115b553160c1a2,False
primary,254,facebook/react,2019-04-25 13:52:38,question,question,f711002029e15fda761108b66bdff9c8db25b7ac187567d5b105e7b8cf68d3e4,False
primary,255,facebook/react,2019-04-24 09:57:42,question,question,7b8026c4828cf380c2c910db708c8a7f1b98db1173e8fc430bd3470dab9239a4,False
primary,256,facebook/react,2019-04-12 20:01:40,question,question,0ae7e25698fda14876f058ea5313c7a7f3e471842079a1b81f4938a9f641a94b,False
primary,257,facebook/react,2019-04-10 12:31:13,question,feature,7d74af0e2b7a678330dfebc4be9aa75e331dd7b8049c439968a0c416bd5ed059,False
primary,258,facebook/react,2019-04-05 04:53:16,question,question,bd97642e48193201dfbf2aa7b22cee4f882db8ea6534dc19a6ae5fac1f8e0504,False
primary,259,facebook/react,2019-04-03 15:26:05,question,feature,09ea8019fa0acdf6d5c323614aecdd8c989084b06a63d360982fb9c939c0dc8d,False
primary,260,facebook/react,2019-04-01 10:09:51,question,question,20e90124e8271d94c0876f318531eebd0166704e4bf4821e5acaf7cab2141b05,False
primary,261,facebook/react,2019-03-20 09:00:18,question,question,62dc9b375709e8d2de2ff640657f23c7620a4c0e89b4ef34277d4d8731683da4,False
primary,262,facebook/react,2019-03-16 00:53:35,question,question,515043d23d31080ecc6afdd02efa910b034e090e6c728c6f03c6b984e3f72894,False
primary,263,facebook/react,2019-03-06 19:51:42,question,question,e4ffc50f588fdb42972308ebc814e3cc5f22a301c9fd3f0d6d16f1ef705783ac,False
primary,264,facebook/react,2019-03-04 23:37:21,question,question,5b395210f97995c4118b3ba884a900d9584cfb9fd834d81af6e4d1a2510547a7,False
primary,265,facebook/react,2019-02-20 14:22:20,question,question,7ea747c887b21eccd0621c444a3e264556ee8833e5210964b7e51f969cb06429,False
primary,266,facebook/react,2019-02-15 01:07:34,question,feature,2d64a0c81695462181621e3cbc4464bc2674409b4df8bf9018296244fa072342,False
primary,267,facebook/react,2019-02-08 16:06:16,question,feature,fa1101261643b8d0dfa8c5775f7b41c648279290766619a8f3f4221764771bd1,False
primary,268,facebook/react,2019-02-06 20:18:31,question,question,b420eadaa0ad4ba45e27390e62bd1992ab83185e29f01c8893d9213503e21c40,False
primary,269,facebook/react,2019-02-06 17:21:12,question,feature,41ae5d71229ed44139b77cfe97f06e27adcc07265a680eeab4d9888c3131ef44,False
primary,270,facebook/react,2019-01-26 20:39:04,question,question,f909ddc06ebc7dce215e19bf9511118d4bec96c8dec0c74923eb035b4fe64da0,False
primary,271,facebook/react,2019-01-18 15:23:59,question,question,c99032127ce430a76386c894e907bb1b292e97580f1c0ca217a4571a69feecc7,False
primary,272,facebook/react,2019-01-15 18:04:28,question,question,e0dedac46b1f08c466e6e8bcec9328586c03c7b94bc395aba296bc9f6eab1147,False
primary,273,facebook/react,2018-12-26 03:12:15,question,feature,dbc29bb8e7c549cf664e3f079467990eede73467d8d0f31ab3012965a91b2d8a,False
primary,274,facebook/react,2018-12-19 10:24:12,question,question,97007368d8794a156f7eeb303616720be9d4e3f9a2400da56fb62921f707ddb9,False
primary,275,facebook/react,2018-11-25 03:26:14,question,question,f546bd872ce73db9b1a0b7d59c3db50b9c93fe82da1c47d89c5ae524e801e013,False
primary,276,facebook/react,2018-11-09 15:39:59,question,question,08502026193275830368b71397a5615a970294ed5f51413778f2195c582326a7,False
primary,277,facebook/react,2018-10-04 12:49:54,question,feature,0d1ad5229524f82b7a3f75eb8f76b547e5e5cb8698bc608b1bb9fb6b07866bcf,False
primary,278,facebook/react,2018-09-14 05:34:29,question,feature,175a2c540d8cc3572bbf49b0b08ed9d58379785e87a307cc9a92bf46a88382cc,False
primary,279,facebook/react,2018-09-05 16:45:39,question,feature,5de0f0725e60b276cece9419421f1246807b5455465cf507d3a3e01f98c6fbee,False
primary,280,facebook/react,2018-08-26 20:59:00,question,feature,19e98994b92fa08fba7f717ae7e8e5857a78dad6e6c068d02cffbc4d625c87c0,False
primary,281,facebook/react,2018-08-26 13:10:45,question,feature,db39cc98429481380ff664775fa015cf9aaa4c9ffb073e599c48e92466f26d4e,False
primary,282,facebook/react,2018-08-21 15:57:33,question,question,1fadff99fe543929042369aab1ee11759a6e2bcd10c5d73ab81099e27d56d366,False
primary,283,facebook/react,2018-08-20 17:15:57,question,question,9d793fc9c6e5fe4e9475b0f5551c4154a278562f550000c158334f46c8fd7ba7,False
primary,284,facebook/react,2018-07-10 17:44:50,question,question,da9b72e866c222865d0b1dc3feaee64afb3cd06245075057d12964bbf9174cba,False
primary,285,facebook/react,2018-05-29 09:22:53,question,question,03e1e13e240868da6c33cd326e9e7c063291996c86bac5882dfafd0cc39b9e7b,False
primary,286,facebook/react,2018-05-26 10:48:47,question,feature,8dac8c02030b961e80bd109a860fa3fa6a071df179f91ad27afe596df9d5de47,False
primary,287,facebook/react,2018-05-02 18:03:56,question,feature,20657af8bfdf5394969ba5391d02a801e7a416c0be8e5268c89678da7f90a651,False
primary,288,facebook/react,2018-04-25 17:30:19,question,feature,e5edb61f8ab9e1363e696c66eedd778b08d5c055fdf59c729c581a8fe5724b36,False
primary,289,facebook/react,2018-04-08 00:00:41,question,question,ac8a6abfacfa00abdfec5eba2d90fed968a44c3830d2cbc9cb0ddfea2383a5a3,False
primary,290,facebook/react,2018-03-16 20:31:44,question,question,53e656a8c26cc10bbf1089516f14929010fbbabdf67ec5ec41c87c45022c8e95,False
primary,291,facebook/react,2018-03-05 11:42:08,question,feature,ef1632792aca3db151a8fa99c78632bd0c48cd5b45b22f5a004ab5e4c12bf66b,False
primary,292,facebook/react,2018-02-06 17:06:28,question,question,69deb02455bbf7522ac735c75776b27e0c5daee229538cc212e33b970a38e98f,False
primary,293,facebook/react,2018-02-05 05:00:31,question,feature,246981243e0f665c11f9f99d159d99f59f75533c1e3b90fc6a424ff9d61d9d7a,False
primary,294,facebook/react,2018-01-29 13:25:26,question,question,cc3533b48b44e29b2d4fd4a810649eb506402d8260d7dc2f1ffae36cfaf822b5,False
primary,295,facebook/react,2018-01-26 10:15:55,question,feature,34f4c7748efae6a094e595ae78f117aad1eb2fb3acac70e69654adc203570143,False
primary,296,facebook/react,2018-01-10 23:43:56,question,question,1da113dcc7f0bc3677fc7b11ead015b385a9dd4279993d96d4d6275ff968f148,False
primary,297,facebook/react,2017-11-24 19:37:18,question,question,46c0c0d96a39b75213227f2a25585ead6f6d143e7f2a81e5ee23e991ac40ece9,False
primary,298,facebook/react,2017-11-22 15:44:24,question,feature,ef005f58b28d04759d14a55a63ba1cc432ca7aec0754afe9b985c2090691aeef,False
primary,299,facebook/react,2017-10-19 23:23:52,question,feature,85370faa83e1504b316de31330dcd286d4a166f13e5f6f1d15145bf005bcbc4a,False
primary,600,microsoft/vscode,2023-09-29 07:30:00,bug,feature,49e7a917819fd47a1497f85712dd83010dfba5869adb83410617ab0353933b17,False
primary,601,microsoft/vscode,2023-09-28 21:18:51,bug,feature,9c3470113d9346d0c4b0bf44d028de533a609233592ed57db0837e89a2b88eee,False
primary,602,microsoft/vscode,2023-09-28 18:11:54,bug,bug,1690bf3f8c006a9a65e2b29991fd2bc5ce93d80eafbafe63f3159c81affd0e2a,False
primary,603,microsoft/vscode,2023-09-28 12:05:26,bug,bug,de7d2f2d87e55cd6fafe066b051e550d1b909cf5b4e1440be4f03d42a33017a7,False
primary,604,microsoft/vscode,2023-09-28 08:26:59,bug,bug,12d41cf4b6796536d5f46ea763d2bc496d3f48c3e730f48d4e8fdb54bfa9671f,False
primary,605,microsoft/vscode,2023-09-27 11:01:28,bug,bug,6e294cfcd99ea42a92a2e09b125969bd26daecfa665077f713a500392b67a9a7,False
primary,606,microsoft/vscode,2023-09-27 08:29:52,bug,bug,b5f4bfc8079face174a29657d6ecc52c18798a03fa35e068dc2c3105bb270558,False
primary,607,microsoft/vscode,2023-09-26 22:04:46,bug,bug,cbb10a57566470993cc2f84c1702222c014d7fed236ef867836a08e1295880d8,False
primary,608,microsoft/vscode,2023-09-26 21:44:38,bug,bug,6b738bc80e263caca4ecd4d17fa71f06d3480a124a902c2dcc5010816cc7f05b,False
primary,609,microsoft/vscode,2023-09-26 21:18:55,bug,bug,1d507fc95e5d2f41da01a9ed9ca02d45bd3cb5983ee389560f4689c83c2584da,False
primary,610,microsoft/vscode,2023-09-26 18:10:14,bug,bug,ba15aaeb0d8eba15483cdc42136e573f48a57752cc5b057aea3695446d6a077f,False
primary,611,microsoft/vscode,2023-09-26 18:04:35,bug,bug,350e4b055fd6648edfe0cbb9034b7fbc3e0bf69bc681716ad7e41644b6dd5130,False
primary,612,microsoft/vscode,2023-09-26 17:51:18,bug,bug,3a34ced60cdee3f27d42e6d244ea364ab1b7a31aec4685516c16343d9eb188ea,False
primary,613,microsoft/vscode,2023-09-26 16:58:49,bug,feature,e8b12e196e5d5e1668a4bcd1abdf7fdd851fe3c6710c23e1c80e67992a9ca9ab,False
primary,614,microsoft/vscode,2023-09-26 15:35:14,bug,bug,cd10f73d44d60823ac3b989479e81fa849e4c5b0b534f6a37e4a6eb66dbd7e48,False
primary,615,microsoft/vscode,2023-09-26 14:07:28,bug,bug,34d42084f72b89bb0a79a751c1a6b3a62d9d445fa84285a94924cb6c0590e315,False
primary,616,microsoft/vscode,2023-09-26 13:42:32,bug,bug,51c42b5d10612362e1297c74602ff2417a8ba6736635e90077f75c22970bda8d,False
primary,617,microsoft/vscode,2023-09-26 13:06:15,bug,bug,95122be60e1b37ba705a8d1ab127cafd00dc2e07b5f0a1ad73f9db9017940a7c,False
primary,618,microsoft/vscode,2023-09-26 12:49:20,bug,bug,25ba8899c16cc536d3cc7150fb3b5f2cae3147c997e1be015c04f43be930b4f2,False
primary,619,microsoft/vscode,2023-09-26 09:38:25,bug,bug,37683619f966c32b30b3d8403761c0856e31acff38643cd520aee1885136237f,False
primary,620,microsoft/vscode,2023-09-26 08:31:03,bug,bug,bc83df30f3d704128e311b0f031fd82955ae8cbd1fca4c10f04c8a1b9d2839e3,False
primary,621,microsoft/vscode,2023-09-25 18:52:55,bug,bug,86b0f76f7c70ec764b30ed6edd6703cc6abb0325383b3bba2dee3aa7d769b1e5,False
primary,622,microsoft/vscode,2023-09-25 14:52:55,bug,bug,3c6d66310e7c148db852a97af4ebf45da908194dbe43a27988645be663ebd2ca,False
primary,623,microsoft/vscode,2023-09-25 13:55:47,bug,bug,f229d703a6ae4f0599d0d822b7edbda76bfdac3213e59d29f9263469f3544146,False
primary,624,microsoft/vscode,2023-09-25 09:35:53,bug,bug,8df272050c6f3aa09ae2eca1116eaef778a574363319cf1d20d7fc76ea7957e2,False
primary,625,microsoft/vscode,2023-09-22 08:28:04,bug,bug,e0ade9df3971bd4b311bfdf4b5b274c947454a86b5b257720ea0a2cee2794587,False
primary,626,microsoft/vscode,2023-09-21 17:55:36,bug,bug,1805ed059b21d74880c5c1e5442b586a1d759ba3d81379898b4cc9e8c27b6b50,False
primary,627,microsoft/vscode,2023-09-21 14:03:26,bug,bug,1705b9049a473998632133958d9094d250441fdade4bbef7da7eb0aa7e3a671e,False
primary,628,microsoft/vscode,2023-09-20 18:36:34,bug,bug,395113f41215949b0abc5e99fbfbcbc11524f1b350f8797bb8f4f73fd30603bc,False
primary,629,microsoft/vscode,2023-09-20 13:27:41,bug,question,2d93be452a9ce27a794e2a6a098748edf537e988c2b0a9b9cbcb29ceaf38faac,False
primary,630,microsoft/vscode,2023-09-19 16:27:29,bug,question,ebf3e7d834400ba4b56f875f3ce7e80b1d7b40c131a375ddbafe77760df230be,False
primary,631,microsoft/vscode,2023-09-19 14:54:31,bug,bug,0bb4f5defe57f1725933cb1012d305219c702357ddce08dc2bf4d95c418f41ab,False
primary,632,microsoft/vscode,2023-09-19 11:10:15,bug,bug,0351a1ccffac7440b8c4cbee3434a62171b32bc025accf17ba30ebe78280ffa0,False
primary,633,microsoft/vscode,2023-09-19 01:19:55,bug,question,51e3e8d7403c3a57931ec130abff44675e896a29c96b8d8718efbc6e6e9c929a,False
primary,634,microsoft/vscode,2023-09-18 13:32:35,bug,bug,f85aead1b739922275fcec6d8abe8dc3682a260b9d0abbc2ca562e54e5cb2806,False
primary,635,microsoft/vscode,2023-09-17 20:40:50,bug,bug,a0a7a190107a1338ac2e99671e4215959ce30ee302c9a8eee8bb42dd471b85bf,False
primary,636,microsoft/vscode,2023-09-15 18:04:59,bug,bug,80c541f9ea748be391f0cbe80e75b7dfa44aed8ffc3ca36bb8ff7bfaf4e7a8ea,False
primary,637,microsoft/vscode,2023-09-15 10:43:39,bug,bug,886dc428a99e69c64efa15f05e28bfbf8747a2211c737f88ddca078afb87d3e7,False
primary,638,microsoft/vscode,2023-09-14 18:48:12,bug,bug,70eebdbe61598ce0c84f17e26111d6bdb82b9ede597c4d0673ab74bae9c9ebe8,False
primary,639,microsoft/vscode,2023-09-14 09:34:02,bug,bug,7399d24dbe01018ccfe98c032b7c3e3c16dbfbbfd69568eb5e4cecb495d30aac,False
primary,640,microsoft/vscode,2023-09-13 16:33:54,bug,feature,98d692c1524a51edfaef0300b53ccc6115080f6b25408115498b1ede4ccf7842,False
primary,641,microsoft/vscode,2023-09-13 00:47:57,bug,bug,2497b601450cbee8de1a27ea4c0886bc91e59ee765c6a2f89123b3c6d69d5bce,False
primary,642,microsoft/vscode,2023-09-12 20:44:29,bug,bug,8dc698f15a50cf8453c9f5506924b36ba49d79bb39298de2ad35797495140985,False
primary,643,microsoft/vscode,2023-09-12 16:44:00,bug,feature,b7b649d218e8eee68515209291d83721fa06f3050f9e77fe6f8d67433c515479,False
primary,644,microsoft/vscode,2023-09-12 13:58:53,bug,feature,6f32e115aec7f6d1bbc48fd652cb3b642220d8a68700e3c441dfbab2692da885,False
primary,645,microsoft/vscode,2023-09-11 19:07:30,bug,feature,9039b78961b4fd38fbb572fc3480d33ea8f502153a83dd93866e081e479351c9,False
primary,646,microsoft/vscode,2023-09-11 14:55:26,bug,bug,89452de8ef1ece7d97dd838d16bb9025c1f4e7ade2a34fca2268dd1d537b51a3,False
primary,647,microsoft/vscode,2023-09-09 16:05:16,bug,feature,7577333d43f108f4ef2d417c2be0b561b5592dee99a74078a78bea2277ffaf01,False
primary,648,microsoft/vscode,2023-09-09 12:01:13,bug,bug,f6a6d73e8591e9d4e63fdbd9651b84f0b0d38f27a76a7922bebd67dd5ebb83b0,False
primary,649,microsoft/vscode,2023-09-09 06:38:13,bug,question,8b97ba2b9561d55d31589ae8ef851bf9eada7f99f9341ac003ec8dc68baf5731,False
primary,650,microsoft/vscode,2023-09-08 20:54:02,bug,question,3c1effe89eb2983bd1bd8ec879fa7786af42c8a1cb280b558523ee26f1fe8ac7,False
primary,651,microsoft/vscode,2023-09-08 18:43:50,bug,bug,19070cf7e3f3d185642a44a4f1053091a8183896280cfef179124f4076835b5d,False
primary,652,microsoft/vscode,2023-09-08 14:56:51,bug,bug,9e7a3919c8aea7c7c3537771bd6539511f14406778c6a09a2cbd3312c2b8308b,False
primary,653,microsoft/vscode,2023-09-08 08:22:20,bug,bug,d0a40c424198edf41b0b818a4ffa069e689184de3069f27715bd0f748f6f7017,False
primary,654,microsoft/vscode,2023-09-08 06:03:56,bug,question,d8e4f3f0f18c438887ec04b90da98cf2226582bec6d01b2c4d49c7d20d4c09e6,False
primary,655,microsoft/vscode,2023-09-07 22:33:02,bug,question,c06bc2a685760f53ddc03500794ae338c6d8753b565e2da47f741be14271fcec,False
primary,656,microsoft/vscode,2023-09-07 19:58:51,bug,question,dc5f529665b482b0401f6c11e9b5c505d816bcf9af7a5a6d6b218c418239cdf0,False
primary,657,microsoft/vscode,2023-09-07 15:40:03,bug,bug,b30d81643fe732f0ea8663389b4444026a197cad3235dd80d7b9a5018a46e39b,False
primary,658,microsoft/vscode,2023-09-07 13:12:58,bug,bug,b85a1b9e6bd3b6dc99a255a7678c3689c2455c11b211215ded06c5ab1fa21bfc,False
primary,659,microsoft/vscode,2023-09-07 12:55:24,bug,bug,6f5a88457d9499ac6ff3c578246fb99522a7747ffd173e558386e0088d262b22,False
primary,660,microsoft/vscode,2023-09-07 04:43:00,bug,question,7651d3ca01b84f236ed1394e050203693e819b2179995a714269e67999c11dc3,False
primary,661,microsoft/vscode,2023-09-06 18:54:49,bug,bug,7da2371988276e2980b8721ce1239f2ed77e20e18a0147fff2212a84ea83a3cd,False
primary,662,microsoft/vscode,2023-09-06 17:04:47,bug,question,9fb24d02d5d0146d442548caffeca1a1ee49b5126c62569bfe714d114fe47c9d,False
primary,663,microsoft/vscode,2023-09-05 19:12:57,bug,feature,4d29047e85992d9d8bba710013286c19631e4c3c37f52caf088ecf766fceb6fe,False
primary,664,microsoft/vscode,2023-09-05 09:36:05,bug,bug,aa798778f28c0136bb38f179dac1fd4a2e76e0ceaadb892dc3eeb9777b4da0b9,False
primary,665,microsoft/vscode,2023-09-04 13:09:38,bug,bug,08a5cf7daeff951e4d3978bdd4cf2c072cd4ac333199e6f0d75289a4cf3720a3,False
primary,666,microsoft/vscode,2023-09-04 08:48:52,bug,bug,6368c733b918337e6a4147c5784947a0f4cb772ce4fc19f1681c82ea6f22fe62,False
primary,667,microsoft/vscode,2023-09-01 16:34:50,bug,feature,585a2d5ca6f6fad8470b1081158903e03f7af0e4d08445e191e47b88e2387ec7,False
primary,668,microsoft/vscode,2023-08-31 23:04:51,bug,bug,dde3cb3739be68f3ea412b34fa2c970d5ffc6e50350d679c74944fd2bf308d62,False
primary,669,microsoft/vscode,2023-08-31 19:49:05,bug,question,6321806c97097404fcdd979cc1f219d1fc02654470814f693644fa97e1a291d9,False
primary,670,microsoft/vscode,2023-08-31 14:14:09,bug,bug,9d2f5ad94ad313039f4e2864f21362a9d20bea62b7ca07fe9e22246e0de1201a,False
primary,671,microsoft/vscode,2023-08-31 12:46:34,bug,question,5c76e36b76f5552baff60ecfe69f45a1fd9b69914e655ace31159ac90649884f,False
primary,672,microsoft/vscode,2023-08-31 08:23:21,bug,question,d6c600e9a546f476c2fa8a2b22b906f4fc6f3dc267a8e4325b1e95f86ccae2e2,False
primary,673,microsoft/vscode,2023-08-31 06:14:32,bug,question,971a1c312f5ecd7256410b61c64717afe49816318781684c73b0a6c161277408,False
primary,674,microsoft/vscode,2023-08-30 21:21:21,bug,bug,3163b82ca69b2a7ff53c330e2c0f4692d37c39cf857a604150c67f6be417b63a,False
primary,675,microsoft/vscode,2023-08-30 15:52:20,bug,feature,f705b6b2b4a4ca023ae3f2957e653139c144c9b525dbe043793bf3b6cdf251b2,False
primary,676,microsoft/vscode,2023-08-30 07:44:13,bug,bug,235af13f1fd7b207faf84efab2520e8bf0525fd8c81eb80ed4723411ad3c0fd8,False
primary,677,microsoft/vscode,2023-08-30 01:10:04,bug,bug,32f10c4605d8ea4f933243213707499c1f31497b2db7e6969f45b773e9e5041e,False
primary,678,microsoft/vscode,2023-08-29 21:34:35,bug,question,b0d4abb2c38d48b4a4002822c5b488c7bd02a269648211467f7ee6b6901c9964,False
primary,679,microsoft/vscode,2023-08-29 20:07:40,bug,bug,7ed207390ab75e8f0fa7690ba8e7eb62cc641d6374fd845439c730b2605161f7,False
primary,680,microsoft/vscode,2023-08-29 19:59:10,bug,bug,e0608c1b0d86962196e772774eb05ab070ede22c6ee3cededb3deb018b95abad,False
primary,681,microsoft/vscode,2023-08-29 18:08:46,bug,feature,aa6039ea9cd21bc79f86309b34fa438e81c1842959f45e4c168206e654aec0f4,False
primary,682,microsoft/vscode,2023-08-29 17:46:50,bug,bug,b37ddf73512c601545c785e74cd3fb6840301bf1f928e2a8ce17bc516f19f430,False
primary,683,microsoft/vscode,2023-08-29 17:25:47,bug,bug,fd18983b19358bfd983669ca92ec0504cd54ebfda564f02e94a3a7fa0425c50a,False
primary,684,microsoft/vscode,2023-08-29 15:18:51,bug,bug,a28b8808f064a65fc9e2ce269b6ac1c08a5e4f6a73a822197b2ad13f08d9398d,False
primary,685,microsoft/vscode,2023-08-29 14:04:30,bug,bug,0731cef4136d3d893d7c69a06408268084576c5ee47e82f48680a086aefb6162,False
primary,686,microsoft/vscode,2023-08-29 13:33:28,bug,bug,80df3ccbb284112bdd61ab59ee8007a3ef120328a85b57381ef87db932ce899a,False
primary,687,microsoft/vscode,2023-08-29 13:23:07,bug,bug,ce870498d80dab6e54d44e83305f4890a00d7915e7f5ffb24026891d70121b8b,False
primary,688,microsoft/vscode,2023-08-29 13:21:06,bug,bug,bc432d76266ffd537cfa524944adf93e85cc18a6be94d131ab9e173c1db3ad95,False
primary,689,microsoft/vscode,2023-08-29 13:11:54,bug,feature,b3ad03b44b05e56a97f723888237d8f8af6fb7a955c41b2b75d11c3bfd7adbd1,False
primary,690,microsoft/vscode,2023-08-29 12:11:18,bug,bug,bb9344d6ba08792fe170f5366c343d949884e85f6792255f6a93683cc4b18226,False
primary,691,microsoft/vscode,2023-08-29 09:47:23,bug,bug,2c2c20172defef516a83c5eeac5c7e26ad99a723170bf780ea46631b77dc7b27,False
primary,692,microsoft/vscode,2023-08-28 23:43:23,bug,bug,c86aa9b3e7e93e58f22859fb16dcd58ce2347c0089baf0cf6af713676ea26d8b,False
primary,693,microsoft/vscode,2023-08-28 18:27:09,bug,bug,03cedb710b907f5ed0eb7daf251397557a74d0b14834766f181cc55d8f923ffb,False
primary,694,microsoft/vscode,2023-08-28 17:39:17,bug,bug,3622fbc020571c049cfed483ad9eb1a2bceb1abd82ad36154da18ca8173c83c0,False
primary,695,microsoft/vscode,2023-08-27 23:14:27,bug,question,e53cdab0b726a178b42fa8b1b1571600c1895c5ff577d3a231db93b925609ba1,False
primary,696,microsoft/vscode,2023-08-25 16:55:53,bug,question,56e55cd4bb29a21ff210da866da5ff7c4f127593b35f5f5eec2f6eeceef3bc48,False
primary,697,microsoft/vscode,2023-08-25 16:04:19,bug,bug,ffc1ddabd1c37c5f1c382519da70d2cf906b11ac4fd48cbe0e81c47f9fad8e6b,False
primary,698,microsoft/vscode,2023-08-25 07:41:47,bug,question,c334a911512218301b0f1d130e2f4f1a0fa3dc4e9b5d896878ae013f7f72a487,False
primary,699,microsoft/vscode,2023-08-24 22:26:31,bug,bug,3a512ee8ade09af6939fa04b7d9e2149c7816d36efa5bba2ab8bb84bf1237358,False
primary,700,microsoft/vscode,2023-09-27 19:25:34,feature,feature,123372d1b4d20979d109b5c407e0eea3366ae3ed9655b8e39dd43ecfc0a6e483,False
primary,701,microsoft/vscode,2023-09-25 16:48:45,feature,feature,f1d8f2b429d1e4d425f082d501cd3d9fca759dfd00be85d8fde77bac60de3767,False
primary,702,microsoft/vscode,2023-09-15 22:49:07,feature,feature,6d2a1e4e11fca12ab687143ce96401f6cdde5699ffdeb8d5c8c85904fb32111e,False
primary,703,microsoft/vscode,2023-09-14 07:51:02,feature,feature,3359acd150a1dde84e0b57cf025d2ec9a39780e3747437c9777c38d8adf153a3,False
primary,704,microsoft/vscode,2023-09-13 15:05:18,feature,bug,e7c28bd5ea42dbbb9bef1f16bade5601be2e8d1f81b17ef0f80842d211356f1c,False
primary,705,microsoft/vscode,2023-09-11 09:59:46,feature,bug,9d5d5f049a1efb6fa55f0e46561ef6fc9cdec9045d64f172c86b8aae62ca51e7,False
primary,706,microsoft/vscode,2023-09-08 12:48:03,feature,bug,903530ded2914838c41d4e2a9ea642d5261fe93f2381193ab148a906b90a9cb9,False
primary,707,microsoft/vscode,2023-09-07 07:38:19,feature,bug,464d1a468498db2842322502e5e7d48d7bb9d2251f0f2caba1fea0af19ded0f7,False
primary,708,microsoft/vscode,2023-09-06 07:49:11,feature,feature,c5756c85235dbb33f90bab67d4790c07d193c818d49e04d75518229b0077a208,False
primary,709,microsoft/vscode,2023-09-05 17:54:42,feature,feature,3333c8c6d97ccdc09d7c59b4eb0dde0759c6e3797382df5584744786a4b912cc,False
primary,710,microsoft/vscode,2023-08-31 22:45:48,feature,feature,b1d48f13616733669a3d8a6d431bb1e4d8647fa691e84e3458b591656c016636,False
primary,711,microsoft/vscode,2023-08-31 13:14:11,feature,feature,20cd160836c80c598e34bf76ecbcfdb4d758796205159b0e841e9e0214c5b073,False
primary,712,microsoft/vscode,2023-08-30 18:02:22,feature,feature,f9bc1be2d5a4e8510a032da61d5efce0f0a1c620f995f8fafbbf3aa5b1220ea7,False
primary,713,microsoft/vscode,2023-08-29 01:22:30,feature,feature,257d275046b2fb70067c616bd089b71fae7bbd921a296bae77b3d2adddc616ef,False
primary,714,microsoft/vscode,2023-08-28 18:19:34,feature,feature,e2a2c2e54e24e7e8df04556f7e003c07d9bb49bf8309851de5f3f0714ab04d74,False
primary,715,microsoft/vscode,2023-08-28 17:44:57,feature,feature,ebea5c2cadc49e4c0b415eabf02bc79c02f877203a26adfe156b6b8617734628,False
primary,716,microsoft/vscode,2023-08-25 01:42:20,feature,bug,de405e0f4ef8fdafbc24d3117ad12ab107337d9b263bf6bb3daae89537765f06,False
primary,717,microsoft/vscode,2023-08-24 15:21:27,feature,feature,8c56d77d9546578897ea587a48fe6494fba0cba00e087de596b352289e435bea,False
primary,718,microsoft/vscode,2023-08-23 15:23:11,feature,bug,886cf5d36c8be67aa22b92e2e539302ac5fa2321887311a481f6c10552811f0b,False
primary,719,microsoft/vscode,2023-08-22 15:55:05,feature,question,678f6f9b058d2785dec50b2f4f1553208b4531d3339273e9c0013742c4899622,False
primary,720,microsoft/vscode,2023-08-22 10:13:37,feature,bug,e7bfe31f1c537b6dd8f5806f78fd430ffb4bfd97a1e3659c06573bafa56e1b6f,False
primary,721,microsoft/vscode,2023-08-21 14:20:33,feature,feature,0b5bcd69e2d773c2f2e0d63313f463ac1ac308de379e496ae5af41094f91fcfc,False
primary,722,microsoft/vscode,2023-08-20 08:54:02,feature,feature,ae36961299172c70d5953f4d8aa49209b619d0fa189783808457743eb565815a,False
primary,723,microsoft/vscode,2023-08-18 03:00:16,feature,feature,fb41d933b8c7bb7e6d88b98f4134e9001a0a7af58183a63b59a67a5198d55f40,False
primary,724,microsoft/vscode,2023-08-15 22:46:05,feature,feature,4e80e4ac6e6e90cb18a4c0d1aa789edbf005a5e402a04c3aebd3f83139901755,False
primary,725,microsoft/vscode,2023-08-14 15:44:14,feature,bug,d8c79574871ee9e13b702f6c48aa6d678dbc94d5b7b7be18725328ffd87fb057,False
primary,726,microsoft/vscode,2023-08-13 20:59:07,feature,bug,e4053b48a88591b62f09f40ee6789b7994166ea4721b9a73310aa81770622b32,False
primary,727,microsoft/vscode,2023-08-13 09:32:52,feature,feature,f0a6c6db1d1bd47f4b46069407e5f26a24cd88c011579265f9d43f47dcf459fa,False
primary,728,microsoft/vscode,2023-08-11 12:01:05,feature,feature,7a4d10fd3d025a6e66e2e67ad18c6ac6ccf56d5e0b25ae3e42e9f514a0edd175,False
primary,729,microsoft/vscode,2023-08-09 21:10:03,feature,feature,5a1c56c6452e4510e027bf9388ee2551d4edc5fa87934ea977dd1841dafd0e77,False
primary,730,microsoft/vscode,2023-08-08 21:37:51,feature,feature,bc675216bcd11f370ba5fc444f266ea54b067f83f68b11b15b12838bdac3e950,False
primary,731,microsoft/vscode,2023-08-08 18:52:11,feature,feature,5ecec09dbb5e930a959e296df1ef1bc4f3b3448f54fecbabd33600a06e362041,False
primary,732,microsoft/vscode,2023-08-06 16:34:24,feature,question,6935b204fef6dc166ff5d35f0ec280553e78250d37de41a48c27347a38c89cdd,False
primary,733,microsoft/vscode,2023-08-05 10:14:20,feature,bug,43e3a858f27c882e930321bf7285b6be27ab10a59b22f982eb55ea0d07f69928,False
primary,734,microsoft/vscode,2023-08-04 19:35:26,feature,feature,8f3e79d2b1acae1d434fb3dd6c5f2a88f52100bf968db09662e6d0e03f419855,False
primary,735,microsoft/vscode,2023-08-03 09:07:27,feature,feature,f62f0791f119505841dad477a0612430c3d19a26a99ef8d32f3228aab86593e2,False
primary,736,microsoft/vscode,2023-08-02 16:32:18,feature,feature,a4a077099b55bd9aebfb982e2873eec6b5d3e83ac18e096e101f4aec99ea91b7,False
primary,737,microsoft/vscode,2023-08-01 15:14:41,feature,bug,53b19d2eb150bf3478b58ed290a0a85883c0de4d3bd6d0e920ec55a676a9c885,False
primary,738,microsoft/vscode,2023-08-01 10:26:23,feature,feature,bda14e18fba7286f0bc1a56125e0aeefc4a5ba339c878334a0bf07c77e4e2bd7,False
primary,739,microsoft/vscode,2023-07-31 21:49:47,feature,feature,f4f0f5fb86df40be2bef6888293edb03864edd5accb55304dd04ebcc8b400879,False
primary,740,microsoft/vscode,2023-07-30 06:18:13,feature,feature,2e46a5652f5b34b1daf110cd97b6c3c1eaf6f4feacba2d303ab1a06895e7364a,False
primary,741,microsoft/vscode,2023-07-27 04:58:33,feature,feature,c690c3ac46cf26cd0aa4d404ae7578ed33f28aafff7ad1a5e64c04a3af6dd7e2,False
primary,742,microsoft/vscode,2023-07-26 11:33:05,feature,feature,2573a2e2319f22a0e569a784646f15cefdf3c3b9a451522d65ec57af5edec50f,False
primary,743,microsoft/vscode,2023-07-25 16:49:43,feature,bug,a653010ed2428e9bc0ef8c12200a9b31cff8ec31293071a835310e17a923e27c,False
primary,744,microsoft/vscode,2023-07-25 11:10:22,feature,bug,855f907ca991cc54bd677ea1d174b09702b1fd72e29d2fddb3c363b123c741e6,False
primary,745,microsoft/vscode,2023-07-25 03:37:33,feature,feature,7f41321127b8a866a6caa9a5cc9f01cd1e2c63597c84bc47f0a4f8e0b01eb0ac,False
primary,746,microsoft/vscode,2023-07-24 18:14:01,feature,feature,13b9c15c277f6596f4ba177d32b3339225c3a6b686d8c48b3254848bff059259,False
primary,747,microsoft/vscode,2023-07-24 12:19:33,feature,question,500d91b9fd453acdafba854f6bd4d2daf18523627019096a0fb43fa8a69542fc,False
primary,748,microsoft/vscode,2023-07-21 21:22:34,feature,feature,1a24b85e63037c7d599b6824725c53f6e0b34c52a075bb8e426becb565e86c12,False
primary,749,microsoft/vscode,2023-07-20 23:28:37,feature,feature,da52aa13c9c9f395cb227ad7a3d03b717000e25d8f4047f0dfc6efa9cb2f4689,False
primary,750,microsoft/vscode,2023-07-20 19:15:53,feature,question,da7b75307c51a7d27fdc6c4ec3cf944d28c922297f5c1539d6f0a325e73f96c2,False
primary,751,microsoft/vscode,2023-07-20 02:30:58,feature,bug,2499f32f4ba60e79f9505aa17ae0a6689b8aeb64716de908cdc36c7f5a3dcacc,False
primary,752,microsoft/vscode,2023-07-19 14:50:19,feature,feature,25cf0f26619c87fc80a78a4886ed2ee8b4283fa5858f3d418a0b8853c86bdfb1,False
primary,753,microsoft/vscode,2023-07-19 04:29:33,feature,feature,c229b99bc989b1d1fd44366472e64175b7d3a4f645148442ac0ad5a02b02272a,False
primary,754,microsoft/vscode,2023-07-18 21:48:38,feature,feature,19f2cfcac9bdb31edd7496f2ac8fdc1d1946627ea474fa9d94776bc747a810e5,False
primary,755,microsoft/vscode,2023-07-18 19:13:44,feature,feature,d7ef9988a54258404fd8b90288ef586ac7d30bce2e94f1cc39fc3930cfe85de6,False
primary,756,microsoft/vscode,2023-07-17 19:28:57,feature,feature,3227e69c5590d3986229c1934bab7ae28ce31099ad5b3204ea0edf75d0e52692,False
primary,757,microsoft/vscode,2023-07-17 12:36:20,feature,question,cb1f836f3c46b84ba70b1c0605c6891ac182574512fb399120b7001f4b835828,False
primary,758,microsoft/vscode,2023-07-17 10:24:52,feature,question,837f377d4321ec13637063af684ccfe446f5ac0d1ff23c2c74a2c30f3f94fa94,False
primary,759,microsoft/vscode,2023-07-15 21:01:11,feature,feature,53b8d9cd3374e25ba88ff1452d3b5e7ae28976cab27556bcfa4a2178c9ed5a59,False
primary,760,microsoft/vscode,2023-07-14 07:13:00,feature,feature,37d13a88ce2abba0dcbc21301ceb0a90d58a68c9120a050d3c4765154c684562,False
primary,761,microsoft/vscode,2023-07-13 16:25:58,feature,feature,8d3ce4d5672ef5d6d65536a636e8b3f859988d467e0434e0234f6eef1728e3bb,False
primary,762,microsoft/vscode,2023-07-13 00:22:55,feature,feature,4506a888eb68dbaa8bd55f3b1534325cb2b65644dda63395c753bb05c51f1573,False
primary,763,microsoft/vscode,2023-07-12 11:14:29,feature,feature,bf74a614ca08a633ba91d6d457ad51b53be7cdb22538f7e8ace98934cea6e0f8,False
primary,764,microsoft/vscode,2023-07-11 23:10:58,feature,feature,9f8095770fcc4e37a95a5b0187ac40ab095bc78623a2bc1ac1c92d04cdb6bcb6,False
primary,765,microsoft/vscode,2023-07-11 15:49:22,feature,question,cb63f692c361329c1722934f92f45d536b992842cf117bfa58199fe756aa0fc5,False
primary,766,microsoft/vscode,2023-07-10 18:17:58,feature,bug,313a696783df478afca78635d933c832180bde932858f9576e7ed704669ec8d5,False
primary,767,microsoft/vscode,2023-07-10 15:44:01,feature,feature,ff94a7a1badf3999bebf086bda78838f74e21ab90d877bb9af81bc7d711ae603,False
primary,768,microsoft/vscode,2023-07-10 15:03:10,feature,feature,90bc1c6dcd8ebc297e66bb15056bc1c6d8a0887a9f16fec5a6eb690169277b2f,False
primary,769,microsoft/vscode,2023-07-10 12:59:38,feature,feature,59d8f1a2dd6d188b51f5068cca06fc2d6137a66ba21ca357f6ac5c4efa67e09f,False
primary,770,microsoft/vscode,2023-07-10 09:00:15,feature,feature,b6cad6643863c76b1e6000c91f6ff8fcc5aaaad66d6c0736f06df35e3a0766b3,False
primary,771,microsoft/vscode,2023-07-10 07:39:46,feature,feature,82cd458798204a2f8b62ea17740355ed168e9e6a78ca5aecc3dcb03668a2873a,False
primary,772,microsoft/vscode,2023-07-07 05:02:45,feature,feature,6b9fbe1f15096b07ed64032e5a3354b36c1d3576034ba9a567dd89b5ae039075,False
primary,773,microsoft/vscode,2023-07-06 19:39:33,feature,feature,bcf78edf7ed677c8aa3cce0421537ef0da3e10ec426a9c91e3f50e0ee746ad3f,False
primary,774,microsoft/vscode,2023-07-06 15:22:18,feature,feature,cddc040d46c4c1c265efedcbdf89d2e92e5f47f66027a1c46e0dd54d68f074e9,False
primary,775,microsoft/vscode,2023-07-06 12:57:50,feature,feature,7730c7497575a684fa759e0bd10fbe1aa383a76c25df603ce6bcc5294d21d55f,False
primary,776,microsoft/vscode,2023-07-06 04:09:04,feature,feature,780b44ab3efad805f752ba94e3aa2fd9299b2ab2f2d6a5dbb945b66542ac45fd,False
primary,777,microsoft/vscode,2023-07-04 11:17:32,feature,feature,92ce8672946c34035457ff496bfbceda4c3abcbd42ca61326c1add8ad497587b,False
primary,778,microsoft/vscode,2023-07-03 10:17:11,feature,feature,2f6cd36a7007a01df0cfc041122a825e73fbdebe395fc8b4d06fa99acb7f8b75,False
primary,779,microsoft/vscode,2023-07-02 15:57:23,feature,bug,75dce72fe3df6fe2103705e459beba337ee3aa3c31f323d6b497fcd4829bec4f,False
primary,780,microsoft/vscode,2023-06-30 15:46:38,feature,feature,98599adf46728452fb82668ad24dd5d0875edebe0199705b3974c8a7e267b2a0,False
primary,781,microsoft/vscode,2023-06-29 21:38:01,feature,feature,37f15d79d76c5d5f42ff2f13af76577dc34380624b5f0f725e4418cc547fcec6,False
primary,782,microsoft/vscode,2023-06-29 21:25:23,feature,feature,307f5e734ce587e6b5037b7cc26cd46b3bfb37c1a4c579e70c9858d89c81fdcb,False
primary,783,microsoft/vscode,2023-06-29 18:27:33,feature,feature,6d46c33666c737679d0e10d497caa14a305d7eaba456ddb19b5d2585baa44d71,False
primary,784,microsoft/vscode,2023-06-29 06:19:02,feature,feature,a827773e94473ca62835f1bb41ee28a1ebc3cd4cacf0a057bc1b62a88f4a5731,False
primary,785,microsoft/vscode,2023-06-28 16:38:51,feature,feature,6ad1a17a1067606e026c0a9dee2fb363ee3b353953ee97ad69d4f7f1e05ac551,False
primary,786,microsoft/vscode,2023-06-28 09:00:45,feature,question,f300a52bd5dd8fceeb1650cedcbf469880adf43db6e53f5f71a86c3e048abf75,False
primary,787,microsoft/vscode,2023-06-27 21:52:22,feature,feature,53cdb4828b67d060ed2cabf371523e73579351b06e88088d6fef46ba924678a2,False
primary,788,microsoft/vscode,2023-06-27 18:14:34,feature,feature,f5892e9a435cb4bc008b0c1302dc7739143c401fa46535cf76cd093b0d72f1ba,False
primary,789,microsoft/vscode,2023-06-27 18:02:15,feature,feature,9485a17284878b8781ee7244935e52beea57dc07dc72025b4db5c965ffa6ad1e,False
primary,790,microsoft/vscode,2023-06-27 06:55:27,feature,feature,5f31f1851afe09527609c148bed06726bbf9e01c8fa1d6b03c08ce73ee73b241,False
primary,791,microsoft/vscode,2023-06-26 18:13:04,feature,feature,8839bccf6fe44f080ffda2dc8778d20a5a1f79775c152b985f6e3283ab7a2d18,False
primary,792,microsoft/vscode,2023-06-25 12:25:18,feature,question,6b087ad47eebbe34129b29016a276ea491710cbe1b01decb8cd603834174a9a1,False
primary,793,microsoft/vscode,2023-06-24 09:28:32,feature,feature,dbd7a855cec02be7d03c731633cafba219459c74febb1b77b4effe623d3fe64f,False
primary,794,microsoft/vscode,2023-06-22 20:46:44,feature,feature,c2c90df2dbcec86b076b0ad9fd97e10d0e93897f7ce6813800ef44c76f091954,False
primary,795,microsoft/vscode,2023-06-21 14:52:48,feature,feature,cd5802401d6a813996120002ab4952f58a87851e2cbab644bc85021cefd5ad11,False
primary,796,microsoft/vscode,2023-06-21 09:14:29,feature,feature,8603052ebea82d9c3ec5af53b419bc3fa774049744b1d6dba175c6770e28d893,False
primary,797,microsoft/vscode,2023-06-20 21:12:25,feature,feature,a534a679b7b60d2f01845d65a3fcc2d440308ad4ac738eda42153e79c506f078,False
primary,798,microsoft/vscode,2023-06-20 16:49:46,feature,feature,9801fe8f27ab0f84392851374db3a60d05cc174fed94711a2b9433df584d2e9e,False
primary,799,microsoft/vscode,2023-06-20 14:30:22,feature,bug,3b72853c07046475e4230328e69a4c48ae475298da938783933ef163f396ecad,False
primary,800,microsoft/vscode,2023-09-28 20:59:06,question,question,6ae2acbe5505f450dbf8b0306cd3a01f4bec5bfcfca0489779d4a565d07c95e5,False
primary,801,microsoft/vscode,2023-09-28 15:53:17,question,feature,edb3de0a743bb337bd27b88f53f8f3b84f9665ba9479014d93745adcab6c5b80,False
primary,802,microsoft/vscode,2023-09-28 04:13:06,question,question,70bce3d422a1b978b6d091aaef75b3f57e737cfba305e4249b71312334674213,False
primary,803,microsoft/vscode,2023-09-26 20:41:36,question,question,2e5f6cd4cbc16ce4a6ca5df2734ed5f746f2bc6d6b9f874835e7fd6b7d0cffbe,False
primary,804,microsoft/vscode,2023-09-26 05:14:01,question,feature,e3e44fafb536c264316c43c22fe5dde481021b55838e093f95a25e07d69ea500,False
primary,805,microsoft/vscode,2023-09-25 13:44:18,question,question,69eabae84f0134ec420046be4dab1c90e8460ff35004115c37ac1e5e5535ab47,False
primary,806,microsoft/vscode,2023-09-25 02:47:11,question,question,bad0aae6eea527542ba8ee0b1910969fbcc5887bbae5814f84f9d38109ce2721,False
primary,807,microsoft/vscode,2023-09-23 04:41:43,question,question,4103b3ffe3a6680185b1119d863eaf880b21b30f7216c77b12f88afd4710a437,False
primary,808,microsoft/vscode,2023-09-22 14:38:12,question,feature,11ad29f609288f0e8f4f173715562a646c31a938e7d877a52a9653c24abd76b2,False
primary,809,microsoft/vscode,2023-09-22 01:45:20,question,question,88ae931593e070a77ddf70bf3b834c624bb0865a0cc13ed2d5e4622efc6ed198,False
primary,810,microsoft/vscode,2023-09-21 16:14:30,question,question,3c170c1ff09c7c9bcd4e5b1840facf74da33b81e46480d97ff8fa7ca803251c8,False
primary,811,microsoft/vscode,2023-09-20 16:28:33,question,feature,c9829a86df65c589ac9157e8a92c059b4c6cd6b9e9d8bc9bd529eed1765ad628,False
primary,812,microsoft/vscode,2023-09-18 18:20:14,question,question,65be1eeac362c6a5c0e3d809f51f8de03c78b151caafd692605d42b9cf29009e,False
primary,813,microsoft/vscode,2023-09-17 07:02:24,question,question,124725653fa16b250b546971bf82b26947bc0959549cf9c3a46825bea071f810,False
primary,814,microsoft/vscode,2023-09-16 11:14:59,question,feature,c885d8002bfd0c3338158f07df4ee8a8b89ca0f7fe842c138ac6cf3ea8da0ae8,False
primary,815,microsoft/vscode,2023-09-15 06:09:43,question,question,bf606367fec4f77dc2562a0596abcc0d9cde0395be2e1ad21b6a932f63f75dd4,False
primary,816,microsoft/vscode,2023-09-14 12:06:09,question,feature,474f0e7a652508cf57eb25722c5d25b1df577020dca57551f7af41cc8f7e97b8,False
primary,817,microsoft/vscode,2023-09-13 13:17:38,question,question,1eb22d5215b066ec5f9ff1dfadf16be46d7367bf91595f1ca4b48eec0f599f2c,False
primary,818,microsoft/vscode,2023-09-13 00:27:38,question,feature,fe2adfb1abea3aa699d7a70f0ec1ccc1759ae110b2fb47a17cb3f0661c6bb052,False
primary,819,microsoft/vscode,2023-09-11 07:33:42,question,feature,f93f12e0bd7607fce21fe73b46535dbfbebb55bbc32c3b3a4946a334e8a8c234,False
primary,820,microsoft/vscode,2023-09-09 13:37:00,question,feature,de16014ad1bd7b1271aa35383508738ce26729fde2c8e501e21ac8cccf6986aa,False
primary,821,microsoft/vscode,2023-09-09 03:29:09,question,question,cb019dba247a6fa70c5e7c6dc0a2fa28907f3c86f9b70050feba8125c1a5f1ac,False
primary,822,microsoft/vscode,2023-09-08 11:38:19,question,feature,bd6802e1e57269ba67368678b3a9fa5747fe098ea811957940cc846a17123023,False
primary,823,microsoft/vscode,2023-09-07 17:47:37,question,question,d71271f57adb93f18f27d5b695fca90e1531972c0ca7ef94718bc2942475b947,False
primary,824,microsoft/vscode,2023-09-07 14:40:11,question,question,875a8c26790cfd6547c8982eb52b6b565615f0899e74e33aa212208ef5a7a28a,False
primary,825,microsoft/vscode,2023-09-06 00:39:35,question,question,15a6b59c446f82bde571a4ddffb64dc2fa05b1dde9e598e9121fdd8b7934b6b1,False
primary,826,microsoft/vscode,2023-09-04 06:36:37,question,question,3a31d79fabbe892be3e42b52edd63fdbadb1cc557be25facc4e9dff761b6f67a,False
primary,827,microsoft/vscode,2023-09-03 12:17:46,question,question,3ee6f65e35062f65b73e761c29de66c679c85a24341e8bdec5abe4600de7cb1d,False
primary,828,microsoft/vscode,2023-09-02 18:37:59,question,question,f6bf6b6717b5cd789688f5066c830e472a8f6cc0b042d96f76d9dc7deefee517,False
primary,829,microsoft/vscode,2023-09-01 12:26:02,question,question,fa5db4bcbb1a49a2d9450959c1ca1af71fa7ab356a4367e2449c2325c76236fe,False
primary,830,microsoft/vscode,2023-08-31 16:13:32,question,question,663c7180f12c4895995113d8f68dbfab1d0183c5ff5d3c9d5039dc69ba0a8381,False
primary,831,microsoft/vscode,2023-08-31 02:41:06,question,question,25cc5bdc51ffa553c233dbbb3e337268ec778a89cfd80995dd81409d832b75e8,False
primary,832,microsoft/vscode,2023-08-30 14:45:45,question,question,6806626e458ffb288873d29839bd53035b0453ee9b3ca4a267f0e8096206d599,False
primary,833,microsoft/vscode,2023-08-27 12:40:01,question,question,1fa34e6912cf332c9d0837710814bfcf3b2e34d85fa5f03d00f999caffeedf27,False
primary,834,microsoft/vscode,2023-08-24 09:56:18,question,feature,ef9b583ed17d1688ea4abea03d0422f0017172b7d67715290bb8b96c978c9b66,False
primary,835,microsoft/vscode,2023-08-23 16:02:16,question,question,6f1154759e2351888c1741f58994f5f5d62b6a691861662afb2f9ede5f952207,False
primary,836,microsoft/vscode,2023-08-22 00:42:24,question,question,5c102230efcc8bf9c7df5e0270ad01ece3f6d7c6683572d1c8bf0f477f26b97c,False
primary,837,microsoft/vscode,2023-08-21 18:35:46,question,question,bba03a418cf720a88e93938cd05db25cf25611cb9135c57e360506e9812314ca,False
primary,838,microsoft/vscode,2023-08-19 20:41:27,question,question,0a7ba727e28f2d0b0390e4ae311e8e17293979dd42e12db1bbb9baad478b4a18,False
primary,839,microsoft/vscode,2023-08-19 01:55:54,question,question,c64d3d0eea2dded63206496783cf0c5243bd3118eb44d6b8d2f6e351c34cf343,False
primary,840,microsoft/vscode,2023-08-18 08:45:01,question,question,aabf836a5f5f0e10865bbeeb221328f9da30cd843cb64a163ba636fd1c228844,False
primary,841,microsoft/vscode,2023-08-17 12:40:51,question,question,8b58ee7eaf384004bc372e9097f2c0da32c753de88ac49bbc57d3d27b28c1cda,False
primary,842,microsoft/vscode,2023-08-16 13:52:55,question,question,1123ea5ee2ae27b9e05395599b03804ed609c600afa127fa4e92811c8f78b75c,False
primary,843,microsoft/vscode,2023-08-16 02:41:13,question,question,bbd6013bb6c9ec22d37b26efa28c471949362306692c68ed1b9c3e59cba4724f,False
primary,844,microsoft/vscode,2023-08-15 06:17:39,question,question,5cdfba44b34cae3bc0210dfd5e1d22303b0ffd41a288fc82f568cdfaddee22de,False
primary,845,microsoft/vscode,2023-08-14 14:23:24,question,feature,b1923f1f4691a5730cef9858f336a932d9e41d011cc9a6dd33d0073e96f79f3d,False
primary,846,microsoft/vscode,2023-08-14 07:36:41,question,question,39dad2fb99733392bdbf0fd4848dd8b97f3b84d89f2c358753bd4f50f30706d1,False
primary,847,microsoft/vscode,2023-08-12 10:06:09,question,question,66a166a9dfbdc413c205bb694b64fd583494eb85f7eb46724b69bfea99f0801e,False
primary,848,microsoft/vscode,2023-08-11 11:19:14,question,question,c114b2a51091c94b47f0dd5a092cd9a8bcd5c85591b771c5f49c1ead220f5b4b,False
primary,849,microsoft/vscode,2023-08-10 16:22:56,question,feature,ccb4a732c43ea25c7415e76ab3bed62d8ef4dd0bb5ca39a60541f258622c9355,False
primary,850,microsoft/vscode,2023-08-10 10:54:59,question,question,322512bd70354901c0f3a473c7b4b8e2e0e2afe7db10fd2b1e1f7c9147cbadc6,False
primary,851,microsoft/vscode,2023-08-10 07:47:29,question,bug,5f50397d83565978d7533c3b8c485120cf79edb1ca4268cac21f9f9652cb23c7,False
primary,852,microsoft/vscode,2023-08-09 17:59:16,question,question,40984181b451a6cb381a39a3281855afbb1df107a198ae4a5642250496e84ce4,False
primary,853,microsoft/vscode,2023-08-08 08:18:58,question,question,23be8dda4403e5345c420336e30611d9f2069b289ce886da6044f5a204d5d838,False
primary,854,microsoft/vscode,2023-08-07 17:00:40,question,question,7e6bdbf2bfc85b079d180797f8a63ef3b502ae476ba3fb7a82f72d84aa3fd3cf,False
primary,855,microsoft/vscode,2023-08-06 19:13:37,question,question,a59be4bed48e6aa64c6bd1d577ba5bd5ef644f3ce1fe2384db189e69ba5683a5,False
primary,856,microsoft/vscode,2023-08-05 15:02:20,question,feature,9b6bbe2b402c3e48c46e53084b231f0a09358064cf54438d54a8f75779856fc6,False
primary,857,microsoft/vscode,2023-08-04 19:13:03,question,question,e8c3bda22b6ac32d60af21b2d2bd955cb9132813641a3e6052af1116fc6b0229,False
primary,858,microsoft/vscode,2023-08-04 06:52:16,question,question,65b1600c12a146aa1fcd999c0f31d6bbef6aeab733d8f3bef8f5ea1e009a4374,False
primary,859,microsoft/vscode,2023-08-03 09:43:00,question,bug,4cf79b2477e6255e966ae59032e53cca8277b1bfef2ac5d5dd9966928b4b8f57,False
primary,860,microsoft/vscode,2023-08-01 15:08:15,question,question,451bed21bb55f360a13d0160be26e4a7f3b20c4419e03205ea0241fe296b2427,False
primary,861,microsoft/vscode,2023-07-31 20:49:34,question,question,7feade10b0e7f74f31d133396282214fbab942d217327970cc2afb03e53ff884,False
primary,862,microsoft/vscode,2023-07-29 18:29:28,question,question,b08e1719162779e3b646e78b02607f7c31ee3233ffc7955c9c8ef7e2a2265bb7,False
primary,863,microsoft/vscode,2023-07-28 12:31:21,question,question,e09292b57798a02b11000a663e665e80a5134f9ac3e16dd6852e50cae6214ea3,False
primary,864,microsoft/vscode,2023-07-28 04:59:42,question,question,4ba5e7e18d7565bf0d5bd95f74581416de2f8b95e25a775ce8edbb121c2174f2,False
primary,865,microsoft/vscode,2023-07-22 16:47:56,question,feature,19f425873b522c264f2f1d3329875991ee1a30842d3a152262edb5eb4beac019,False
primary,866,microsoft/vscode,2023-07-20 17:03:38,question,question,20a342898e4583a989b7b6e6a61ac38c9d227bf426f6b774131e0de3058c96d5,False
primary,867,microsoft/vscode,2023-07-19 18:42:39,question,question,24db41e46a5dafdfb06db8437c9fac4672b9fb1cf8bb046283a982a98076f938,False
primary,868,microsoft/vscode,2023-07-19 03:07:59,question,question,394190c08457cbe02e58c52702fed233e688fe7075158109a9caf3e2daa5f980,False
primary,869,microsoft/vscode,2023-07-18 09:20:42,question,feature,c62defbc5387c6bedf3888649203d99883d00b9369384a76f6e3865b2998cf8e,False
primary,870,microsoft/vscode,2023-07-17 17:05:21,question,question,a47e13b36677dcc05614a24047c1889a65a81da3c47ac47d999c5c4fed8f7cc2,False
primary,871,microsoft/vscode,2023-07-17 01:49:49,question,feature,e20acd491b94e0e9f47cd573eda13dd7b396407c25146cb02e715df066c9f5f2,False
primary,872,microsoft/vscode,2023-07-15 10:53:05,question,feature,0066242bc73c712ef5d93b2bc60a4dc005433ef43b18f4f2dc45a954c00d8474,False
primary,873,microsoft/vscode,2023-07-14 04:33:06,question,question,224488e950d5e175233725e7917cadf41ef742af1c1cff465dbf78d7234af53b,False
primary,874,microsoft/vscode,2023-07-13 15:01:38,question,question,e686a6ceb9375fb770faa22a2490a065510d863df44e067adb8c746ac8baa800,False
primary,875,microsoft/vscode,2023-07-13 09:00:42,question,question,d190b1f2c6ddf42aa6ad491a69016533d8879a663b9bbf8457300933cd41a76b,False
primary,876,microsoft/vscode,2023-07-11 10:40:37,question,question,ff1bd1671ce3d3ddb58f40fa86333cf2e483f92f8724109cd1a5518263a7584a,False
primary,877,microsoft/vscode,2023-07-08 17:53:37,question,question,e73b17a61ae58e035eba8b3cf3f43fba14a271185a0b2a4cb49ca3f08e51817e,False
primary,878,microsoft/vscode,2023-07-08 07:02:45,question,question,fe9a5c59dc4edd91d9ffda5074fac42fbaa1fea63e5709bfaf3ad08bc7b06183,False
primary,879,microsoft/vscode,2023-07-07 03:27:17,question,question,57dcae97ed8969909e569814ef8026e324bdc4b7987d85abfcfaa5a815f97120,False
primary,880,microsoft/vscode,2023-07-05 22:12:02,question,question,0f1f9b7a6490659fdd6f6cc6c543b425b69334f84e46040b3bd34c0fe6d5a131,False
primary,881,microsoft/vscode,2023-07-04 09:34:59,question,question,5c3e251bf1d84a1922eedd1955e9d029c7f25829118216f8446c64b8b101695f,False
primary,882,microsoft/vscode,2023-07-02 22:18:39,question,question,17d39e0289f39a5cb971208fcd83bbb69053f8ce67f0fff1ec75b97e13bb98f0,False
primary,883,microsoft/vscode,2023-07-01 18:09:08,question,feature,60aa5d37c713f96d19ffd27ae3892893e52445c2d232e56bd9204c327607a978,False
primary,884,microsoft/vscode,2023-06-30 12:29:26,question,feature,2a175088ae87d16774e78cf9a4921ec49b83a4074f0a19c636e2895f2c19986e,False
primary,885,microsoft/vscode,2023-06-29 13:49:04,question,question,6eb38920be656bc9eb4ec146658a470987ed6d4a362bb5e0996937fa44710a36,False
primary,886,microsoft/vscode,2023-06-28 22:44:43,question,question,de2663ab98f58cc0c065ba70abbbf6792b4a3431f6c68b713cad1e5d00e739a5,False
primary,887,microsoft/vscode,2023-06-28 17:41:26,question,question,db02e24a8123d260cc4479cdfe11bf1c9d2d50bdcb866736bf119b2433c076cd,False
primary,888,microsoft/vscode,2023-06-26 22:05:34,question,feature,00cac532ffc27195e44eeab30da6043a045737562e312f4694cd1b5d496663c3,False
primary,889,microsoft/vscode,2023-06-26 15:45:23,question,question,1b99062a1cec98bc938b22f2acb2264db19df47be69f948139eb3c4806f8394c,False
primary,890,microsoft/vscode,2023-06-24 02:26:58,question,question,61ef7e82f499fcacf4a2e7d2f8174e7fb75273de26e4ee5249c5d19e59348763,False
primary,891,microsoft/vscode,2023-06-23 14:26:39,question,question,41f993cc351193f9049571d340d50f68a4f8dfc690499b4cea986dd2844ccc50,False
primary,892,microsoft/vscode,2023-06-22 16:07:36,question,question,15f69ac1071deec765ea9e47e1c3ff8ed0c10d4ca3d951cdd0a0b571382ff94b,False
primary,893,microsoft/vscode,2023-06-21 14:12:05,question,feature,77899d697d4ad5ce416302735cc55d83cf0f83a2bc1b250133d498d197129df3,False
primary,894,microsoft/vscode,2023-06-19 15:16:32,question,question,3fba5833c2303d6d456faf2987ed477e75113ebbf6a66351c74d58458c06f5f5,False
primary,895,microsoft/vscode,2023-06-18 12:24:30,question,feature,1fcb3db7a782ed101916deae13802220abb0fd010e08e6d23a4f05da60a16508,False
primary,896,microsoft/vscode,2023-06-17 00:56:01,question,question,fc04d4dbe6045bec9347e6c9fa54583a1ddda6577fc33a01ab9acf975f65c79f,False
primary,897,microsoft/vscode,2023-06-15 23:05:33,question,question,602435baed4808305915757bdaed25352d271d8bb67a4b144e0213a0f46850d5,False
primary,898,microsoft/vscode,2023-06-15 11:55:58,question,question,d51b800ef33854549a5528206b32d0040f689705ee8dd842a45678a975139117,False
primary,899,microsoft/vscode,2023-06-14 14:15:37,question,question,26c0748c24887c6c910d040c2de6e8c9c30260af99fb5a28807cc4395ed9d7cd,False
primary,1200,opencv/opencv,2023-09-28 07:19:24,bug,bug,921bad68c26ca5caaf0a7f7771ff376faa429e7669b939c98843bf1c75701807,False
primary,1201,opencv/opencv,2023-09-24 11:13:24,bug,bug,fb7c05f677144e1002b18733acfe837092acb9211d2a8a427f826d45dc54241c,False
primary,1202,opencv/opencv,2023-09-20 03:58:09,bug,bug,4cafb979f57bc004117daf9908c405b4556c3e40b773c3393b6c50dfbab391a4,False
primary,1203,opencv/opencv,2023-09-14 07:04:32,bug,question,75cd2cab7786dba0cd8e95dc81e86961ca9f0b4ccfdf6bd643fcfd037358f0a7,False
primary,1204,opencv/opencv,2023-09-11 19:02:36,bug,bug,160a1933406d3b3fb38d02fce653c5968eb3eb46ccf8c4f8102168c091bb1020,False
primary,1205,opencv/opencv,2023-09-09 14:33:44,bug,bug,b44940e74260443e0025fc7626501d73e7e0b2fa9a8f83dd7e762ccc2bb444ea,False
primary,1206,opencv/opencv,2023-09-08 09:37:51,bug,bug,2d7e1c0c924c4eea3a60cc1da4a660087d1f24b9821bff71aba8d518cb72931f,False
primary,1207,opencv/opencv,2023-09-05 22:17:59,bug,bug,06af68fe6d689c91b61290c5cc94cfa7c04d8382bb46fa58da7afbdc47523de7,False
primary,1208,opencv/opencv,2023-09-05 10:57:18,bug,bug,a11a9a76b794e8ecf5cf9d917c5a26b588cf9805a125a6aed59bef88b5749586,False
primary,1209,opencv/opencv,2023-09-01 12:46:25,bug,bug,fd24852b1a53bebf383bf5906357c6bb3bf5db225e5957238f61027dec502535,False
primary,1210,opencv/opencv,2023-08-31 19:00:06,bug,bug,a8c11657fc8725f4c24d4905a8277aed402f3e66fca55434f17e7137fc3d97a9,False
primary,1211,opencv/opencv,2023-08-30 07:35:15,bug,bug,4a74c62f4379972f92b4c0db374f41ba7dc0a5f124d90d9d204b2ec1b841b1a3,False
primary,1212,opencv/opencv,2023-08-28 03:22:52,bug,bug,d4ca92489f2dbf09dad9c24858bfe8a3e6b3858d05c22a8f0aa2266d4b0bf1f4,False
primary,1213,opencv/opencv,2023-08-24 13:54:05,bug,bug,956a279f892e515a20ae97661a2ca85ccdae15c6db077e1bcd08a6c51f5683c2,False
primary,1214,opencv/opencv,2023-08-19 11:12:13,bug,question,74115273b2f25ff373a6b25f87b875b28eb6ff4a57af0bf1a6541ada7ab6f911,False
primary,1215,opencv/opencv,2023-08-17 08:40:22,bug,question,9748a575193302e1d34a9e1cdbdf3f7561afbf0e52a3831d876396b261355a0b,False
primary,1216,opencv/opencv,2023-08-16 19:48:37,bug,feature,55701b85e768e9419f87d174930dae7a7b410f5528fdbcf1736c7ba7ed4a37d7,False
primary,1217,opencv/opencv,2023-08-12 20:31:30,bug,bug,376ed67843a273d2a16803b19aa46efd8845083f81d3e69e41e4a8b57d530dd9,False
primary,1218,opencv/opencv,2023-08-12 10:03:04,bug,bug,c4f178885648d383eabea4329c0c6222882807a8c2b8f23cd906b2f9e10e520e,False
primary,1219,opencv/opencv,2023-08-11 14:02:38,bug,question,d61d1b995a5453e9e5ceed1d570b0dc10631aac2724c9022e0bf6a73960c8b1e,False
primary,1220,opencv/opencv,2023-08-11 08:14:32,bug,bug,7d51b701b7c23b8786fe76485ff11e20dc87c29b6e598f9997e8631367161927,False
primary,1221,opencv/opencv,2023-08-10 08:44:03,bug,bug,db8a3c142de5d6c4b98ac17393dac9e3b2cf9a85fbc421b8a7e926ae57d74185,False
primary,1222,opencv/opencv,2023-08-08 12:18:35,bug,feature,045578c2af08e94f6d21b4f6494bbfaae18300731d2c832febfd1a9752433093,False
primary,1223,opencv/opencv,2023-08-08 11:20:13,bug,bug,eccaaf60456408c2f136810cad2daa76022ca28c323a96b4a3115b5b43d205e8,False
primary,1224,opencv/opencv,2023-08-07 20:09:16,bug,feature,d017351aa7e50e5de78b4098a7b7bf6b55928ff4ae5f991afdb945fed482fd83,False
primary,1225,opencv/opencv,2023-08-05 09:35:10,bug,bug,e24bfd46a5c3b368c3f1b22a7d0aee392a6256b2782b7750469eb609d3b8a27c,False
primary,1226,opencv/opencv,2023-08-03 15:28:54,bug,bug,afc377ba1027215665b3d101aff839692e4edb62938d91e91341e7d192bc45ab,False
primary,1227,opencv/opencv,2023-08-02 14:31:48,bug,question,7acc9e6c5b1ace3e94b579dd09a0223aa0292462df740d039594300562442f8a,False
primary,1228,opencv/opencv,2023-08-01 08:35:39,bug,bug,bc84d1f716dba17ba6de7616a17843adfd1ff6f53034b9c7acc054b5e02283f1,False
primary,1229,opencv/opencv,2023-07-29 19:36:04,bug,bug,deec24ad929413e50ef75d529a97f1a4b79b9b5b1ca3b4e2e8f960f44367dc88,False
primary,1230,opencv/opencv,2023-07-26 22:41:07,bug,bug,7f2965e8a37c58d6e2dc9a68e08953647c4a46a26740dd130416dbb2220450cb,False
primary,1231,opencv/opencv,2023-07-26 13:52:03,bug,feature,c0d6e4a11673388f65250340cc0cecc470eb77ceffffedc37c43872480c4c92f,False
primary,1232,opencv/opencv,2023-07-25 08:43:12,bug,bug,6bdc98264b06e99080f5896b98b199991007bf6d2d2e98a462524c4f6083b5da,False
primary,1233,opencv/opencv,2023-07-21 13:14:22,bug,bug,5c0241b8ad4b1322f6dab849d1aca3671605ba40603c7469bb5f6180167d9278,False
primary,1234,opencv/opencv,2023-07-21 12:08:52,bug,bug,3402617578e2a4103c15fd9604cfcac789d25f254f8004ee0dffde4802d94b41,False
primary,1235,opencv/opencv,2023-07-20 22:13:56,bug,bug,19b710bac91de2c6c367eb172256c27d64c18911725b435072ed7921a07e9a2f,False
primary,1236,opencv/opencv,2023-07-20 10:00:54,bug,bug,03999768fb66ebedcf1272b6204edd8f597636bd4bbb8afb3aa92c554076c1e4,False
primary,1237,opencv/opencv,2023-07-19 16:48:38,bug,bug,00a245fe0b9e482cefb344efbf2710c8d7d0418ddf3ea10f31adc7f3e647de95,False
primary,1238,opencv/opencv,2023-07-19 13:43:39,bug,bug,591c40411dd8396fdc24914c782278da40db3133799494c6fab9ba03cdb23ef0,False
primary,1239,opencv/opencv,2023-07-19 08:40:33,bug,bug,adf100b396be739c2a7fedb23f9000d9b3cca515f1d27baf3646ba8676b3dcbf,False
primary,1240,opencv/opencv,2023-07-19 07:10:24,bug,bug,ecf3f16011de2727f9779d7a7587f679c530e2073900a08a4d61f96815b0a235,False
primary,1241,opencv/opencv,2023-07-17 15:11:01,bug,bug,c2a9eef124aef330d7f2d6f4cda3a0c54987fc492e1ef096c2810c04b8c04581,False
primary,1242,opencv/opencv,2023-07-14 12:07:43,bug,feature,102a0d3e2f0068cab837c10f0dfdf0aa9e1cf196464668a2d0a6964133bb7974,False
primary,1243,opencv/opencv,2023-07-12 13:54:52,bug,bug,d74ccde9880abb3cb2cd9c57436d4d0d8cd3b419d52d621a222d881fd3748d14,False
primary,1244,opencv/opencv,2023-07-11 19:14:09,bug,question,0906ae89185ea3bc9756830524c489b5668facde61db4da0b83e40f1d134e7d8,False
primary,1245,opencv/opencv,2023-07-10 11:43:12,bug,bug,492888fc1e34eafabdcc6ecdb4ba2d72d3fca4382956db39fb809cb14837ca7d,False
primary,1246,opencv/opencv,2023-07-08 19:41:31,bug,bug,3ee5fa6b5e718e219fe7873b7d703893cd27b035f5320b72b7ac613b72c84f37,False
primary,1247,opencv/opencv,2023-07-07 16:17:23,bug,bug,f9552b7b1b58374092bd5687db2336483a256e6a7f29759eddd781859e04363d,False
primary,1248,opencv/opencv,2023-07-07 13:44:03,bug,feature,369cf28afef415b1b8e327eea4b4f5c2213ef5e3cd329d247b2b899ddebfa40a,False
primary,1249,opencv/opencv,2023-07-06 18:09:49,bug,bug,b50e28e328475525beae98c767394bc7b45c23dc98b14d0f38f7a9e1c1524308,False
primary,1250,opencv/opencv,2023-07-05 14:27:00,bug,bug,97711ef51c9046b90768ef05733b4e0923167d7131db0270fb0f9ef7839aa099,False
primary,1251,opencv/opencv,2023-07-05 11:10:18,bug,feature,4128df7996e964284a7fb5a9a1acb966d1038a6038ae8ffc2d79cf535f082888,False
primary,1252,opencv/opencv,2023-07-03 09:46:59,bug,bug,6614fcbab43af7896ef079565197f841330f0af3c50ec86100ef0df8fb6cd6d3,False
primary,1253,opencv/opencv,2023-07-01 14:46:26,bug,question,09c12e31eeff96ea458b278d1d6c3392b21e9bd30b6524ebb6c98393a5681c2b,False
primary,1254,opencv/opencv,2023-06-28 13:57:29,bug,bug,e0a0ce2557c1a82549b75bab94215abb105b21e32d19f10b9084fc8196d37b51,False
primary,1255,opencv/opencv,2023-06-28 09:31:58,bug,bug,74dd6abffe5092d1c43a02f817c8994ff3eb9db065a11ac0d63636ef0dba4f3d,False
primary,1256,opencv/opencv,2023-06-23 13:24:38,bug,bug,59def1e85be8cb0cff6546ec8e616b1b7ffae6429105f114ba8d533b4bd602c3,False
primary,1257,opencv/opencv,2023-06-22 18:54:50,bug,bug,d7b4e4dc785e1708ec306c6925eee305a3e544027495eeb7cca09c79a1fc3a79,False
primary,1258,opencv/opencv,2023-06-22 12:17:42,bug,bug,c65fc89239b48a7968ce261dcb1b5f62647aef6d6d12c51295a375494c0b0198,False
primary,1259,opencv/opencv,2023-06-21 14:20:23,bug,bug,2f87e278c550f6575a8bfb91e064d52d8dc9d809fd32d5809b859190e4bc0b60,False
primary,1260,opencv/opencv,2023-06-16 20:41:19,bug,bug,844c0de87397bb204091e30bfbefed1c851dc799badb439ed3f2e51f0cb27531,False
primary,1261,opencv/opencv,2023-06-16 18:52:02,bug,bug,550e51ee0d92d3bc3d270b23d4783a09ca087cd1410a0f35f290a34d190f2d95,False
primary,1262,opencv/opencv,2023-06-15 17:28:09,bug,bug,f3f458d18ea96b4a98a7d84016d69dbaec40ad7ebd764f5b120b01e610b686e8,False
primary,1263,opencv/opencv,2023-06-13 07:46:04,bug,bug,aa612a1b45f1215d8e33ad1fca53b08b3a1de25ddf1902531d7b8c3346a34a28,False
primary,1264,opencv/opencv,2023-06-10 20:16:56,bug,bug,8b64ce0780615980442c0b9b0a0656ac7b77dee8c1fc594448fe3860a98492b8,False
primary,1265,opencv/opencv,2023-06-10 19:27:06,bug,bug,566a1f02c4c227526e2f1212e3f56eedca89b1fe118cc6c535a93b408ce7eb45,False
primary,1266,opencv/opencv,2023-06-10 18:37:50,bug,bug,9672495ca9b049bf7ace90b838963f0012d010719998324e5f7c15b07ed0fb38,False
primary,1267,opencv/opencv,2023-06-09 09:49:16,bug,bug,7f7673156fb4537aca43a84b9f9742ef18dd637b5d6962a1b00b44edb59eb74f,False
primary,1268,opencv/opencv,2023-06-08 00:35:35,bug,bug,cf23a97013d216fd952c9461d15d2ffaead67f23366f2f48315e9a7c7ab0aedf,False
primary,1269,opencv/opencv,2023-06-07 12:39:02,bug,bug,5c015d6ac4f7b36bb90dcd6f4f637c8cdcf6ce9887d0a486896c7ba5a409be6a,False
primary,1270,opencv/opencv,2023-06-06 07:33:20,bug,bug,10dc76ed20b46dede4d57644ffac7f0bff3a3cd0fba1bc0bb9612e485e910da5,False
primary,1271,opencv/opencv,2023-06-05 12:47:03,bug,bug,3de20d41b2b3a08343e4401c8c3b4f113843d5d4fd388460f8060b03f7985918,False
primary,1272,opencv/opencv,2023-06-04 11:02:26,bug,question,c248c8cb8d7fa00bc78a9a31676539b0f327133f7fa4df2c8423ab5c98c7fe26,False
primary,1273,opencv/opencv,2023-06-02 13:48:02,bug,feature,4d2b40ae0402eb6e2e4da5099f54d679cc7976518fe6ba3b002a8330904abd27,False
primary,1274,opencv/opencv,2023-06-02 12:06:13,bug,bug,4771915e9f19c191a5efab55b97b7c4e505d9987c3dbe4229798171c62a26f09,False
primary,1275,opencv/opencv,2023-05-30 17:14:33,bug,bug,ec2604680a3549eb63282eeac98d80861a5429631d4537df41c699a9bd332ca8,False
primary,1276,opencv/opencv,2023-05-27 09:24:11,bug,bug,9bc190ae4f54d3470af09a0b12438cd85f2dbb93c2af6c8a4ec850c6ca1ed27a,False
primary,1277,opencv/opencv,2023-05-25 19:33:02,bug,bug,a60ee1e1d281c01bf213c3cf99411a04b6c8c7326fd394b2d1512e16f05dc2d0,False
primary,1278,opencv/opencv,2023-05-24 13:18:06,bug,bug,221c37389be1f4f53555b07d97edcccdd4e62796f02113323a52c5e3a824b6eb,False
primary,1279,opencv/opencv,2023-05-22 12:30:43,bug,feature,d9765964b8c1da293b9e0be263cf9f1f57b5d6f165ffb8b4789c50cd49789c98,False
primary,1280,opencv/opencv,2023-05-20 20:31:40,bug,bug,c942771577184c6dcc20a3472ec8ac63c4ff07dc0696b53166c89771c5250749,False
primary,1281,opencv/opencv,2023-05-18 22:43:07,bug,feature,14a5366d748a47432a72c94e1a7726fd75f7b21d5dd69d9d0423bbad00974606,False
primary,1282,opencv/opencv,2023-05-17 21:20:31,bug,feature,dd1e8480de50c30081adcd0a5d1f3b5b16269646d9f74d28af3116b2d945531d,False
primary,1283,opencv/opencv,2023-05-17 08:10:21,bug,question,9b9708d51447e2b13ae53215487e3e7cc72184fd44e9987d7a22ea4381496021,False
primary,1284,opencv/opencv,2023-05-15 17:02:38,bug,bug,2fdfee1941f4c638b99af3d85a95ad4572b0397b5372b7eec69e1e3a740c88e3,False
primary,1285,opencv/opencv,2023-05-15 15:52:43,bug,feature,4a078eb17ff63b67ee6316e6e11a3fdecc891ee4f8f5faa58d2d8dc394b9e80c,False
primary,1286,opencv/opencv,2023-05-14 20:21:53,bug,feature,c9cbee649cc5064cea212ceebad01d68b17f495bb472e500e92cae341ef51698,False
primary,1287,opencv/opencv,2023-05-10 22:33:42,bug,bug,a7f76bc7460ee69d675426a6ccc8f9bb70c237f475fea0a7a7086c611689e688,False
primary,1288,opencv/opencv,2023-05-08 16:58:42,bug,bug,7ae7c98e6ff8c55876cba379ec117460e14b3585cd6ec3eae527c3c4b226fe19,False
primary,1289,opencv/opencv,2023-05-01 22:31:37,bug,question,e2822d5cc0040f7fe2d84fafd01f85655b10625448aaba2d713294ee6c7e0c74,False
primary,1290,opencv/opencv,2023-04-28 09:35:07,bug,bug,06297b35dba7092fec4c9f34c6c5fe00ca173accf62ca039b163f27c5b750f6b,False
primary,1291,opencv/opencv,2023-04-28 06:22:31,bug,bug,2d84a5877034c7aaa177ee0852b7e5e8fb16c85339b4a2d1af97807a94300ba2,False
primary,1292,opencv/opencv,2023-04-28 00:34:05,bug,feature,0fe0b00ccb6738792bd88b32d1c797d4c24abe58537ab2f30df96ea734daad40,False
primary,1293,opencv/opencv,2023-04-25 05:27:28,bug,feature,bd3652af56344405f3901dcc755cbe1ec3117ef6e0a21d78712d0a20a941961b,False
primary,1294,opencv/opencv,2023-04-20 02:58:57,bug,bug,a1857acefc132c1609ded33fee0b68b95dc372cd784d4dc84a20eccc19dc565d,False
primary,1295,opencv/opencv,2023-04-19 16:01:17,bug,bug,c3cf1eee2e530dc7de207c1c0e493b75758ec556b352a89f8f1947d3f2470b1c,False
primary,1296,opencv/opencv,2023-04-19 12:04:18,bug,bug,cb18e53a7667a56a23b2aa05ff916a4818ed98ecbb03b6eabfd06ab554f3352d,False
primary,1297,opencv/opencv,2023-04-17 18:56:11,bug,feature,f00d35ae054d561d28eca2ab0fb6bb4c95d0a8ed3522a8f4c900764c95c7a4da,False
primary,1298,opencv/opencv,2023-04-14 12:52:32,bug,bug,8358d2b0f92460882265417cfad3a247aaec52268a31da781dd4bfffa99fab5a,False
primary,1299,opencv/opencv,2023-04-09 12:35:59,bug,bug,15d44bfe4e930a177e8058b492e935b7916bea17ef7eff2ed517d7634820bdf9,False
primary,1300,opencv/opencv,2023-09-23 14:01:14,question,question,89e0be5d1f66ca3aca472d5e67ae36b3a649b132cf06d8e0a8a6225750805ee3,False
primary,1301,opencv/opencv,2023-09-19 02:03:14,question,bug,5f379aec2ba0acb866087b158f036baac2d8eeca116181d3af8bfaffe81376e4,False
primary,1302,opencv/opencv,2023-09-18 09:55:52,question,bug,e4c8c88b84dc0eb05f6b3f262430e2bdb1ba35ac74c6f7bb383b23f318d9d224,False
primary,1303,opencv/opencv,2023-09-11 09:50:20,question,bug,740b1d734ccad92efbe7d8a886518c879a58a6039979da3f889503689337e521,False
primary,1304,opencv/opencv,2023-09-06 06:59:31,question,question,6dc5ce48a878b9fd4404a73e2c09f2a73fa81bed2139de51d16deb26e0687a5a,False
primary,1305,opencv/opencv,2023-08-27 21:14:53,question,question,3ecbe8f6120605a165df5ec3317fdf9512bda4d2de8f3e3d6f93d8863d480c26,False
primary,1306,opencv/opencv,2023-07-19 07:58:04,question,bug,bdeea57bdc86164f83e975462067adbd015658952cef617ba70bc66a03c6530d,False
primary,1307,opencv/opencv,2023-07-11 01:20:51,question,bug,384472b2f22379b9a3035555c9823563097ede534457e941583ab363aaa3652c,False
primary,1308,opencv/opencv,2023-07-04 20:12:34,question,question,e4f1569a7c3eb838d311a62c7c4e14dc51abec1eceb9fd8f7d54a47e8495e3b9,False
primary,1309,opencv/opencv,2023-06-24 14:58:36,question,question,d9fb3ceeb72e79b5fed4999bbc41f616b868390cb51c8efbc2c968c4ddcd40fb,False
primary,1310,opencv/opencv,2023-06-22 11:09:28,question,question,204929112c0f32dc20139cac1715183ac4fccada7087de35414c6fc80bc9a738,False
primary,1311,opencv/opencv,2023-06-09 15:11:17,question,bug,24093a36dd85c6cd1d77763b9a938668f882c4d27c035888ee9089937e28ad27,False
primary,1312,opencv/opencv,2023-05-31 08:45:54,question,question,d661e1df0adea28dcdbec0c01adfc0c6f299147e19cbc14f71d69a36c6dd6504,False
primary,1313,opencv/opencv,2023-05-23 10:03:44,question,question,8647d4e8ab39d0b8cee279a99eb8109137c0d5269750f8aefef6239dc0853106,False
primary,1314,opencv/opencv,2023-05-21 19:39:31,question,question,be9109d55427f740da8ce30a143065a5279c50cad8df7e0d8f02b5e35f20ecaf,False
primary,1315,opencv/opencv,2023-05-18 09:45:53,question,bug,4a84dcb79396344132217ccbb3be8b88cd1ce9c9806fd517fd2d04518305208c,False
primary,1316,opencv/opencv,2023-05-05 08:20:58,question,question,0aed7a1ef1b751fece490b005d105986e3e5c1ef5d058660e65c0792f29b7cc5,False
primary,1317,opencv/opencv,2023-04-20 08:15:20,question,question,fca502741d7957460a75f679dd8c93a71e4fba6b0cf27db2b5b5b2c573d03c4b,False
primary,1318,opencv/opencv,2023-04-05 08:34:59,question,question,fb61f2bc8fac5261bcc76a438ff4cc2b9f398d750ff18c0c002b63421db3863a,False
primary,1319,opencv/opencv,2023-03-17 17:40:15,question,question,9c221bec3230e8fbb1887512a3ff3f7e8d43cc38a6ac706bdbe6219fc1757bcb,False
primary,1320,opencv/opencv,2023-03-08 13:50:04,question,question,3f1e9f8519b65bda4b91dc78eb078e940b2b60f305d81985b643b623d6f3e808,False
primary,1321,opencv/opencv,2023-03-02 06:15:04,question,question,b8733b60c8c741f6cc5d4a7a02d37cd26ee732ca70b6238ee86aee04d46a96e0,False
primary,1322,opencv/opencv,2023-02-11 10:09:14,question,question,aa4972205edf0f21746c812732c571cb042af80c7fb5fba415301638429c79da,False
primary,1323,opencv/opencv,2023-02-04 18:20:42,question,question,b7979334f0b48f37b3afea224426b1f268b00f70cfa74724b2c93cc272229dcc,False
primary,1324,opencv/opencv,2023-01-31 14:38:46,question,bug,54fbec853985ee91462ad2cd1a06277f38e664badea265d539e6756202c02f0d,False
primary,1325,opencv/opencv,2023-01-26 19:19:37,question,question,eed7372dc344f81abf2943c46ac1c9fd3198afa7036ad6cd87a2cce3991da60f,False
primary,1326,opencv/opencv,2023-01-20 07:46:58,question,bug,b9d4c5a5835c10c034a6bb4b37bed59e6cbbe7a31eedbce9d30bf30d31096920,False
primary,1327,opencv/opencv,2023-01-06 08:09:40,question,bug,87c10f41f8e243b65fb4938082827ded27a845cb5fd643d3dc2e39760f78434e,False
primary,1328,opencv/opencv,2023-01-03 14:31:21,question,bug,82936f6cdc83448fdea5a6f74f73544af2a40a3262f8ae715ef19782bbcb4b28,False
primary,1329,opencv/opencv,2022-12-30 10:01:21,question,question,b6ab253f59703fa3c482814f66e0e2f71ea28213ca447c8c70fb4f08236ef797,False
primary,1330,opencv/opencv,2022-12-28 09:41:30,question,feature,676f4bc40d7971203b06e2a2cb7dd0b9ea294491b90edb5e178d0d4445e974b9,False
primary,1331,opencv/opencv,2022-12-25 03:05:43,question,question,c5b8a0bb3510d301b4c58ac1837ed58248910cfb72f315af3c37cbe0b9b55470,False
primary,1332,opencv/opencv,2022-12-22 10:24:20,question,question,b248f62fbe6a2b81235c6b260e569dcdd29bb8bfaa2c6a7ee1467f04cdf612f9,False
primary,1333,opencv/opencv,2022-12-21 02:37:23,question,bug,6dedbcd958f77f48025a97016bb63fafb5bee6bf87349d2794514c865886bcad,False
primary,1334,opencv/opencv,2022-12-17 06:56:16,question,question,661aa17a3a0861a5534fe921df984c27409a61008060e6600c2f6805a3ec22b7,False
primary,1335,opencv/opencv,2022-12-05 06:49:46,question,bug,f6c4a4329aa2dc7770ded5bd843d66e1e30be77eeba8fccd84571fcbe4e74415,False
primary,1336,opencv/opencv,2022-11-25 05:05:22,question,bug,025c160bf3c9d8ea679f585ccf714e6f50b45ab53845fdbad44a00817135c7d6,False
primary,1337,opencv/opencv,2022-11-16 09:17:30,question,question,7b422d7fafa9f9d7854b8222322672ca6e5fbc53f942b0e1050789e3b2c05bd5,False
primary,1338,opencv/opencv,2022-11-12 10:20:51,question,question,7c828937523d0c24ba4b0003360aeea09844b06c7be3a4edc4f3e4a47eb1e85d,False
primary,1339,opencv/opencv,2022-11-09 02:52:26,question,question,117146ff945d9e0fc3513801cee0e5066f9fc8590bc8693d234e55ff9ab76863,False
primary,1340,opencv/opencv,2022-11-03 16:02:27,question,feature,ccd50305f4e85ab5659aa270234ca0491bbc835c3f405d64d8a7ce1a5fdf6325,False
primary,1341,opencv/opencv,2022-10-27 09:35:09,question,question,7acd685c751d4b956f8c3ac55c0e2895d0d3ed3ad164aa5cdd129e34e6fe4b3c,False
primary,1342,opencv/opencv,2022-10-21 05:57:16,question,question,435f6738f51df77303d82ff575319e114b04b0f9b66fb5285f77f6d15c9a9382,False
primary,1343,opencv/opencv,2022-10-19 18:09:04,question,question,a7c5f7cd012680d78a02ee1dbf0c55f97cfd09a571b87197176e55a42e96edd6,False
primary,1344,opencv/opencv,2022-10-16 18:17:38,question,question,0ed7208f1870ac7ff26394c38392b6410640a1ce4381ab7432821f8c314458f2,False
primary,1345,opencv/opencv,2022-10-06 07:50:43,question,bug,f0510a54fb7f16595162c700389e50176b62774eb631614d3163895c648c2c4a,False
primary,1346,opencv/opencv,2022-09-23 07:55:32,question,question,53feb8ec3e01f46c4103465f3aa1d1233d293aa06a338ac496e860b2c31d7e63,False
primary,1347,opencv/opencv,2022-09-21 02:07:13,question,question,84d7461aa009b8ffc08e118ba7b9346e13351a3caab38a3c1fb2a25858e468f3,False
primary,1348,opencv/opencv,2022-09-11 18:00:43,question,question,bacad456a06faee001e0998820b5c926a73c078bdd70bcab559efabbb75903f5,False
primary,1349,opencv/opencv,2022-09-08 19:37:59,question,question,cf05e2d44fa8ad4a0c83d450abcd39765face91be1fe0c55e3b9eebae7fcfaea,False
primary,1350,opencv/opencv,2022-08-31 03:57:30,question,question,0263f8a695c26e6f6f182cd1443c6aaa8fd38483df2bf26eacba02f0301b908d,False
primary,1351,opencv/opencv,2022-08-27 05:43:31,question,question,aff216b7d9f18ee9be3b759dfb9eb083f72c70bb5882ef5ce3fffdd38e2b112f,False
primary,1352,opencv/opencv,2022-08-23 07:25:00,question,question,eb8c8c237d185e5f6f24a563566d59e97599f582bfa302ca2b8a4a5cf8ea0803,False
primary,1353,opencv/opencv,2022-08-16 19:31:10,question,question,017794994e5d620abce52927609103addacdd14912bb48864c2a4b1836e30cc6,False
primary,1354,opencv/opencv,2022-08-15 07:58:47,question,question,f3278e18131e9dc9c8f3bed091b290aa13831fd16b052862c1af126c08dcf893,False
primary,1355,opencv/opencv,2022-08-06 06:03:44,question,question,c0e6da05407a865e29f538c365f2d61ea1f9646d9e189f38fff4a59b85298b1f,False
primary,1356,opencv/opencv,2022-07-29 03:07:27,question,question,b99f49bb8a6344ce74601999030c9bbfed6b920893b188b013ea408a58932c19,False
primary,1357,opencv/opencv,2022-07-25 08:19:17,question,question,2dfdf7aa8903b9a23f8587f86f09af46a9c599e6bfb41b37b68c14e15eea3cdc,False
primary,1358,opencv/opencv,2022-07-18 22:07:10,question,question,fa9a775ac647ccfce5043f22201adcce304c92894c0f208e94dc72f3477eb0ec,False
primary,1359,opencv/opencv,2022-07-10 01:27:37,question,question,c96948e90ef19ddb0ba27191cfa1a34374d421e947def7a59738af21969d9d8d,False
primary,1360,opencv/opencv,2022-06-28 05:34:32,question,question,0dc688384006b87dd2f8d037ae2a07d41dd990c22d36f99666c6a1a02a3d7f81,False
primary,1361,opencv/opencv,2022-06-24 11:38:57,question,question,636a4c310996eb76e71154c6879ff2805dc707184f4e510baf3dae850dfb7551,False
primary,1362,opencv/opencv,2022-06-21 15:02:34,question,question,3ff2a72eb427f8cb0bdc050be256f735d7bd5b881cb2db2254ccf8b4c9462132,False
primary,1363,opencv/opencv,2022-06-14 11:13:13,question,question,79f271d31c8ece885fb3ced8a14dd2f86fe7d7c64ed88ae855db50f4eeff02a8,False
primary,1364,opencv/opencv,2022-06-09 12:51:55,question,question,341995e63515b8f0627a18bd01a02ce62eb14b51241297467cf2226ae165cc38,False
primary,1365,opencv/opencv,2022-06-07 12:07:59,question,question,58b9fb3160c0bfec6eff1245f474b7ef7ee27ab918d1b2a38ae33a460378e8bc,False
primary,1366,opencv/opencv,2022-06-02 06:11:03,question,question,81d9c48ae79b37c2184e1f1d92f0b48470487403a800802ccd319386646bdd8e,False
primary,1367,opencv/opencv,2022-05-19 01:45:50,question,question,15c53a4543ed40d3ce964693e90fe64e04b2b5d570ed3af542f41374e0eb32b6,False
primary,1368,opencv/opencv,2022-05-17 02:53:44,question,question,72c663d89e92c37e2b5e9c13edd6e744de4b4c482eb64b4ae96de82a1f29cf5d,False
primary,1369,opencv/opencv,2022-05-14 16:12:17,question,question,89b29d0a07e893be3f152cad6d8b19f9879ad726c44b33f9cb204a04e117c594,False
primary,1370,opencv/opencv,2022-05-08 16:13:10,question,question,a8dfc067853c6ee7dc59b1aa07caa4ed0597c72e8d62ed9c03b174ecded9be9e,False
primary,1371,opencv/opencv,2022-05-07 05:36:32,question,question,2f03f63bd4cb2df70f305cd6a9436762d70ed9e12269b413dc004a84b76e773e,False
primary,1372,opencv/opencv,2022-05-03 14:10:45,question,question,37965dd2d5a3fe20a53f0824bd777046d55ae375c6e5898e4841d77fc4760478,False
primary,1373,opencv/opencv,2022-04-23 15:20:08,question,question,47b84ac63080e70d2f8b895578203a21cec88552b3281b523399e447b236d4e8,False
primary,1374,opencv/opencv,2022-04-20 12:11:28,question,question,17d5d662ecd3b104a7608745bfa6b80bfd2512031ee22511b72762855ad0437c,False
primary,1375,opencv/opencv,2022-04-14 09:12:11,question,question,da2e955a0ee472cd3accd61f5ec8c49f9df3d2709988234a6260c961e0969934,False
primary,1376,opencv/opencv,2022-04-13 20:00:00,question,question,6665f4e3901aabbda87158a10055167083b272913754e8e4b63d2ad00c328260,False
primary,1377,opencv/opencv,2022-04-11 02:55:58,question,question,d72cb7de75a72ba0a9fef1e00e481db7a13ba67a2780907ecef2f8f86d184eb5,False
primary,1378,opencv/opencv,2022-04-04 10:34:20,question,question,153f042bc313b9c7bc94036d2317f8acacc71ab2244e4332d358b22e380f4c50,False
primary,1379,opencv/opencv,2022-04-01 23:52:25,question,question,04e5e7951d8d216b58e4c6272b9493acb2951e618a51423e26dee882620174a7,False
primary,1380,opencv/opencv,2022-03-31 02:27:06,question,question,2486793854601495001fd715e8c33f008048f5f88969bfd668904c6f9429706a,False
primary,1381,opencv/opencv,2022-03-24 18:29:40,question,feature,65800a8687ad6e247bebfdbf6d289bd1c6814b54b396f74b529ff9353924bb48,False
primary,1382,opencv/opencv,2022-03-17 18:11:44,question,question,654ae48159c98c01e707b2b1a083f02f55ad8a44265bd8719f02c2be5bc6de6f,False
primary,1383,opencv/opencv,2022-03-17 06:55:53,question,question,46adc5f81685e64630f6c06a57a9c7349806c76c02fe86500c9e40e742a0920d,False
primary,1384,opencv/opencv,2022-03-15 14:12:12,question,question,e9dc0f887cfd77a313ae37f6da4871cc5b67b7d0255384b07567f730c139b5b6,False
primary,1385,opencv/opencv,2022-03-12 13:14:20,question,question,e51366b0e40b78affd2eee757febdd6d0aea16632c576e2f4f3a4cc5c19a84c7,False
primary,1386,opencv/opencv,2022-03-07 09:59:40,question,question,2cce0702eb5de923537861a92b0478d7f6bcf201fd0da6116c0642b98e1fe538,False
primary,1387,opencv/opencv,2022-03-03 21:24:54,question,question,b012093368b0faf0950e4368bd0e1f086d58f38ae68fb4813c83ee5571a15d47,False
primary,1388,opencv/opencv,2022-03-02 14:11:27,question,question,325db4e6d5fa4cc6df0037cc80ae73d15e067eefb85a58d68ea539e1666ea42a,False
primary,1389,opencv/opencv,2022-02-22 07:03:40,question,question,e4ce970575223da124bd07b9163f44dd9ebc8c7c97a816fb4716ff3a2444e774,False
primary,1390,opencv/opencv,2022-02-15 15:39:00,question,question,a24aa645ef30a099b1c2eeca9ab44808a4be5dae11ccdb4ecd0940da67244dc7,False
primary,1391,opencv/opencv,2022-02-09 04:54:27,question,question,360bd9a06a53b686bc84bc6611b809fd5ea4aecf9719bd84bba7cbfecb508d2d,False
primary,1392,opencv/opencv,2022-02-01 20:08:21,question,bug,ecfcb6c86c58ce1d875a55364fa250dccda598aab546c203e82c69aebbc4dc8c,False
primary,1393,opencv/opencv,2022-01-26 03:41:00,question,question,2b7157e4e434b87f90988a55e802b62a2fcfd3929c221a1f9e97e8f27679215f,False
primary,1394,opencv/opencv,2022-01-24 03:26:21,question,question,dbae9252def01df27197df37dc9ad96d74776225c8a5025e7b0e699ac2bb23e8,False
primary,1395,opencv/opencv,2022-01-14 10:08:24,question,question,85be76eb56c3c7fc549dbc1ac0f612238e36d369b701a6f9edf1024cad0fe837,False
primary,1396,opencv/opencv,2022-01-14 02:35:01,question,question,8df288ce5f013b4868c28f3d6b3da465f6e04fb42bcc8d8e49c6d36368161c5a,False
primary,1397,opencv/opencv,2022-01-13 02:00:48,question,question,3cf379aff084c133291a53b5e7901ff85419e27f0995a7200a3747a36b7604b1,False
primary,1398,opencv/opencv,2022-01-06 18:03:39,question,bug,8a8739b3bcd4be0921d0a01218073189380f9224f8d41c200f9d3dc5b96ba177,False
primary,1399,opencv/opencv,2022-01-05 09:19:59,question,question,f5a4d152af38f4de329ae7d8602f4b75415d7e8c63d424d1be19261bbcd74d9a,False
primary,1400,opencv/opencv,2023-09-09 03:35:34,feature,feature,d398032d620db36d61f94bb8ab654bfca8eff0938766a12b605dc96d29efed38,False
primary,1401,opencv/opencv,2023-08-15 09:17:43,feature,feature,2b868a1001d3a1150322230d4299d8674e25043634fa081ffc55bd3958c8e796,False
primary,1402,opencv/opencv,2023-07-26 11:52:21,feature,feature,45443850e5189ac1577ad970f3d31f84061087c78a4a7a5a6621108144b0dd67,False
primary,1403,opencv/opencv,2023-07-19 14:22:37,feature,feature,be505a9e896e1ff728b5f88f367dae571260cb93f4fd5ddc98047ac490a07d84,False
primary,1404,opencv/opencv,2023-07-11 07:51:43,feature,feature,610d7bcdaa49d5a39fdadf38d176cb7e5bb92c8cfc478fcc51d15b8f1480cede,False
primary,1405,opencv/opencv,2023-07-01 17:18:55,feature,feature,0ce5a8272e367f1ced372a5d75ccf01a024502e33ca3bc69268524b0e7f6abbd,False
primary,1406,opencv/opencv,2023-06-20 10:23:15,feature,question,8776f17be4713844d267798243deec59f91806c3af93c2239064b1b8c7e6add7,False
primary,1407,opencv/opencv,2023-06-14 11:25:35,feature,bug,39fddf4e43298f68296294711ea320b32eca1f29a4150d16fdd6091f84c01c41,False
primary,1408,opencv/opencv,2023-06-10 19:07:48,feature,bug,13f8e2998e5522bd95f4bdfe4d8b1f3223a8ce12a58d80b4f06f1e68b4a80eb9,False
primary,1409,opencv/opencv,2023-06-07 11:46:46,feature,question,08fb73af8968c8fd6af7e61cca7ca604b14fef4d9ca003623813fb86ea2800b4,False
primary,1410,opencv/opencv,2023-06-05 00:55:17,feature,feature,199b3ac49701e99cf502b49ff52e92a5debc7b24638c6337118bcfc5ee53fa8d,False
primary,1411,opencv/opencv,2023-05-26 10:41:43,feature,bug,d85c7b8956ab56cadd6c6c5b796b1656b767ae338af79ad735d079b39bd5eb2f,False
primary,1412,opencv/opencv,2023-05-17 14:24:16,feature,feature,8fcd9c2e1ff8b56c1e36ffb9ced0c7e712b6c9a92d0e3d69e93d6cd599aef01a,False
primary,1413,opencv/opencv,2023-05-15 11:19:53,feature,feature,bd380ebe89cf908dc4ec041da726c72d4d8ddeeed5db8e3df515110a4b72bc67,False
primary,1414,opencv/opencv,2023-05-11 07:28:52,feature,feature,7d7bf0c9685140cabb6be4d3c3be30f7021abf7e2b3598411b8ac0363d8366a7,False
primary,1415,opencv/opencv,2023-05-09 12:52:44,feature,feature,77963b5e2dad8172790664446aaca819ea99330bee3f6a93bb352bc00f9b8e64,False
primary,1416,opencv/opencv,2023-04-19 14:51:39,feature,question,7ad4bad1ef8091dafa2d9f1db07549783873308bb2ea62620a78d0cf153e5e17,False
primary,1417,opencv/opencv,2023-04-10 09:56:28,feature,feature,49f8a854e807b28fe3e73a2451404b55116988edbeb9419dc85775a239ca859d,False
primary,1418,opencv/opencv,2023-04-06 06:14:53,feature,feature,498bbfa088e127544bf0b0ba66d01cf8a2851135e50e4f96fd62ba5d7e141f48,False
primary,1419,opencv/opencv,2023-03-29 13:16:37,feature,feature,d9358c88aef91b8e782e76192b4a96c8c69b3fd3f50e612032015f5a1f279693,False
primary,1420,opencv/opencv,2023-03-24 10:48:01,feature,feature,40fa24433f0c21972707f2c73d816098e7b47d42245aeaf7e277309e2cfa18fb,False
primary,1421,opencv/opencv,2023-03-20 15:13:31,feature,question,13a95cdc2b8d58ec05e3b1ce08a2772c26bf3ab0cd9a2aa037d654872f84fd5d,False
primary,1422,opencv/opencv,2023-02-24 14:51:05,feature,feature,dde8323baf51d7641daf18371bbf2d0fc3cdf84812589063a9d41c7280718818,False
primary,1423,opencv/opencv,2023-02-18 22:23:53,feature,feature,9b88c83d837ce5013c6c47f1cc85cfa78f87c34266582a1505f4797affa72430,False
primary,1424,opencv/opencv,2023-02-17 01:31:03,feature,feature,20fe88ffb2f2666c470e9364b66bb76e7b3926856c8dd6c8c71104daf6e3382d,False
primary,1425,opencv/opencv,2023-02-10 09:51:43,feature,feature,c8b82a01c2805a0d1bec85d7fb4874a8de14b148bad0428fd59abc9ddf9a4775,False
primary,1426,opencv/opencv,2023-02-04 16:15:04,feature,feature,91e13997c21e1bbe27ef1ef4c12cd84a217f147c02057a90b6ddae50a7bada55,False
primary,1427,opencv/opencv,2023-01-30 13:26:05,feature,feature,b9a175957c65c23d1e267ea4b3188739fe077669e6570a5a8810af64588c7994,False
primary,1428,opencv/opencv,2023-01-23 13:44:39,feature,feature,eeed1ecec16dd6ffe8ddd6bc404223d1ffe7132458d32d236694852f3d0df075,False
primary,1429,opencv/opencv,2023-01-19 11:28:30,feature,feature,c106294fce16c86da35a391d3a0464b8eaeca2c8dde2938413728f2ad33f1ffa,False
primary,1430,opencv/opencv,2023-01-16 02:02:24,feature,feature,2ae2bb2b4a062d29dc0dc77d9849acc076e3f976a1265a8801273d2e363fc49e,False
primary,1431,opencv/opencv,2023-01-07 14:39:37,feature,feature,6919eb534c5b9ecdd7001ac80fdcb8e3dfd3dce45a211d68db2196594c6add84,False
primary,1432,opencv/opencv,2023-01-02 17:21:31,feature,feature,87f8c13d5482bc2201c7043010fddf0fa6891bcec5723d667b1b302934a94de9,False
primary,1433,opencv/opencv,2022-12-28 05:52:48,feature,feature,14aa2e2bad2604d1ff5c7dec0040ed1aad8cbb66093e2dc2b9118fd23a8c35a9,False
primary,1434,opencv/opencv,2022-12-14 08:24:53,feature,feature,da22c41e24639ea22eba28f04b72453cfa7bd99097b0f316a6d15fc2a22ee449,False
primary,1435,opencv/opencv,2022-12-12 10:38:30,feature,question,7460d7677c4f12ba7dbb2a5d03f0ad764b9c90d1c0e6e36aed4059aa977e140b,False
primary,1436,opencv/opencv,2022-12-07 13:41:02,feature,feature,ee3e894ffdd05cd499dce5aca5c4b747f0ccd0bc1a452ce8590bbdfbc6502659,False
primary,1437,opencv/opencv,2022-12-05 09:14:35,feature,feature,0cd9ce27605901eee10e04e35f423d25ed9b7720c3db62319e02cec85ee0ce5a,False
primary,1438,opencv/opencv,2022-11-30 22:58:03,feature,feature,2071a52924fcd3a932a84a683452eba2b26467afcfbbfc6eb093493704095128,False
primary,1439,opencv/opencv,2022-11-27 09:37:48,feature,feature,87afec37acdbbe17d76abe6fc2d666e29f9e2bf24e7e6d5ead46eb74de6e151b,False
primary,1440,opencv/opencv,2022-11-27 00:37:10,feature,feature,8f1d01584590d3682dbb1f4fc59a7cc18d106c3d7326727cc36773f898ac6065,False
primary,1441,opencv/opencv,2022-11-24 02:23:02,feature,feature,1e4dc79881a8e154dd6335b9a47200039a856ca7c26c98dc377377e96ffe386e,False
primary,1442,opencv/opencv,2022-11-22 23:06:28,feature,question,53f08b950e802d65a7a365efa6f1ac95c0f77fac6752ba17bb86c1e18ce8f9bf,False
primary,1443,opencv/opencv,2022-11-18 03:47:37,feature,feature,2a1b7ba19eca431cb8b8d4d87762fce81bcb2842c4f519f33cf0b31ac8d94d46,False
primary,1444,opencv/opencv,2022-11-17 01:45:00,feature,feature,dd9bca2c262c9e3cab94ef5162f53459ac79e6ca3411c216686a18e775f705a8,False
primary,1445,opencv/opencv,2022-11-15 06:34:12,feature,feature,c707ae5ec6a419f5cd262b63bdd8566cda7cf529530e10c1f006e7c5147907fe,False
primary,1446,opencv/opencv,2022-11-11 12:23:42,feature,feature,7fff5878dcf77dc934bf934c2b8a28edd5219d524f2f95b8805857e9bd3926ae,False
primary,1447,opencv/opencv,2022-11-10 14:03:56,feature,feature,e76e7481ce489f3912a43ef4801a3894e385939c26e091f5f45f8531986baf50,False
primary,1448,opencv/opencv,2022-11-10 10:57:12,feature,feature,0b58581b3a46fdf8f2fd406d12e9b5cf2a06f8ccd4fafa7152a1897f594ce564,False
primary,1449,opencv/opencv,2022-11-07 08:11:17,feature,feature,6585dbf213cf4e1d923b7eb721c24b9089dcf2bee58d68c1e97da406b6f751bd,False
primary,1450,opencv/opencv,2022-11-04 02:56:26,feature,feature,65e34f07c225bd65e1a2709ce3aa5175b8bddfed35efad092725c5961db6481c,False
primary,1451,opencv/opencv,2022-11-01 07:55:16,feature,feature,357d3654656f418a9a1c9747bc450f33a52d617d23bc35c4c99cbab6c945f3d4,False
primary,1452,opencv/opencv,2022-10-27 00:41:29,feature,feature,34233e224bd44478cb33d5c921c348aca1e291e6b1f1249975e60ededa28c43d,False
primary,1453,opencv/opencv,2022-10-26 21:57:42,feature,feature,d5245cce02ab01e35eb71a5cd91b629745ee468eb33741cb6f42e30247463e47,False
primary,1454,opencv/opencv,2022-10-13 09:36:02,feature,feature,965d56217d944a5af3a1fb9af3d75056a6f00949777cd5a63fdcb027e90968b9,False
primary,1455,opencv/opencv,2022-10-08 06:47:08,feature,feature,b900b5787d362b3f2f3e82e39f27915c0209ef283c311a44685dffb38ada1a05,False
primary,1456,opencv/opencv,2022-09-27 04:29:37,feature,feature,629870e241ef16c6eec960e7d06d80ec21534675bdd48913d759a8df3a3cf540,False
primary,1457,opencv/opencv,2022-09-23 13:23:08,feature,feature,f4b64e4939596aef02bb0f9d41e9cec06f1bd62207a7e046c79de4479f183f8f,False
primary,1458,opencv/opencv,2022-09-15 11:44:17,feature,feature,11c678b1109990a2f4db224657e49a3339b8f70c0cf3943cfc2a25d834c9b429,False
primary,1459,opencv/opencv,2022-09-12 14:19:38,feature,feature,a38fd5ec2cec9c1e3662b5c2745beb9f9c08119fdcc9081b1edfc15f7c8b2691,False
primary,1460,opencv/opencv,2022-09-11 21:44:24,feature,feature,4792aca5025a78848dfc88c7f89cf30a2c31b41d4980f7da65c7bb6b843681e7,False
primary,1461,opencv/opencv,2022-09-09 14:40:17,feature,question,5b1ac665a49b14b3a2a97d373c9dced427e3e415a2cbb83915196f66806597e4,False
primary,1462,opencv/opencv,2022-08-30 20:57:27,feature,feature,d1fdceb4ff5277947861a4537ca6b1839693082e4e8d09c785cb937874420c1a,False
primary,1463,opencv/opencv,2022-08-26 08:09:17,feature,feature,386e7466ad5023ae321941de20e9bb474e0dd9f5faca4bc187220b7f04599f12,False
primary,1464,opencv/opencv,2022-08-21 19:20:57,feature,question,81546aa3fedae9f96f0f9efc802ee79d47fe4c47438c281eda0022c7120c5a92,False
primary,1465,opencv/opencv,2022-08-10 11:58:44,feature,bug,8547e4af8ff27434d695f80ae4365603c02be0230f159eb9c0d6ed217a045ea1,False
primary,1466,opencv/opencv,2022-08-06 07:01:47,feature,feature,9501ae9c0ada5073af68f8f71268b4178c0370db172627637484c626c59e0969,False
primary,1467,opencv/opencv,2022-07-20 02:26:59,feature,bug,e847d4b91a335d5e56080c75b54341aeb284ff5f4632f1434793d46cdf65a356,False
primary,1468,opencv/opencv,2022-07-14 10:13:52,feature,feature,bd00a203e21d218b436ff2cc6a61c0185b2968c77fa3d260c6714ad52c42bb6f,False
primary,1469,opencv/opencv,2022-07-10 21:12:30,feature,feature,dd0767af87597ac8d12bca68371957435579460f3aec57be4c0a26f2555574b3,False
primary,1470,opencv/opencv,2022-07-06 06:28:06,feature,question,88da2b3b02da5dd573e1b5682b7df7994c31e62f34ee9a3712df399c8fc089fb,False
primary,1471,opencv/opencv,2022-07-01 01:05:25,feature,feature,337d5a2edc04cdf35e1bbf5c5b675148fb15938c58ad892065ae51ad58fe8044,False
primary,1472,opencv/opencv,2022-06-27 07:58:24,feature,feature,1a33b4d5e7ce1db6d34b2d6dac8c0041db3fc0d935b16669e9e06fa12078ea9b,False
primary,1473,opencv/opencv,2022-06-22 12:10:01,feature,feature,87f3ef23bcf0e10ada698dabcb729a32b7ea3a80c164fb6598d21af50623e64d,False
primary,1474,opencv/opencv,2022-06-20 13:43:00,feature,feature,46287ab365e105c9ffa641068c24d2237933aaa395ec3bae1ba13ee95f21059e,False
primary,1475,opencv/opencv,2022-06-14 15:34:25,feature,feature,719ba91b9542bef77617cfb78c89455ecc917a0f0d1596cc70daf2d9d2da7a53,False
primary,1476,opencv/opencv,2022-06-03 18:02:11,feature,feature,82e1b63e208525509410709ccbebd0c4080fef4ecb8768e696edff0bdbc321e4,False
primary,1477,opencv/opencv,2022-05-29 22:14:37,feature,question,02f715b2c730565f1dd5bcbd75a1e53ab3226daed66db0ac9cc15c43859bf7fe,False
primary,1478,opencv/opencv,2022-05-20 12:25:09,feature,feature,181e632ebf58893c82aee9c6edd65a1a12e91b923279d3f3fa4f9bc6691947e6,False
primary,1479,opencv/opencv,2022-05-16 11:02:29,feature,feature,53137717314992b85912089ca72713a0d0055950d59bdabac9b3de5b779df8ff,False
primary,1480,opencv/opencv,2022-05-08 21:07:01,feature,bug,ff280aa0a4aa65915d1adb1f8e2dcf26865d5f48e43a6a37fc18b1b41cf9dcbe,False
primary,1481,opencv/opencv,2022-04-29 17:41:41,feature,feature,86b9e32a2ed4f8b8e16c551ca8968194b3acb49987b416c24a5c5d301f8ec58f,False
primary,1482,opencv/opencv,2022-04-12 23:36:02,feature,question,768c03d5719800c88d67640dabfe36b8aaf05002a5784b9c9e8708d505c93599,False
primary,1483,opencv/opencv,2022-04-05 17:42:17,feature,feature,d5ad54aa859d7ddf16773713ae7e2e401259637e9e38efda1955cc764721880f,False
primary,1484,opencv/opencv,2022-03-29 08:56:24,feature,feature,9627a90a0bba6dbc574d9e6a2ed997ff77a42ae9fe48a215ff23ca1d81cb90a1,False
primary,1485,opencv/opencv,2022-03-18 07:04:06,feature,feature,9d74777f876ec12a5d5810e2136031b9b814e14b5cc63bfe91466b9f9deb7e32,False
primary,1486,opencv/opencv,2022-03-17 07:40:25,feature,feature,8f4a428a6b1ae81290b6cbb837d70bd3e1953c26db393968c8e70228fba9ff9b,False
primary,1487,opencv/opencv,2022-03-08 15:59:34,feature,feature,9df6a285dfaa8fdcb5e51d32b43befd4c872f0b8cef725e0947bf7b79aff4a98,False
primary,1488,opencv/opencv,2022-03-06 03:40:12,feature,feature,c49d714562ac813170a85e5bc5d83edb85cc8cd3caff882bca2941c293c769e3,False
primary,1489,opencv/opencv,2022-03-05 07:58:42,feature,feature,d4bf481f7c08f929cd7e765e5c08327d2a260c6492a84c9da4a971d342d3e3be,False
primary,1490,opencv/opencv,2022-02-28 15:20:45,feature,feature,3cfd286d21fa8ac0a130f449220669c6e7e613d7cc729088f77e9260152198b1,False
primary,1491,opencv/opencv,2022-02-14 09:12:14,feature,bug,f22c866889ddbc604eae808b68f620ffff2e8528bfb82148bdf8b08a3632e34d,False
primary,1492,opencv/opencv,2022-01-29 13:47:06,feature,feature,aa362da24d1865c43f48873ed68faf2d7bc4d3db66cf54a4304e9bbd3b86f673,False
primary,1493,opencv/opencv,2022-01-28 08:42:28,feature,feature,e351209c06c1cecef75e99c0028734e4ecec9f3d4a4f221d370523853df86aa8,False
primary,1494,opencv/opencv,2022-01-26 09:00:19,feature,feature,49daad958b99050a8e6934bba1fdbc8f2efc2867f89709b9c69ae9c0f52037d3,False
primary,1495,opencv/opencv,2022-01-22 11:52:21,feature,question,637c4ec62588bf36b510fcc3a66ebdf2f528ec4f293036ac6b8fd728dc321580,False
primary,1496,opencv/opencv,2022-01-16 19:27:55,feature,feature,de62a43452e4f41c5e9f75a4d3608d7240d44aee285cf24aebdaa223063d6c84,False
primary,1497,opencv/opencv,2022-01-14 22:05:58,feature,feature,e05be9b2ff2cebc8b1777766c3654e447542b3dca73328caa345beb2ec4bc373,False
primary,1498,opencv/opencv,2022-01-12 09:14:41,feature,feature,c61a705d757f8daea73da89f36de9fc598308e9b7a5b4dcaa7a4244d02290352,False
primary,1499,opencv/opencv,2022-01-06 11:01:32,feature,feature,29b9616862f429f3c36ddc7ea66fb9a6a20e07d1fb3e52e72d5d17833f23bbc2,False
primary,300,tensorflow/tensorflow,2023-09-05 05:58:09,question,question,9983b537c0f5d105777341e0f9db6f166afdb51ac6e2655052c42cfc983af871,False
primary,301,tensorflow/tensorflow,2023-09-02 18:05:04,question,question,eb889c96e306ce294c59222174c4937f264ce6ec538446bc796f7983a9045b30,False
primary,302,tensorflow/tensorflow,2023-08-24 19:52:10,question,bug,41624719d330c7c3e81c8fab1adefcae6948f95c632971eaa5c90db72d8e6ffa,False
primary,303,tensorflow/tensorflow,2023-08-11 18:32:31,question,question,796806f2ab2bae5e603f939d9473549efa64ee75427a4d1f62f811f1ad4bb245,False
primary,304,tensorflow/tensorflow,2023-08-10 04:03:47,question,question,27def2520eb8173080b8c1eb5fa17440430236f821d196a8366f4039b2ec2e15,False
primary,305,tensorflow/tensorflow,2023-08-02 16:59:57,question,question,e8e6265a5c82ac1c50af2f5aa66d87f2a390b337060d3d398e319a71e7991fa9,False
primary,306,tensorflow/tensorflow,2023-07-28 02:32:12,question,question,5653f888511a6e3ee9acf124bd34158be31f6b82fef0b656fa5ca90d05e8de21,False
primary,307,tensorflow/tensorflow,2023-07-22 11:56:03,question,feature,c5fa88a365b5fea23f2637d1ba93c6b6ac0f8517358dfcb34616ddda446e35d7,False
primary,308,tensorflow/tensorflow,2023-07-19 09:54:26,question,question,087dcb40dba681e309814ac539334358275f69cff174769ef6d8d86ccaad265b,False
primary,309,tensorflow/tensorflow,2023-07-14 21:48:59,question,bug,f1831ac8646a98d629a393256f505e129f5b355a983537b6708381546aafed68,False
primary,310,tensorflow/tensorflow,2023-07-11 07:13:54,question,question,9dea872f90668af3403a40dd89e2bcd450b3920887f3661b64949b21483d9180,False
primary,311,tensorflow/tensorflow,2023-07-09 17:05:54,question,question,23a6f64a8cbf47e90dd5660928d65dfa0dac4100d55b5e0d2fbe4f142e839740,False
primary,312,tensorflow/tensorflow,2023-07-06 11:34:54,question,question,48485318b6808082252ae7b83800293fb993bf299c587948283cd515d7923150,False
primary,313,tensorflow/tensorflow,2023-07-05 14:46:46,question,bug,8762075c874b7c87965721fad856466a0baa36de72cb6132c5ae6520494fa5c1,False
primary,314,tensorflow/tensorflow,2023-06-28 12:04:32,question,question,d5a6dfc29c7a512e7dc51a85428943aa2e3295c88bc94c7cadb30cece2608983,False
primary,315,tensorflow/tensorflow,2023-06-16 12:50:34,question,question,81ea279bf827f4111541668b91bb576e2481a1a128e853a166e2167614b38746,False
primary,316,tensorflow/tensorflow,2023-06-14 00:23:01,question,bug,fe8ad8c98f1b3b38cde5fee6b3d853bf2d3be103d39967cbf7a9e9490814ab3b,False
primary,317,tensorflow/tensorflow,2023-06-12 17:34:44,question,bug,18952b83157a3761e8db8920a9e4f92805c61a0e5e7037d7daa0c30235f53533,False
primary,318,tensorflow/tensorflow,2023-06-07 06:13:41,question,question,54363a9a28448a9f9768da858a436d5534da703fabf073ca57d5db641522b572,False
primary,319,tensorflow/tensorflow,2023-06-05 05:29:18,question,question,aa04a9927fc85c0d902165fadd2a16c67af8335e471938cea70180b587913fda,False
primary,320,tensorflow/tensorflow,2023-05-28 10:03:54,question,question,c1d96d1c62eef2843f1d0aca000c06376356df26cbd0f6618747bb0c78da4620,False
primary,321,tensorflow/tensorflow,2023-05-24 07:11:34,question,feature,0b1f36896449b7dae55a267dc7ef293ca058566962c76d57da3d2ff0b779213b,False
primary,322,tensorflow/tensorflow,2023-05-23 21:39:58,question,question,c485d79c8a361770040c3208a66d9f5c364487e4529c547d674a5505ec13c7d0,False
primary,323,tensorflow/tensorflow,2023-05-19 19:10:56,question,question,551c60f3a8b3c612b6344921c393d6bcf56daf7b366dd8e52e6e3b0a9c7385c2,False
primary,324,tensorflow/tensorflow,2023-05-14 12:14:57,question,bug,6d1b0b6d026b1290f70a910bee6a44aa786e276d11d322f86173899f9214b347,False
primary,325,tensorflow/tensorflow,2023-05-12 10:16:23,question,question,a7fe07d63e3b4eb7112f91fc4f74323a61fcd3611ef2e8262378716adf9e5f96,False
primary,326,tensorflow/tensorflow,2023-05-10 11:46:30,question,question,eecda6e11eef878162836507827761cf3b5b46b136685c468c326bf8d993062a,False
primary,327,tensorflow/tensorflow,2023-05-09 13:35:06,question,question,2ba381dfcaaea2613746b15fd42bea152be758bd89bba7300530735a07d73c8c,False
primary,328,tensorflow/tensorflow,2023-05-07 17:48:03,question,question,5d210c2a35217a90e8a5683edfaa7f0925ee865645e56a958e376abf44f28ddd,False
primary,329,tensorflow/tensorflow,2023-05-05 01:43:12,question,question,3bb336830c5a1b87e5341d65f4d6e8f93105ccc6922471ac929ca4d45a2950c1,False
primary,330,tensorflow/tensorflow,2023-04-30 19:42:47,question,question,8eb6c25e901ef6c54e9a53bb501b226413ec0bd4465cac22ca82ee5bcd36d853,False
primary,331,tensorflow/tensorflow,2023-04-22 13:16:36,question,question,c9c423d878efa01fa27b2eaeca9befe795193a2a0101a9005880acfa840624d4,False
primary,332,tensorflow/tensorflow,2023-04-19 09:14:34,question,bug,8f57e92d0a7766f210d51a104d07c890e72512e22bdbe7bf1d90b0b0ec7e7b22,False
primary,333,tensorflow/tensorflow,2023-04-18 05:51:45,question,bug,f516f343c80822d58ec24b2002b9df7c0143bd44c4a0e7926427a96ec02b3cb7,False
primary,334,tensorflow/tensorflow,2023-04-15 01:28:54,question,question,971020da9e0651e2d01d8a18c6dc639b3e8eccb41ebfafc8f0c81cf7a167a064,False
primary,335,tensorflow/tensorflow,2023-04-14 02:06:39,question,question,2cb3bfa5948d0cba1d768c2076e8ab884b3e00e391d3b5d7bbecafc901e7348b,False
primary,336,tensorflow/tensorflow,2023-04-03 23:09:21,question,question,6014d64799ed2077f45d216dcfb79ef015dee533839f3cf0b12e8646e315db07,False
primary,337,tensorflow/tensorflow,2023-04-02 21:04:57,question,feature,3afa2840a724c96238bdd0b23c035a6ab137777d898d9bfb6c393d140d6a3a20,False
primary,338,tensorflow/tensorflow,2023-03-30 11:08:35,question,question,7de25356dc53bfa6c9ec5aee9505e1b648abdc83cb8a6054c9818cb4fb2feaac,False
primary,339,tensorflow/tensorflow,2023-03-30 06:33:53,question,question,bd017574dfdfc804d460d8f5344d48b527f7456a7810b7c3c672b017240f9a0d,False
primary,340,tensorflow/tensorflow,2023-03-29 14:35:28,question,feature,940d1b54e668f0382d4a0bddd22273c7165a8d2ea426f907991480b770065c02,False
primary,341,tensorflow/tensorflow,2023-03-28 19:51:01,question,bug,fe7301d4f7531fb7eb97e66eafcf76b7e30485c37a5f194d51c06f705cbd2268,False
primary,342,tensorflow/tensorflow,2023-03-28 17:40:33,question,question,cd1901de8930cdf6ad6bb2e98bfbb4420eb1bcfe239440fbdd14ab1ac05cc416,False
primary,343,tensorflow/tensorflow,2023-03-26 13:55:00,question,question,f59672ac68c2f8e8ccf43a1c391546581869862c581836751797073136109345,False
primary,344,tensorflow/tensorflow,2023-03-23 20:34:46,question,question,33919af9df88ab266322dd90ce92c9f6d931b7357c8e98beb072d3fc529cc95b,False
primary,345,tensorflow/tensorflow,2023-03-22 10:23:59,question,question,041dbb1f0bc51faafb8180e8b7d3ebf81ac9bfe2024a6d9712979a88cf2b4187,False
primary,346,tensorflow/tensorflow,2023-03-17 10:43:59,question,bug,cd14162f0cf14f09dc562abe444cebc5c4ad7aa6556b96002805de982826903d,False
primary,347,tensorflow/tensorflow,2023-03-16 21:46:24,question,bug,e92c71d0e1c744e5f65e14f77663be793f57f6206ab31b7a36891ce435aa90dd,False
primary,348,tensorflow/tensorflow,2023-03-14 13:16:00,question,question,2f84442c9fb1e4a78b0258fa1a26620d1823c0731ac33f29f2a81f1a9d09dad5,False
primary,349,tensorflow/tensorflow,2023-03-14 03:10:18,question,question,8c73c7890642ff5cf0d6620e7123cc4637896d5f76ea22b23d24958fd9ead186,False
primary,350,tensorflow/tensorflow,2023-03-05 08:33:57,question,question,2c68c2c38cd52a759018ddc250bd440d6d659f9602545cb1bcc865355d1dc756,False
primary,351,tensorflow/tensorflow,2023-02-28 23:22:38,question,question,0aa11d8c310461a211217e20db6df635cd047416d0063097d37b377b510855c7,False
primary,352,tensorflow/tensorflow,2023-02-26 16:44:57,question,question,619a080dba461f13261c3b24ea0975f5e1b70bc8a7a2838f0fed898e0cea4dfd,False
primary,353,tensorflow/tensorflow,2023-02-25 07:38:38,question,question,a3b9dcdf597b417ab1a33ade69279cc4a633d1d20ee0094430c014ba0dbacff2,False
primary,354,tensorflow/tensorflow,2023-02-24 06:56:58,question,question,35908bcdd27c1bfd595178a6f4604cd65d35b36ab536697edd29df806e641e7f,False
primary,355,tensorflow/tensorflow,2023-02-22 05:30:38,question,question,94c917feeb370092ca6fde3840615856c8d10df9bb226af85a524b99cdbb4388,False
primary,356,tensorflow/tensorflow,2023-02-21 02:58:36,question,question,430c8ae472f11eaee3b462e2073ec93c6cddeb9c6dd63f7f24227c33eb76e5e5,False
primary,357,tensorflow/tensorflow,2023-02-20 02:37:05,question,question,7ac33e449f61e5c5767203281bb1f157bfdb03002a41719befc7673d03f8c276,False
primary,358,tensorflow/tensorflow,2023-02-12 02:56:29,question,question,5e973d918052e6874c5a5f75bc170f406c7e5fd3231dad82a4a3b882d03dfd00,False
primary,359,tensorflow/tensorflow,2023-02-09 08:41:26,question,question,a8e379c78521854e14723efb88a808d8f933df72a6140a18bff95b53a61f0c88,False
primary,360,tensorflow/tensorflow,2023-02-03 09:45:49,question,question,0414eaa743710c50b81a702b6bb936e318486f67be8da9dd34ce04b50fa8420e,False
primary,361,tensorflow/tensorflow,2023-02-02 00:30:03,question,bug,096ede86d956d9e7938ba7443e9cce10599b4b7ea4c07af29819df5e18a5062d,False
primary,362,tensorflow/tensorflow,2023-01-30 14:59:14,question,feature,994ae17fc47147d815f9f17a9994820682197707703843fc9d661caea5ebae14,False
primary,363,tensorflow/tensorflow,2023-01-27 12:48:19,question,bug,976e8a78269313bda97f28d17ec52b62e4f0a0795a205f111097ec58f0e931c3,False
primary,364,tensorflow/tensorflow,2023-01-25 22:38:38,question,feature,dd3bdff0a2b7911f156344eecadca25d8669a31a65a59c2adda3e89a1a4b10b1,False
primary,365,tensorflow/tensorflow,2023-01-24 11:54:25,question,feature,f2e8cb67d8cdae144d7465f6062647e3cd2c763d56abfe11e71ad0d6b7ab3055,False
primary,366,tensorflow/tensorflow,2023-01-21 17:47:34,question,bug,354bae61459c48f7dd6f880927b4972991577dc106583f4a55612e68bf33f31a,False
primary,367,tensorflow/tensorflow,2023-01-18 18:29:38,question,question,6761b3d5c68bc69f2a78fb531fc52ed3681d17c1e8b8c13bf8cc0e5c5b5e192c,False
primary,368,tensorflow/tensorflow,2023-01-18 03:30:54,question,bug,3148a4052f5f61e6d503a68f1671572f3abb307202af275becbc30a4b8deafda,False
primary,369,tensorflow/tensorflow,2023-01-16 20:10:57,question,question,7b912b4d11b1a3d41db4488aafcc4982c721143f009750aeb25c3ebc175a91e6,False
primary,370,tensorflow/tensorflow,2023-01-15 17:13:03,question,bug,110518e77e7d31f3bea59b58d8d7acfcbb25a832b143d5ffa073426bda6c0580,False
primary,371,tensorflow/tensorflow,2023-01-12 12:17:44,question,question,1d9b136882aa5806499b54bc73bb8886cfca2a13a95dad9b277c1e49f6c1f34e,False
primary,372,tensorflow/tensorflow,2023-01-12 00:40:51,question,question,99b993779582a9257c55a134a993be973e32296451c0224efa7c86e6944e8d35,False
primary,373,tensorflow/tensorflow,2023-01-11 17:40:13,question,bug,7651005d75611e1266833d109e76a7bb6ead3bd4c99b1777e718a1ab8c2080ce,False
primary,374,tensorflow/tensorflow,2023-01-10 11:57:02,question,question,4ab4f47a4f0bb923680892c9a7ed8f8702b6c5b06b6ed3d70c5c23f5a73ad8a1,False
primary,375,tensorflow/tensorflow,2023-01-06 01:49:36,question,question,e551b197b79f08bfae826b825f561daccf78fe006c747b64056fb7e554443731,False
primary,376,tensorflow/tensorflow,2023-01-04 16:06:33,question,question,436222b23be89b20d188c834daa0951c5312a9839bd461741915cbb17ce28d42,False
primary,377,tensorflow/tensorflow,2023-01-03 01:49:45,question,question,92023bf1d8659fab3dc6f2d120df36b0c78dbf58a976b5648b921f514e6682a6,False
primary,378,tensorflow/tensorflow,2022-12-29 03:37:03,question,question,ee2f5247f79020881c989c5c8da8a42720099f08128995429b8b403269780601,False
primary,379,tensorflow/tensorflow,2022-12-26 20:31:07,question,bug,a5f06bba2dd7d3cffcc575f35f55d5a5c44b283df6493f99311c6a5097bc6fae,False
primary,380,tensorflow/tensorflow,2022-12-24 08:03:21,question,feature,b713f26ea823cef1c67768f7f547257858ea324b71b0dfff7441b42e83db8140,False
primary,381,tensorflow/tensorflow,2022-12-20 13:23:11,question,question,c8781bf71f4c6ea7b32c5bddb1cc25f0c5c80e0654635ca3bee097ab25462fe7,False
primary,382,tensorflow/tensorflow,2022-12-14 15:42:03,question,question,dac945194a0e5adce35b5ba91aad58a1ce05a9f073abe0aee02ba325f53e9297,False
primary,383,tensorflow/tensorflow,2022-12-13 11:50:34,question,bug,1f9270f9352024d61244db50688023b52bbe3f4c13ab88f590cb7f63c323c2b9,False
primary,384,tensorflow/tensorflow,2022-12-12 08:25:56,question,question,31bc3089ad96e9d010ee03826c4b01ad82179594eaaeb88c11b7b0e8a12d7676,False
primary,385,tensorflow/tensorflow,2022-12-11 15:12:55,question,question,2102500c4f49770d23e19ecfda56a7cdb7a1a9c20e51c51d1e4d1a58b69ca369,False
primary,386,tensorflow/tensorflow,2022-12-07 19:47:27,question,feature,57e6067ad8fbac41102817ca33ca04c1116540fe8febdb5fee48032dc5292e63,False
primary,387,tensorflow/tensorflow,2022-12-07 03:44:27,question,question,8cef6974c710c994eda3c6f0cea9e358093827db658819b67edd893bdb5edebf,False
primary,388,tensorflow/tensorflow,2022-12-05 00:46:56,question,question,6e5817261b4f13dc1bc44b05679e1371a5de6e7f89051d6d20323d6b18d0d74f,False
primary,389,tensorflow/tensorflow,2022-12-01 09:40:39,question,bug,494e8615bab492419c84255fd0785867fd99b8bc967a894029a88982e42c308c,False
primary,390,tensorflow/tensorflow,2022-11-28 22:37:01,question,feature,da17b341ec21844be4b7d8b1dbba90e4049963061dc1e4182e53115ed3a93747,False
primary,391,tensorflow/tensorflow,2022-11-25 13:55:03,question,question,32328cce9c87d2b489b8c4d5676c6fe78d9438be372548f0c318c773933e4d76,False
primary,392,tensorflow/tensorflow,2022-11-25 08:41:50,question,question,b6a5c5435bdd0130587d4191c50b0269115fdc886563331d753aefe906f6983f,False
primary,393,tensorflow/tensorflow,2022-11-23 07:52:06,question,question,c27b939fbf34fe540e1bf91253c01be49ae77263dbcb4bd087f9846345d4eb00,False
primary,394,tensorflow/tensorflow,2022-11-21 05:30:01,question,question,3506db5e1a058ca34bae7accce1d6756c11c34f5891e0b3b4b6d2ba2bd8ffd10,False
primary,395,tensorflow/tensorflow,2022-11-16 18:11:12,question,question,4b66aa0be9aaf1b75035cc00d9a33e0815eb4324eae8fe304e6ba24fb476a28e,False
primary,396,tensorflow/tensorflow,2022-11-14 17:48:31,question,question,8ba6d91c41387d02c9241275deca3dca4738fe7e1631df6a36a211f557ed9cf4,False
primary,397,tensorflow/tensorflow,2022-11-13 19:38:32,question,question,015872126f5895460c701b938c1aba55491e425a294d6b32c5d012ad6557bcaa,False
primary,398,tensorflow/tensorflow,2022-11-11 13:31:28,question,bug,dcd0107a45dbae79735b33e47f6eb6136601bc2b20c25c1b34325117429194ce,False
primary,399,tensorflow/tensorflow,2022-11-09 07:04:03,question,question,2419d3a84bddb8f0330b3fbe6fb2fd0f326d64bf7d6e985505f9371382d69499,False
primary,400,tensorflow/tensorflow,2023-08-28 07:20:19,feature,feature,252b03f9da145353bad5a21ad123eab200e96e9fe3c1158dba7839593906ce9a,False
primary,401,tensorflow/tensorflow,2023-08-19 05:24:59,feature,bug,6112f23b79b664151ec461f714fe92a7079449f40f036b27373827a97680c64e,False
primary,402,tensorflow/tensorflow,2023-08-10 07:53:12,feature,question,211eb84d00dc0a05494731be1cea237f3c58109dc40490c90f39e8a8cbb6c87e,False
primary,403,tensorflow/tensorflow,2023-07-26 06:59:17,feature,question,479f4eed7e2f643227f7fb3b8cb4076cab5d9a663ec2ce5577e104ebede71ce0,False
primary,404,tensorflow/tensorflow,2023-07-20 05:53:22,feature,feature,dbe55cecae68700cc1bcf48dcca62aa7e9da5a62904f702d035947c4b68e0796,False
primary,405,tensorflow/tensorflow,2023-06-28 18:15:49,feature,question,881978f1165993c632f4eca1c6c40dd2d77d21330f496ee5b7381f5fa7386727,False
primary,406,tensorflow/tensorflow,2023-06-18 20:11:34,feature,feature,bb840fe096443f0dbb20e214732445e6032bb14bc94f6c6cb714dba9d3cdee27,False
primary,407,tensorflow/tensorflow,2023-06-12 10:07:16,feature,feature,351624c38e6d52ea11fa3fb2dcfe233082705268f05645be4c9136daea3560cf,False
primary,408,tensorflow/tensorflow,2023-06-08 14:48:45,feature,feature,a1689be1bb1354d9e14ea338b6ecdf409966bd4369561523c576060de85d547b,False
primary,409,tensorflow/tensorflow,2023-06-07 23:07:13,feature,question,c25b1b27c81232aa97d3a718f68ba275edc1cb851f9b58ca279f2637494027d2,False
primary,410,tensorflow/tensorflow,2023-05-20 08:20:17,feature,feature,01acb4b82069625a1738cf4acf81f2c90a36168053a325228c36907f2b331483,False
primary,411,tensorflow/tensorflow,2023-05-04 07:40:29,feature,bug,85fa7f1683089819db3e1f43198d33faa4597ebfb7b3457d41ff578699b03c38,False
primary,412,tensorflow/tensorflow,2023-04-25 10:49:31,feature,feature,4ad13de77fa98bdbbdd694755f06082e189d0b90286f8be6fe99b79315050442,False
primary,413,tensorflow/tensorflow,2023-03-30 10:39:22,feature,bug,6b418ade8f8349d093340d40811a609e47ce7dc915823c19285a783b5a788620,False
primary,414,tensorflow/tensorflow,2023-03-22 13:56:04,feature,question,8f25fa4df4596e2188e92e0cc551995d73110bb939cb39f656baa66adeb75e0f,False
primary,415,tensorflow/tensorflow,2023-03-09 08:11:52,feature,feature,a096ffba1bfadc770aacd532d4d40d8f37543af523f998ea78d2508a07008e29,False
primary,416,tensorflow/tensorflow,2023-03-02 01:48:09,feature,feature,7e70e33c611127a2f76e46f8c4a90c112f18a6c2b2082ae9f45f9d098788c511,False
primary,417,tensorflow/tensorflow,2023-02-17 10:23:10,feature,feature,cfcd522c67623bf878c3deba21505678ac3efd4fd4bbf6e673f74bcaef610c56,False
primary,418,tensorflow/tensorflow,2023-02-07 16:35:06,feature,question,058a68dbacc8f6226902e20cc4a87429ff799aeea2bf1a0ccaefd1e1a0f862b2,False
primary,419,tensorflow/tensorflow,2023-01-27 12:57:33,feature,feature,0173f5c9ff11d92832d5e0e48391bb97115d1862e407d45864122e6ac307647a,False
primary,420,tensorflow/tensorflow,2023-01-19 04:14:29,feature,feature,53294bd65250480cff8bded244387d5601fcff5e6eeb96819e4a752be36b7dda,False
primary,421,tensorflow/tensorflow,2023-01-13 10:00:15,feature,feature,1f567ad2adef7b54893317b7ca60a0771e18493c0410c58d7fccccc977b97f53,False
primary,422,tensorflow/tensorflow,2023-01-11 09:29:42,feature,feature,68ce9f5e522c6eeffb011977bc0b3f55b1879b737dabf8de0bd0d72418f47616,False
primary,423,tensorflow/tensorflow,2022-12-29 15:08:42,feature,question,9836f2967024fd9ab8228350ffaac5c833dfc4d89c0ccb0c2067766fb67161c3,False
primary,424,tensorflow/tensorflow,2022-12-12 14:06:12,feature,bug,6fc8245fb79a732b5ba1d23ba04df32635a5075f5f947a557d6a4e91454bc7fb,False
primary,425,tensorflow/tensorflow,2022-12-05 13:25:59,feature,feature,717184bf088ad124ed0c0f59075be9b73a47c9ae3021542fc276c5aaa8a76f46,False
primary,426,tensorflow/tensorflow,2022-11-27 01:01:32,feature,bug,a46a6acebccea06b9993542ddd3b59a01a56af0749b4a2c0cfebcc4180ef8133,False
primary,427,tensorflow/tensorflow,2022-11-24 11:28:36,feature,feature,5102ce14b17112bb2744ddc8a00c90709e38d8af9a47b98dcbbcf28444e9a602,False
primary,428,tensorflow/tensorflow,2022-11-20 15:45:02,feature,question,b1c7994ac321d557404801a385d9cf04300f27c92774c109948650021f185388,False
primary,429,tensorflow/tensorflow,2022-11-09 18:31:22,feature,feature,fadc1f489f46b4a8c47cc2415a4599e660159e990f86e086255caff8834e0aa8,False
primary,430,tensorflow/tensorflow,2022-11-03 23:47:39,feature,question,0c79b58fa1948ddc681e0538b22e526e9075791c9147ef821f025122152863b1,False
primary,431,tensorflow/tensorflow,2022-10-28 15:43:59,feature,feature,ef6e5d90404264df9b432f0ba13df436c850df38aff35faee6ade0ba77e3bede,False
primary,432,tensorflow/tensorflow,2022-10-25 07:40:36,feature,feature,ae20c208afe941a9c760a5e2e441e57e3e239f62b13c03605f17659074e29403,False
primary,433,tensorflow/tensorflow,2022-10-10 07:33:14,feature,feature,d6af976e56e1f554bcbe8362ef7121ec9d5696bd32645520761205c4ef597aa1,False
primary,434,tensorflow/tensorflow,2022-10-05 20:32:45,feature,feature,d31ef480205b20b56d61979d5f0cf4210994d7481dd18305dc45f5e753e96199,False
primary,435,tensorflow/tensorflow,2022-10-04 10:57:09,feature,feature,3c6cccda66f1dd9da70ff796a4bb4a3e37f5ebeb97a9d6089cb2cfc1ef6120e1,False
primary,436,tensorflow/tensorflow,2022-09-27 09:58:43,feature,question,cd6de64d13e5b29cb57b11a27896e5bbc10d5b981ce508cd78ae8ce24e760d1d,False
primary,437,tensorflow/tensorflow,2022-09-23 13:06:06,feature,feature,65318a91d23ba50100acd927d09a563f38dbb3e4171ef55c220ad5c5402ce1c9,False
primary,438,tensorflow/tensorflow,2022-09-20 13:11:21,feature,feature,059322ea644d6159b674b6d5de99da59b9464b0fc352e3cee0641360ea4b1a78,False
primary,439,tensorflow/tensorflow,2022-09-16 18:52:35,feature,question,23a538e7257ffec4db8ad76d857c501b91b4c152854bd8d48b37fd589f8da36c,False
primary,440,tensorflow/tensorflow,2022-09-09 02:50:17,feature,feature,deb04f197076934f637f3cfefca95cdc6f0f7154b1a26e963c44f3920a584927,False
primary,441,tensorflow/tensorflow,2022-08-31 20:42:53,feature,feature,8ce3bca5f084c5b249204cea593c9d6d676d3c4f569b59a84650852ce19635eb,False
primary,442,tensorflow/tensorflow,2022-08-30 20:33:41,feature,feature,3cd5ad3a1e47dedb9ce00cda55350277a8ea93c2dc10025df75d11cb9ea26a69,False
primary,443,tensorflow/tensorflow,2022-08-24 10:33:30,feature,feature,ce74e4585c018800850e1a7dba349c2e36e5ce0250caf0f54be19a1f0cbc04c7,False
primary,444,tensorflow/tensorflow,2022-08-19 15:01:51,feature,feature,0aa9fda19c5c76e2e970c8b502f8778b7dd3a90208175f1a53a860a66f32070f,False
primary,445,tensorflow/tensorflow,2022-08-16 07:45:48,feature,feature,81b6cba3ced7aa143350048624b4cbeed72789f530f2e29fbebbfe2a9ae305a0,False
primary,446,tensorflow/tensorflow,2022-08-08 14:03:12,feature,feature,2cc464622b8c1e894f28632d2589d7240c9777af92da48d03f3ab1c930d57243,False
primary,447,tensorflow/tensorflow,2022-07-30 05:16:45,feature,feature,dc40aebc62211ae1d1cea8e86a36a4a97b1ce0b1563b8261c89ba6edda584525,False
primary,448,tensorflow/tensorflow,2022-07-26 02:00:42,feature,question,5cd2addead75a9dcf7ea517c25f783856248caf01f9825b0d4bf417923f02fb7,False
primary,449,tensorflow/tensorflow,2022-07-21 15:05:00,feature,question,fe988e31de48a40961c300f2706f913a3e4579f8694e78259b5d40295acd4fc1,False
primary,450,tensorflow/tensorflow,2022-07-20 09:01:02,feature,question,2f101f1c2334fd18305675143cc26ad3f7544f9d92e1a2213c0f04f44f4cef77,False
primary,451,tensorflow/tensorflow,2022-07-15 09:47:15,feature,feature,ddf0242fd4f0971d3f7a928a755bd00bff384c0bf4181930119aa8feace6a961,False
primary,452,tensorflow/tensorflow,2022-07-10 10:03:45,feature,feature,2743f7ff6db434a19935c4740ca22d9463fbd7ecc37e3a991ddb764bc16f6377,False
primary,453,tensorflow/tensorflow,2022-06-25 13:03:14,feature,feature,3dba76354bcde7f9d6308e769f2ff226de7fef7f6bad2bd3d4c8711300702a97,False
primary,454,tensorflow/tensorflow,2022-06-22 09:26:37,feature,feature,b5bbce0235f666b65aec07955fd000faff72334cbe97536cea5342d76a854389,False
primary,455,tensorflow/tensorflow,2022-06-13 21:42:13,feature,feature,c446c98b63cf1c3b2c0e418e1a8e18a61007f7508e85354e1408b53da94d8128,False
primary,456,tensorflow/tensorflow,2022-06-07 11:37:24,feature,question,bd0acbd3c533ee436ac30ace6dfd362b3e9d0dbc111c96c84ea4271859d9d82d,False
primary,457,tensorflow/tensorflow,2022-06-07 08:17:58,feature,feature,0b0abb721d16a998abd411964b3431068014f81716f68463d212171d4687232e,False
primary,458,tensorflow/tensorflow,2022-06-06 17:12:27,feature,bug,1622975462f1c3aaec76f9ba017ee3d0b1ce646f37c9c8439b1951bab870a574,False
primary,459,tensorflow/tensorflow,2022-06-02 19:23:53,feature,feature,ccb0596e0dd189992dc5125bb7198a18dc7458f64eeb73d47a85d41d58b3ba68,False
primary,460,tensorflow/tensorflow,2022-06-01 20:07:25,feature,feature,6f315a9f3bb1d098e554434ca68d9638e1b207bd1de8d4625e09ac255c5feebf,False
primary,461,tensorflow/tensorflow,2022-05-31 20:55:14,feature,question,8bade3fd72dd6c2e5a65dd6e181ffe2ee2c53515deeac955ee83d4de73742499,False
primary,462,tensorflow/tensorflow,2022-05-30 11:44:30,feature,feature,58f7522e24b6fe2b7292cc1750bb83f8e7f46e5abc6e7439a7127440dd2ce91b,False
primary,463,tensorflow/tensorflow,2022-05-26 11:32:06,feature,question,0aa8c80d1be147d5fa5d4a668e9a4a4dfb41062f3dbcb020f5c8d866a1546038,False
primary,464,tensorflow/tensorflow,2022-05-23 16:33:51,feature,feature,1ad9c2f35604a733baabfa2609aed3971ee51e2874fdf680dda0e3b975c03324,False
primary,465,tensorflow/tensorflow,2022-05-20 09:42:07,feature,feature,9c446e8c257b608f4215100bb13ff4a7b2fcaf04396de1e862be31b304f61d10,False
primary,466,tensorflow/tensorflow,2022-05-17 21:40:50,feature,feature,517011407572f4c78c079d732dc9af7826665170143c59e830747296006df290,False
primary,467,tensorflow/tensorflow,2022-05-16 02:19:24,feature,feature,1cdb1df0994598ebc24c9c681443d5260e62e06afbdc11c8846fb4fe1fe6fa1f,False
primary,468,tensorflow/tensorflow,2022-05-04 08:29:44,feature,feature,7efca23638002dcc13ab4924092b7f2106fab0e9b24a82936563f273567cea1a,False
primary,469,tensorflow/tensorflow,2022-04-30 12:18:57,feature,feature,1de5f78a42df67ab943c30549e6950a2b2cf3c1f09b1699d5c4c75e44ea15b00,False
primary,470,tensorflow/tensorflow,2022-04-27 07:55:07,feature,question,59a8edf5c52c86c173fcdbab4e705c5446088142fdf0b8d359ce3bfa884150a1,False
primary,471,tensorflow/tensorflow,2022-04-21 07:15:37,feature,feature,138d3bbaf0784d70c466487556e58c0eb0983c8b19863ee000a2cf64411df00d,False
primary,472,tensorflow/tensorflow,2022-04-16 19:57:31,feature,feature,b0bc4cb25ae045c66d4b64482d98c64b1ef933e4dff5f55d14329e15b9fcfd88,False
primary,473,tensorflow/tensorflow,2022-04-07 20:34:54,feature,feature,72b3f3a01645e3eb155ceef830a8afd1531c668f8a7d8b5e3034532d889e9e25,False
primary,474,tensorflow/tensorflow,2022-04-04 15:12:51,feature,feature,3a2cf68280dfecfb90a482987294eede94b7481541ae385bffa93ef542167f4f,False
primary,475,tensorflow/tensorflow,2022-03-31 09:11:00,feature,feature,35a97482fde8378f48ee8bfbac33a1fef8219352f8638e8dfb24ad34668ecadd,False
primary,476,tensorflow/tensorflow,2022-03-29 12:03:50,feature,feature,f1ea1c7dcfcbe2c478795d4d13d4e926d977af31c8d14e22d381bef304aed7f6,False
primary,477,tensorflow/tensorflow,2022-03-16 21:06:31,feature,feature,7978d430901cdf270fe8fdc7d75409093e0291a6c53abe233ddd5451737ee42a,False
primary,478,tensorflow/tensorflow,2022-03-13 07:09:30,feature,feature,cda1fa00e40fd21396aeb31dfa5b7ef898f1cd872164e656c5cb04e44100dd5c,False
primary,479,tensorflow/tensorflow,2022-02-26 21:18:20,feature,feature,d458e24c0558b44a3fe573301542a517176d7b79d26aafcd4a1e8f427fa0baf5,False
primary,480,tensorflow/tensorflow,2022-02-22 22:26:25,feature,feature,cfc2d9ace7d648d940230f595a3c4b6e9a65e654922829a67c32419d0100245f,False
primary,481,tensorflow/tensorflow,2022-02-20 14:28:41,feature,question,bcf29268433d2676f856e1b00069fc7ac0db9b0f6841aad4bba120c7bc33c89f,False
primary,482,tensorflow/tensorflow,2022-02-15 16:10:50,feature,feature,7fbe8c408ab94a1b6e1e03c7a2a31500f0dc5c69404e54ea3512ef68b9d9c9b9,False
primary,483,tensorflow/tensorflow,2022-02-10 21:20:55,feature,feature,1c36f8d2e4ad692ba518599cf608fdfa068f19b8abdf4bf3a32c25b168fc421f,False
primary,484,tensorflow/tensorflow,2022-02-02 06:42:45,feature,feature,f0d07fe47583e4f5f4f37ac501a878c09bebe36b30d1a821e85628a88ccfd002,False
primary,485,tensorflow/tensorflow,2022-01-26 08:53:15,feature,feature,2eaebcd27240f792508815c85c5464274b14d319dfc765dc5f938dd412eba443,False
primary,486,tensorflow/tensorflow,2022-01-24 13:48:42,feature,feature,6ad149deba0176d891b3de1ebeac80acba3b10e8c20bf2baabdf36f97055c08f,False
primary,487,tensorflow/tensorflow,2022-01-22 09:14:06,feature,feature,d3e486e2bb924f4a6eabcc823ac4888d18ccb3cf4d4f48a538727598ea62be38,False
primary,488,tensorflow/tensorflow,2022-01-21 19:03:40,feature,feature,106cc4c9932c61a322c0182ed913c56989dc2a5015c69cedc278e44f1b704556,False
primary,489,tensorflow/tensorflow,2022-01-17 09:55:18,feature,feature,ef17eae5fca5160875e23d7468ab4f888fe76281413cadcd6384fb1cc606f82d,False
primary,490,tensorflow/tensorflow,2022-01-12 19:31:31,feature,bug,aeb0630ef2ff57b46aa9db8906ad39a7a6f275b35a61d269c5c0aede460278eb,False
primary,491,tensorflow/tensorflow,2022-01-08 12:57:44,feature,feature,fc8bdb3b20a66df2c3f14b0d59bac4a2bcef79abae6fb27cae51341f63999731,False
primary,492,tensorflow/tensorflow,2022-01-04 16:36:31,feature,feature,c9a31d04061ba74945fd39af4d17b1e5d900de946c2d090ac69bc86625da3bf1,False
primary,493,tensorflow/tensorflow,2021-12-30 11:18:46,feature,feature,c9906108e5bc26d8e9331580852325f06bddfb2dbb8a71418dfe218567ef8bfa,False
primary,494,tensorflow/tensorflow,2021-12-24 21:31:31,feature,feature,3e1bf97c55a3dbe6fd31958c71753305ee519721949a298c152a09ad83a38aee,False
primary,495,tensorflow/tensorflow,2021-12-16 07:03:11,feature,question,a70e62740ec0638c6177bc013c6c1373b0daea64de9e1372497114c34eb51e68,False
primary,496,tensorflow/tensorflow,2021-12-15 07:19:15,feature,feature,718839efc35c0a90b473dcd1c7a2e0275cd4fc9f949de777e3ca9f84378aeb72,False
primary,497,tensorflow/tensorflow,2021-12-10 13:29:51,feature,feature,c05fe2863fd960f8f2ad0fd0926623d47be979f0cdf69b1dc632a7b4ac98a496,False
primary,498,tensorflow/tensorflow,2021-12-06 22:31:26,feature,feature,76513e21cfc385485e9a78a616256587ca2dfa386dbc09cf98cefee6d866dcde,False
primary,499,tensorflow/tensorflow,2021-12-03 10:37:08,feature,feature,3a353eab2914751e31344180457a0a0898988cc516bc1a40f8f5bffbe19aa064,False
primary,500,tensorflow/tensorflow,2023-09-23 14:11:33,bug,bug,1d2696818d7fd930b3b7517b9de3b2d3df32272df113b1b600ea9ceca6f1ba43,False
primary,501,tensorflow/tensorflow,2023-09-23 13:56:17,bug,bug,ba4e2fab54fcd20b60e18efb13f6ec4057140d880594e760f0af7b08f01fccf9,False
primary,502,tensorflow/tensorflow,2023-09-22 12:46:16,bug,bug,d71978e916f22867ebeafc546b079e0583bb2c392a6ce7b3db5f2281cd230a1d,False
primary,503,tensorflow/tensorflow,2023-09-15 09:48:15,bug,bug,68584e4e136593d44816b82ce458c797e2571244285a6924e983b0eebd7fee04,False
primary,504,tensorflow/tensorflow,2023-09-14 12:16:19,bug,question,4a5afdf4545eaf9754695d90ebdc5893e217803e687d47f516aa795fff545c0a,False
primary,505,tensorflow/tensorflow,2023-09-12 03:18:12,bug,bug,470662912ba6856b68508a5a98d5cdb2ba78283cfaa7aed7c8ee7f506e0d5112,False
primary,506,tensorflow/tensorflow,2023-09-07 21:31:59,bug,bug,a80f0b7657507c2da5c67ac4efc60766b3617a9c18c10975fc16214891cd505b,False
primary,507,tensorflow/tensorflow,2023-09-05 13:06:02,bug,question,1af340f78a74917eeef71fcd98a294499b192fb792118979ba0e7bb6bde61b6c,False
primary,508,tensorflow/tensorflow,2023-09-03 14:28:22,bug,bug,fd28daaa0e603ab39272173ce51002c4d928f5f76635b3d85e603cdcf9e32dfc,False
primary,509,tensorflow/tensorflow,2023-08-28 20:15:53,bug,bug,7678bb3e170b7fd40423b8b2925483b98f42aade30bd33fcafd3f9a2dde1df6f,False
primary,510,tensorflow/tensorflow,2023-08-26 15:17:24,bug,question,47fb2d78457e90ae5afc31aada741fcca38195cd6d348691fb6b4d7d621a20ad,False
primary,511,tensorflow/tensorflow,2023-08-25 07:37:33,bug,bug,34f8996197d4cfae16072fe560083d5b99bb9d628df50784d142fcef81ed66fa,False
primary,512,tensorflow/tensorflow,2023-08-22 09:38:14,bug,bug,c50663be52e6f41aedd8646adeb537e37d5ebddfbb631676eef28253f79f1654,False
primary,513,tensorflow/tensorflow,2023-08-22 07:36:21,bug,bug,98df129c85e2658a66da8fc232e11ceff4b3cbe03a6c90e1d90f4c4de63beb49,False
primary,514,tensorflow/tensorflow,2023-08-21 15:11:42,bug,bug,78957e29dfb8224307cc415331200730df67a3ffda29015bcf153f4b71ef23c1,False
primary,515,tensorflow/tensorflow,2023-08-20 18:45:47,bug,bug,87384ad05fa1bfac839c2c2c86c9da25a4de11ae8abe1a6d9e817251e02761e0,False
primary,516,tensorflow/tensorflow,2023-08-19 23:04:06,bug,bug,10699257b34c9448b72f9d1de77736e90c94c304ebbe9d4ca654bdbc2a78d35e,False
primary,517,tensorflow/tensorflow,2023-08-18 00:56:31,bug,bug,914347752afe9e91be07c7293e84882154290070132f666c01642b8f44fdc5e4,False
primary,518,tensorflow/tensorflow,2023-08-18 00:52:39,bug,bug,a359757126ad60b2c827f97a848cc699cbab8da26c9754e8b6e316828643fd8a,False
primary,519,tensorflow/tensorflow,2023-08-18 00:37:29,bug,bug,e29ba8f60609aa71a81813313cbaa115bd9f5f5d446795474069e46e47e1b0b1,False
primary,520,tensorflow/tensorflow,2023-08-18 00:29:46,bug,bug,780cfee89074fe4b2ea32babe1646e5c7b6a29ee65b69303df46e311787e9f08,False
primary,521,tensorflow/tensorflow,2023-08-17 23:59:05,bug,bug,fedf642cf0f9a82f6056e8b3676ca311da31fbcd94e7ce24790e2c18be083c72,False
primary,522,tensorflow/tensorflow,2023-08-17 23:52:52,bug,bug,31d880a19d7d6fd63d5131224df42add6c65dd22f9b0dcdf1ca59df670ef96b9,False
primary,523,tensorflow/tensorflow,2023-08-17 23:32:12,bug,bug,1ef694b2d37766ef6756bc9895f96f374a87632aecc4ab25f6bbe92cff644ff0,False
primary,524,tensorflow/tensorflow,2023-08-17 22:06:34,bug,bug,dff5bd5291ceab9f55311b7d2fff7d047aeb16319b09bfb71f725d7f155a1810,False
primary,525,tensorflow/tensorflow,2023-08-17 22:01:13,bug,bug,c5e1ecaa8388b2454c6b6d3f626233e417e2dfe1440dc10d1bc037cd3aa2096e,False
primary,526,tensorflow/tensorflow,2023-08-17 21:56:54,bug,bug,c1f82c74e81856f347ca27853e1d51b1d48f9e4c973cbdc35c634b8fea084553,False
primary,527,tensorflow/tensorflow,2023-08-17 21:51:46,bug,bug,b3a6cbb9a73a35b5b6bc90ecead8a55535c899d58ceb18215d67471fcde03443,False
primary,528,tensorflow/tensorflow,2023-08-17 18:37:54,bug,bug,acc99ad79961161c5383be3eb07295ec00b9392292694108c72546d9d2880e00,False
primary,529,tensorflow/tensorflow,2023-08-17 15:19:19,bug,bug,b70ce96515bfc87e5b2caa88e0e579e413245bbdda97872e6731dc9ec9c3c83d,False
primary,530,tensorflow/tensorflow,2023-08-17 14:55:02,bug,bug,50aed6fc70a2892ef8aa2d211d4f58e4492ae8b16109b89a698d8e3aa3812c14,False
primary,531,tensorflow/tensorflow,2023-08-17 14:22:48,bug,bug,5b536542f4a706f4150268f99174c9cbadb0440d217495a46a2242b69a7fcf1c,False
primary,532,tensorflow/tensorflow,2023-08-17 08:51:23,bug,bug,82cd12dd1103e909ef81d9c10cbe223fbfaf8ef42dde16a84d4f94b88771f92e,False
primary,533,tensorflow/tensorflow,2023-08-16 16:16:20,bug,bug,239dfe2d79e913afd2d3292aad258f69cbde8811579b6a47a5c5a625ca16f07e,False
primary,534,tensorflow/tensorflow,2023-08-15 09:33:59,bug,bug,94ce993e48cc1d8d9041bffd54df71d2481d1ab34d9f0859af3e7a3ee4d1857d,False
primary,535,tensorflow/tensorflow,2023-08-15 02:03:40,bug,bug,6fc781a336421f8b7ac3c01123f56e0a72b0154ef06d5dbc8a25c318acff75c0,False
primary,536,tensorflow/tensorflow,2023-08-15 01:40:14,bug,bug,4d917a0981d7e3eaed8f566c8d95a957d07328dd636a6e96360e588370375c47,False
primary,537,tensorflow/tensorflow,2023-08-15 01:34:29,bug,bug,64826e44709435ba9a11b9891dcb103d01fb7479325ed8b048c278e16d78ee02,False
primary,538,tensorflow/tensorflow,2023-08-15 01:29:57,bug,bug,dbe30c51b3193ee608f0906fdf9b43873d206374316d8f8b8aa4a327ae415e63,False
primary,539,tensorflow/tensorflow,2023-08-14 23:40:39,bug,bug,ed7f695c5f25783a5448b86b259369626c101c50ff47bcf773152561f78afc00,False
primary,540,tensorflow/tensorflow,2023-08-14 23:16:28,bug,bug,1321c2f5b67b808e6aa6e298a4b4b265d93ba3c28cfe8b3d8a97782757b28f79,False
primary,541,tensorflow/tensorflow,2023-08-14 23:08:43,bug,bug,f781df5c0cd1fd75967332ed6f031b4d6611fd28d6cd8c77294109df76714b04,False
primary,542,tensorflow/tensorflow,2023-08-14 22:25:16,bug,bug,96034592cd24d8727493e77ada9e025b91c5d04f5f13d9390499924e826cf2f2,False
primary,543,tensorflow/tensorflow,2023-08-14 21:19:25,bug,bug,212cda96feaa184c64cfd5cbaea5c6aed2faf4b13428011aeebaee63a059e2e8,False
primary,544,tensorflow/tensorflow,2023-08-14 19:17:35,bug,question,aa7473f10cd551f69503fdb77afbc95e3da47899972ccf9fa372091650ee8a61,False
primary,545,tensorflow/tensorflow,2023-08-13 21:34:43,bug,bug,71a68b96200d31c2031a544b48188d5e95c3b2832b0d3dc4a452bf2b4cfbcbe5,False
primary,546,tensorflow/tensorflow,2023-08-13 06:08:12,bug,bug,b97ec04825323bbf0d4e3d3d62a0702e108c0145faf563ed622e94935ab4ff98,False
primary,547,tensorflow/tensorflow,2023-08-13 05:22:51,bug,bug,95df712d4e5929dd32d100e0789f9250ec0743c58a73313e3b3430b6f6631fcf,False
primary,548,tensorflow/tensorflow,2023-08-13 04:15:00,bug,bug,ddbefb80e26e98773e6a1b8db6002729cc6d86e9ad19a1ea74efb4a1c89c058e,False
primary,549,tensorflow/tensorflow,2023-08-13 03:05:27,bug,bug,50734af5ff732a7ea462ceb6a59b5b4299755b8140dd001a4ec7a7b20bff50ca,False
primary,550,tensorflow/tensorflow,2023-08-12 19:32:57,bug,bug,ac0440159412d537a0a18a031eef7aa119cd3bd1aaee3dbaf17006e02e23ecc6,False
primary,551,tensorflow/tensorflow,2023-08-12 18:32:22,bug,bug,364b5455fa8012f328d0866f230a649ff28734189158acec7e27a7c47d8b869f,False
primary,552,tensorflow/tensorflow,2023-08-11 09:46:28,bug,feature,ed2e8b3ea30b9e517de5ced2685e89155f8e6541daefefb62eb860607d79a549,False
primary,553,tensorflow/tensorflow,2023-08-10 23:41:58,bug,question,8cae1187612f2b595957a638bd2dec28493d613143b1215c91af09918b08c1d6,False
primary,554,tensorflow/tensorflow,2023-08-09 07:58:04,bug,question,c87bf76471be6bd7fb1f585a8802065945b7a9fe7143e28f3552207df65b4a34,False
primary,555,tensorflow/tensorflow,2023-08-03 10:02:23,bug,bug,7b8a22c3fde519271b1c6f5d9f4a17e1e40d36312f003fb415ad95b5b690eaf1,False
primary,556,tensorflow/tensorflow,2023-08-02 12:29:15,bug,question,6a8810388b8c4662cc6596e3b9a268881a83957c779634d95b0b243593972462,False
primary,557,tensorflow/tensorflow,2023-08-01 11:41:30,bug,feature,cc75682c9fe867651b3c97c3ed2b3eea5ccda79b228274a87e266614809ddfb3,False
primary,558,tensorflow/tensorflow,2023-08-01 04:31:13,bug,bug,7620954cae771064d45a01cd056dcf9175fb6de5e9387550104d0e9c6f1e4116,True
primary,559,tensorflow/tensorflow,2023-07-31 09:26:26,bug,bug,b913f8936bf7d270fe40de3f7d4045c66b2d466894549ebe2d6cc15c0a03a087,False
primary,560,tensorflow/tensorflow,2023-07-28 18:24:21,bug,bug,f1abfb691f6eb4a6be75d4c45a5f1b326b8281e8baa5b541a120351e7559243c,False
primary,561,tensorflow/tensorflow,2023-07-26 21:56:14,bug,bug,b7ce407e3abb193eb7352150bf38acd349de75e02f17e22c397faeec166ccce2,False
primary,562,tensorflow/tensorflow,2023-07-25 08:13:21,bug,bug,b61e47e4fe87e9c68d53d23cd02e0b0ed1e5fae1521ca7b487719135ce6c5c96,False
primary,563,tensorflow/tensorflow,2023-07-25 01:30:55,bug,bug,86f2cf5654a54cdf41318f95e443db15eec78646e1639991f53d15a09debcb23,False
primary,564,tensorflow/tensorflow,2023-07-24 16:51:23,bug,bug,25a0160d427fe9532b14e4b97c796bda058b86ad738db9f1f1bcc27cc29ab22f,False
primary,565,tensorflow/tensorflow,2023-07-22 07:11:34,bug,question,c6c3b4564db406a80cf9b8ecf55513d6875ef1b32fae67f51bd756bbaa528300,False
primary,566,tensorflow/tensorflow,2023-07-21 18:21:26,bug,bug,8f1019957146e57efafad1300a3c7a7d117fd57bc9518fd4ad6aafbb863eaac1,False
primary,567,tensorflow/tensorflow,2023-07-19 12:46:52,bug,bug,5152812d8f69df0357c7d473dba9103fbaaf46fcdf15533b3d9b7fd6c864af12,False
primary,568,tensorflow/tensorflow,2023-07-18 01:29:12,bug,bug,2e0093dccd6083524a3ffd239123b0ed2978d4efb5ab1007757feb84b41be972,False
primary,569,tensorflow/tensorflow,2023-07-17 12:19:06,bug,bug,63a6417c08b8d45dea5b184267a299fcfe82501cd788f6bc3783bcbdd4306006,False
primary,570,tensorflow/tensorflow,2023-07-15 13:33:28,bug,bug,ac31a1b085d206bedbf79a209d5d70466dd7bdda4ae8fe44d4cfae3d3ee620ed,False
primary,571,tensorflow/tensorflow,2023-07-14 22:13:11,bug,bug,b9ea6807fd54cb287fde888ada04484390c7def07877dd9117ca4a8122a419ff,False
primary,572,tensorflow/tensorflow,2023-07-13 13:03:01,bug,bug,9c2637d443a7909aeee0576b3df719077f108ca4fcf3018342d5e1b7690675a2,False
primary,573,tensorflow/tensorflow,2023-07-13 03:41:33,bug,bug,214229b2770e44cfbf0af57eed370d19c185d36ffdfa80173eddcd203801e995,False
primary,574,tensorflow/tensorflow,2023-07-12 05:48:51,bug,bug,78ffd769c6d8dab361b29205393771c85379b7f050af7f2ddaabb1d1fdda2ff7,False
primary,575,tensorflow/tensorflow,2023-07-11 08:09:33,bug,bug,2f9783a08dfd3ce092d27397e178630d941393d5d746e0d5c412b016278a580f,False
primary,576,tensorflow/tensorflow,2023-07-10 18:41:30,bug,bug,61ca3a623f3e94b766e03103d81363b2a38bcbfaa9388cf9afbc8f28584ac54d,False
primary,577,tensorflow/tensorflow,2023-07-10 09:15:00,bug,bug,034a93720912ffbf0d85255614c8078e8f450156bf085998aadef220170414a7,False
primary,578,tensorflow/tensorflow,2023-07-08 04:32:10,bug,bug,b4f802548316e5ec4186ec630642002b5e251d4463b1e74eb49063f77fe5dbbb,False
primary,579,tensorflow/tensorflow,2023-07-07 07:27:24,bug,bug,148d3d86d2ed398eeb838337ab26e9978a281834ebebe21510bee8856bd53414,False
primary,580,tensorflow/tensorflow,2023-07-06 12:56:59,bug,bug,b582ddc01d10e7bdaec3a450a58be40c3cc4f3c71ad43be782b51c3e698dd12b,False
primary,581,tensorflow/tensorflow,2023-07-05 15:38:42,bug,question,5a236c99b3e95f6b349d66b0882437932e6df99c14b49c180ece5b07ec248f7b,False
primary,582,tensorflow/tensorflow,2023-07-02 10:13:52,bug,bug,adf7066bd22f6f0f499e26dd900876bceceb35ea0fb06604e58d2654fda49619,False
primary,583,tensorflow/tensorflow,2023-06-30 16:50:24,bug,question,8fd21467f03f5175967aee92409d1849973dafa5d983229c292de5d543d91670,False
primary,584,tensorflow/tensorflow,2023-06-28 15:59:05,bug,bug,7348f44e9b02ec6ec7c2cdabf2b6bfb48f915fd2cdcd9c187b900d0cf5f7caa9,False
primary,585,tensorflow/tensorflow,2023-06-27 17:09:43,bug,bug,ac4aaa2205cde444aa7b8e6f69f56dddc1b8d2965a4d3cf4e88df999050b29f9,False
primary,586,tensorflow/tensorflow,2023-06-27 09:22:41,bug,bug,a5cc37813518ad3d061d1a5265ee9c3ba778a4e5c8651272b0c5f5ab555d0ee4,False
primary,587,tensorflow/tensorflow,2023-06-26 17:39:13,bug,question,bf9a6148c42a91cdbea131a16fb8371d9cd2302d91f2c45772abaa5c02ce803c,False
primary,588,tensorflow/tensorflow,2023-06-24 15:13:55,bug,question,f18820e727c1d1a942673bea3c97aedd97b142d30cfdbf53ca7a6ce86d453dad,False
primary,589,tensorflow/tensorflow,2023-06-23 08:51:18,bug,question,dbf045803d140a19594582981202eb263e63a30feacb64b88ac4a1f08ea4abd0,False
primary,590,tensorflow/tensorflow,2023-06-22 22:29:39,bug,bug,acd4771560943e39137ef19dedcd191856b6b091fc3aba0c7bc5f6cdeb5be7db,False
primary,591,tensorflow/tensorflow,2023-06-21 16:46:50,bug,bug,26e7398206733fa229862e427fbe34e51c04ba0dd5f3fb80dc1c8744f51ef724,False
primary,592,tensorflow/tensorflow,2023-06-20 19:30:00,bug,bug,1a3fa7baac3935c56354689856ad5f64ab30435ab21ac368fe14d081fcb1cde6,False
primary,593,tensorflow/tensorflow,2023-06-19 19:28:28,bug,question,c1e7e6ccfa0205887466dd2635a1203ce526c8104d6a56973acfb8e52ae2d39a,False
primary,594,tensorflow/tensorflow,2023-06-19 11:45:23,bug,bug,90248e91d4e61a2f8de071fd71034052109b0c8cfa2286c7c0c6431dde9a8e5d,False
primary,595,tensorflow/tensorflow,2023-06-18 22:44:17,bug,bug,f76dc4c00c412dc35562db4819d29eb49e906fcb5ca0fe3ac3a27acc9da1ccbe,False
primary,596,tensorflow/tensorflow,2023-06-13 19:41:41,bug,bug,6c48e010df2eb6df6ef84bbf7e644733aebc064cfadd7668982877db33870961,False
primary,597,tensorflow/tensorflow,2023-06-12 18:07:28,bug,bug,037611e33107aa9d7375b64eb005f8def017052805a37006350d4770eb2c7a0e,False
primary,598,tensorflow/tensorflow,2023-06-12 10:32:27,bug,bug,cd2b19903021da8da5a5242611aceb90ceb657db205b07ea4cd2099715de25f9,False
primary,599,tensorflow/tensorflow,2023-06-11 00:21:12,bug,bug,c95c53302f5d196dbcf2b515f89e4424b75d6432ccc2978c7f8ede8296beeaeb,False
leakage_sensitive,901,bitcoin/bitcoin,2023-09-01 22:33:04,feature,feature,2a3add4886889c9c55e07d2fe0b969add871370a8c8cf20343ff2592e98c8136,False
leakage_sensitive,902,bitcoin/bitcoin,2023-08-11 01:45:11,feature,feature,d6c1a03105a968993243184bc458cb712c5ed623d45f7d5fb58d4ee70b5849f5,False
leakage_sensitive,903,bitcoin/bitcoin,2023-06-27 11:43:19,feature,feature,a5f47643afe3fbd257d0eeeb5873816ec535bcfff258021e605e24ca8afe5bab,False
leakage_sensitive,904,bitcoin/bitcoin,2023-06-23 08:52:50,feature,feature,9934cc0b22f727dec953d52c6f78c67a11e0674ffbd56a951de5149a92656fd1,False
leakage_sensitive,905,bitcoin/bitcoin,2023-06-09 23:18:21,feature,feature,0ebab0b81a3053e9b4ff7ea1d525855cbb322aa7b97a5462c754951f878bae04,False
leakage_sensitive,906,bitcoin/bitcoin,2023-06-02 18:48:23,feature,feature,ae7a7f8ac21476ed8f4289e2aa0889ab3492a6f55570a365b8652b4502eb94d6,False
leakage_sensitive,907,bitcoin/bitcoin,2023-05-12 11:47:38,feature,feature,e41fd105b260c37e6a8c9a60d2c47dc0fa8e92ce9512446155b3c4071f006992,False
leakage_sensitive,908,bitcoin/bitcoin,2023-05-07 20:04:05,feature,feature,5685dcee64ce84ccb9d5b03d41caf6f796ad64d145b99fcc64724c00a3d4c7be,False
leakage_sensitive,909,bitcoin/bitcoin,2023-04-09 12:08:01,feature,question,64bde347e2f03988eac9961a209af33f546fee9a95d3362cd3bc57d92d036945,False
leakage_sensitive,910,bitcoin/bitcoin,2023-03-05 18:07:28,feature,feature,fdd51d9acca71d9b5c61a483ceb664bd253c734dbd868c677ba2ecc7e179d877,False
leakage_sensitive,911,bitcoin/bitcoin,2023-02-27 06:57:14,feature,feature,2cd265168e9b9a44fe4b8c25312bc524660dec54063f7d0d4b837cdd93746436,False
leakage_sensitive,912,bitcoin/bitcoin,2023-02-07 11:55:29,feature,feature,1e35e5e6f9a3437deb8f1e90ced16d538193260dab66c01103bc8539b348576f,False
leakage_sensitive,913,bitcoin/bitcoin,2023-02-05 18:11:47,feature,feature,3813d22cfbe0e49c8e43cb220134df5c8de2d610790b1040deec388326a9ac2b,False
leakage_sensitive,914,bitcoin/bitcoin,2023-01-19 10:23:40,feature,feature,f16669a8b6785ccfb97713d26f34bb1a415fc4f5738f0e3ff8ae807c9cd631ad,False
leakage_sensitive,915,bitcoin/bitcoin,2023-01-11 17:55:14,feature,feature,100bc813bf75a7c9bfc7b4ae082131e5bad8107ef77b12218b376b0b742ae667,False
leakage_sensitive,916,bitcoin/bitcoin,2022-12-08 20:07:25,feature,feature,e6710f06841ebc91f63166b1e5e55ece1246a8b672a69f4e05b13c6bb4d67216,False
leakage_sensitive,917,bitcoin/bitcoin,2022-11-21 17:22:47,feature,feature,f35097d9d1ae20410eba8ae6bbcefaa386af0630c1c520372bf0fe5603648f80,False
leakage_sensitive,918,bitcoin/bitcoin,2022-10-07 12:59:12,feature,feature,abfd9250b654a488bd204ac39e5bae7f3fe8f28f5b7b406b528d88f9d9eb5220,False
leakage_sensitive,919,bitcoin/bitcoin,2022-09-17 02:29:39,feature,feature,fbab4d1e0665cda542e7fc961d9add7db130721319b1227e1818abc64c5a264e,False
leakage_sensitive,920,bitcoin/bitcoin,2022-08-21 01:30:20,feature,feature,08c88ffb793ee1a727e26e9904cfcd997e5be6a1ea51b92ac7b1236b4c0029b7,False
leakage_sensitive,921,bitcoin/bitcoin,2022-07-26 20:00:18,feature,feature,3a8a175076bcc50ad6f0836dd8c4c5fb284704c4d415ff14176983f2b8e718d3,False
leakage_sensitive,922,bitcoin/bitcoin,2022-07-13 15:02:11,feature,feature,971ba2025280dfbac8ff36630502ff47d832a21da41c946b1b2e516ebbb48433,False
leakage_sensitive,923,bitcoin/bitcoin,2022-06-15 08:54:03,feature,feature,376e7c2d4e677b8ca69e3e4aa235c51070e061f6102b8ad875516a116024e231,False
leakage_sensitive,924,bitcoin/bitcoin,2022-05-31 21:08:24,feature,feature,ec813097e07baab2d0c88c90495d146b6c440d3f83c01b4fe04e895627f43c7e,False
leakage_sensitive,925,bitcoin/bitcoin,2022-04-25 15:04:18,feature,feature,533009fd756b6ad4a656b8f70f19caf5da125fa04cd9b71944b53adaa58dc17f,False
leakage_sensitive,926,bitcoin/bitcoin,2022-04-07 17:22:10,feature,feature,3bccece0d0661e014960848ded00d6b7c6416cb41dd499519251bd18b2befabd,False
leakage_sensitive,927,bitcoin/bitcoin,2022-04-04 13:30:08,feature,feature,523cb18df4a00808177408f8ba7844b15ffa6d0d41e49c456385fc631af1fda0,False
leakage_sensitive,928,bitcoin/bitcoin,2022-03-24 02:45:10,feature,bug,4c4c2d4f0b409eb36ba3d82dc831ce4cc6ea43e40de1749ea66913eed7242368,False
leakage_sensitive,929,bitcoin/bitcoin,2022-02-22 19:30:45,feature,feature,0967cef5ec4a9f6fc5b0425bc6f20ea333aa7c74cc9f0a46b64689d62d285897,False
leakage_sensitive,930,bitcoin/bitcoin,2022-02-15 02:04:10,feature,feature,68b360c419080c9c41eda2c44fcebbcc20fdd5e61d56d04dbcf5000e38559e15,False
leakage_sensitive,931,bitcoin/bitcoin,2022-02-07 15:00:03,feature,question,6946c4073af6bc01450552f7f3f7c6e0bc8f497aeabb5fce2f8689eb7b21ee32,False
leakage_sensitive,932,bitcoin/bitcoin,2022-02-01 15:39:49,feature,feature,754a11370058fb9e80ab9922e73812176e8aaf57a12b66dfcb1aeb17847e0038,False
leakage_sensitive,933,bitcoin/bitcoin,2022-01-27 04:13:26,feature,feature,494aba0dea29811c9d3d60ad9fedb76f3c113711cf9a70e8d0ba57033bde2aca,False
leakage_sensitive,934,bitcoin/bitcoin,2022-01-14 14:41:37,feature,feature,570ac1fa1846b23a31a53f98ad05e36525324fea47a2d4facf2a6cc9679f21ee,False
leakage_sensitive,935,bitcoin/bitcoin,2021-12-27 14:43:43,feature,feature,ccc485b04d57d3d290a4c284485548a02746f055757ef86c06febbd5f355b54b,False
leakage_sensitive,936,bitcoin/bitcoin,2021-12-21 13:02:35,feature,feature,8096a3116aa96665af046fe6fe843a4c25d4648792b2c5a904c541e20acc9366,False
leakage_sensitive,937,bitcoin/bitcoin,2021-12-15 17:11:34,feature,feature,ef8a853c44a114bafda8a739a5686f2e1bcb16797cdbf19139ca9ee4a4c44840,False
leakage_sensitive,938,bitcoin/bitcoin,2021-12-15 07:24:39,feature,feature,99a423b53e93b1acbc35bee28bde53497cf15369acdce3018f2f8eb2bd74a4f7,False
leakage_sensitive,939,bitcoin/bitcoin,2021-11-28 21:36:36,feature,feature,af7d2625b0929a3ed25cf8f16b6024859df911aba2bdf1382c06e5b9cf4c7e9f,False
leakage_sensitive,940,bitcoin/bitcoin,2021-11-01 17:13:02,feature,feature,f739660460e5e12e62bbd9621716c7a19df8bd5a0ca307793fcbcc285421ddcb,False
leakage_sensitive,941,bitcoin/bitcoin,2021-10-17 14:23:23,feature,feature,dd5fd839b69efec4286773fbb9f14bfc2ee1bfa2417b5cbc5f7505b4f22fd277,False
leakage_sensitive,942,bitcoin/bitcoin,2021-10-11 20:37:25,feature,question,672cd80f615750d6abfd428b2b8078b1f6e79e402eab6cb8c4fc94e01063d9a2,False
leakage_sensitive,943,bitcoin/bitcoin,2021-10-05 13:39:37,feature,feature,5c9ef1c434c4dbe342e4bb1d641b3a31e298a6fd8d320ca31ca9e48cb30b1954,False
leakage_sensitive,944,bitcoin/bitcoin,2021-10-03 02:00:38,feature,feature,7d2fa53a4d66d14ec817fc45c58474cf468e40a893ab7c13a0c0b9a4bc6f882f,False
leakage_sensitive,945,bitcoin/bitcoin,2021-09-23 15:18:00,feature,feature,bd044320c9ea390e714ca4f54f735168ce8f76feb7e5a8ad42be02e1cacadd65,False
leakage_sensitive,946,bitcoin/bitcoin,2021-09-22 12:26:41,feature,feature,08ab20410d43d87e9818a5bd1c3491c4392e88d909a9fbea2739c9aeee84c016,False
leakage_sensitive,947,bitcoin/bitcoin,2021-09-10 22:41:05,feature,feature,fd1238a8ef072e2d8f776917a05e6dc5952ebf577a2a06226e91f3599ea483b4,False
leakage_sensitive,948,bitcoin/bitcoin,2021-09-02 21:15:48,feature,feature,8883bbe3c9d90038c0c56e282c72addb8ed43c40fa926c84f1f14708d7a42694,False
leakage_sensitive,949,bitcoin/bitcoin,2021-08-16 10:29:42,feature,feature,40074b07908b441e50a1b1e05746222556bcea4dcb4bc0d4c64b40ffc5fe8cd5,False
leakage_sensitive,950,bitcoin/bitcoin,2021-08-10 18:05:22,feature,feature,672e37a5dbdbcb281e6b1fa8607dd3be9c37f01b88a126d1f3de7674a0be974b,False
leakage_sensitive,951,bitcoin/bitcoin,2021-07-23 07:48:14,feature,feature,2b19f8ddfd8ced4ac23f85453fcc5fd471f2788c3059222152cce7936a480fb3,False
leakage_sensitive,952,bitcoin/bitcoin,2021-07-12 01:25:09,feature,feature,39c3e66dca7614f96f5f26085c2c11f1a61a32613d0316079c17cb012fe033af,False
leakage_sensitive,953,bitcoin/bitcoin,2021-06-29 09:50:13,feature,feature,29906c7bf1f758053e3e061b016f71577aaac4ebfc035fdff96f9ec8e240fa8a,False
leakage_sensitive,954,bitcoin/bitcoin,2021-05-21 10:21:36,feature,feature,c97557c7266d2900137dba05ad07df967bc4a5fa07d8bf1bca6f7d9d3e039f36,False
leakage_sensitive,955,bitcoin/bitcoin,2021-05-11 22:47:51,feature,feature,9cff858d768817ff700e47b7e798c4c18aadadfc79c38efc1f2ff3f58bf2beb9,False
leakage_sensitive,956,bitcoin/bitcoin,2021-05-09 09:00:40,feature,feature,393b4e3e6d3bc1e0bb38e571f40c71321bc7eba40ab2201d54c50c8fbffa23a2,False
leakage_sensitive,957,bitcoin/bitcoin,2021-04-21 02:23:41,feature,feature,bce7b6ba87d7c24ef6c8fbe81ff0bd204d44884c34b94faf13e81884ea106902,False
leakage_sensitive,958,bitcoin/bitcoin,2021-04-15 12:16:38,feature,feature,263c40d693a9fb3373f28ac8631183b33f61387eb87452df646706fc8213f48c,False
leakage_sensitive,959,bitcoin/bitcoin,2021-04-09 19:52:28,feature,feature,5e9a95263ca0231677c15ebe720adddcae10b089b4f22214c50868471a222ae2,False
leakage_sensitive,960,bitcoin/bitcoin,2021-04-01 13:16:08,feature,feature,605727985c224e1c04c677753db2ccb9d0382c3f5ed603d4bcefa4af999a1ca3,False
leakage_sensitive,961,bitcoin/bitcoin,2021-03-29 14:08:51,feature,feature,a37e971928cbddca06fdd40582a40d380ca69d2a51a4a9fa5dbf143996ecc394,False
leakage_sensitive,962,bitcoin/bitcoin,2021-02-25 14:55:56,feature,feature,e9049de5fb0db8da1a56e2727eaacb09a35c1af0c4c7d854b219e4fdd5b47060,False
leakage_sensitive,964,bitcoin/bitcoin,2021-02-19 09:39:16,feature,feature,40d3f7cd82ce84182775e8685f62a30c2a0b8c06ad042fa0c305da7412fce784,False
leakage_sensitive,965,bitcoin/bitcoin,2021-02-17 06:44:10,feature,question,0cbcbc51a63f160fc7fc4a0f91b587b28704493c85a4ca6d09a58512cf3a165a,False
leakage_sensitive,966,bitcoin/bitcoin,2021-02-16 11:25:56,feature,feature,0fd97ca9514e798a8266d3d5adcbc76f036f817885a0cf1ce0dbd343406e6030,False
leakage_sensitive,967,bitcoin/bitcoin,2021-02-08 10:49:31,feature,feature,54dfab8ab4d49b444886c4914322eacec85ff9302b8faa80cf3ec55a9ba911d3,False
leakage_sensitive,968,bitcoin/bitcoin,2021-02-04 11:42:21,feature,feature,4e5c50491ba49a161219b465c9547e6853b589a42e11669b3d6bdb84bdcf8ed0,False
leakage_sensitive,969,bitcoin/bitcoin,2021-02-03 04:38:01,feature,feature,861c4b037f7caff1babfd4575b6708b72754bd21d58291ff1d3a1a7a829aeb74,False
leakage_sensitive,970,bitcoin/bitcoin,2021-02-01 18:39:46,feature,question,20dc27c5c16c96ef8ea7145f6b64165af4195219aa58e7714ac1616f2e4dc7e1,False
leakage_sensitive,971,bitcoin/bitcoin,2021-01-22 22:09:12,feature,feature,d0e54028c2b17fd1c8ffe71a6fffef4ba7a799f1f73c5d62cc2a93225b170fc2,False
leakage_sensitive,972,bitcoin/bitcoin,2021-01-16 04:13:25,feature,feature,a41604d5577f76979b9f3bb19389630446fc4f7890806509f592691d24ed47f1,False
leakage_sensitive,973,bitcoin/bitcoin,2020-12-29 04:14:52,feature,feature,c66bf2f6aba9d6f5e134fce67fb49198d608c70c4f301aeceb05317610e822b4,False
leakage_sensitive,974,bitcoin/bitcoin,2020-12-17 12:49:55,feature,feature,99a856b22257c0806fbf66343b5cce8145c4f753a4aecab3cabd3ab4bb5a29d1,False
leakage_sensitive,975,bitcoin/bitcoin,2020-12-05 11:12:46,feature,feature,3f50bcd85d0ae935991702f78190095e402851c3941ef590844956ad7aacb2f9,False
leakage_sensitive,976,bitcoin/bitcoin,2020-11-30 14:20:34,feature,feature,6f3c81daf554ce07b4291048a7ed459806dd9a9fee6c0de85eed4149ada8f3c4,False
leakage_sensitive,977,bitcoin/bitcoin,2020-11-26 02:36:53,feature,feature,9d9bc28b4acf309bbeb094b30cbc2f69e3e5a72444918a692ef707f84d0dd26a,False
leakage_sensitive,978,bitcoin/bitcoin,2020-11-20 10:09:29,feature,feature,f15ffbcd621f5df70d30d3104c99411c7e31b563ff60187c993c92ddb1ebb14d,False
leakage_sensitive,979,bitcoin/bitcoin,2020-11-10 19:05:12,feature,bug,3267c4ef0737b2c74b7418a4bb96fc7587f396ddf7a9e2d3bcf3d6891ce76f74,False
leakage_sensitive,980,bitcoin/bitcoin,2020-10-26 14:06:03,feature,feature,a088c78840302ad977af9b6f54fee927986f70b3280ecc5f9cfdd422e59bf87c,False
leakage_sensitive,981,bitcoin/bitcoin,2020-10-23 08:41:04,feature,feature,ffa5215d08285170f48e1d952a749aa6769149023a590a13254b937f0f26e898,False
leakage_sensitive,982,bitcoin/bitcoin,2020-10-17 20:02:57,feature,feature,5a3b97382e19adc07b9f1cb33808ee956d9a968eb7abdec49ff23f58076b74d3,False
leakage_sensitive,983,bitcoin/bitcoin,2020-10-15 12:56:04,feature,feature,59362938722f034ba32be9d4ae047c4a443352ea523a450e6b03cbb4af3a6bfc,False
leakage_sensitive,984,bitcoin/bitcoin,2020-10-14 20:26:19,feature,feature,9e376cc7a17712cb08a491afefc09074764cb9bd6f431e1340577b0c9d84675d,False
leakage_sensitive,985,bitcoin/bitcoin,2020-10-09 11:44:23,feature,feature,7ec28da87712e8e6a5f15431b699235a453f196f73b10e7c8065edab1f076a2e,False
leakage_sensitive,986,bitcoin/bitcoin,2020-10-05 17:30:37,feature,feature,2df1e5971a9b4b67a98839af8db22cf515f20ac9b098f3b7826f6558d253047f,False
leakage_sensitive,987,bitcoin/bitcoin,2020-09-25 20:49:44,feature,feature,3cc3143c9ca126a12edcaadf45247d79f23ebf0304bf24fb75c3e6745e66fba3,False
leakage_sensitive,988,bitcoin/bitcoin,2020-09-22 12:09:08,feature,bug,31022707a1a4febc4372572517005dc6ef9a294fb97d4124d45fcf8d700e43b2,False
leakage_sensitive,989,bitcoin/bitcoin,2020-09-10 10:15:17,feature,feature,46543cc6434fb23014a95bba90da6e64ddf10a87a415a156d7f7d1ae982a8f74,False
leakage_sensitive,990,bitcoin/bitcoin,2020-09-09 09:26:16,feature,feature,6945c6e5e0f5a0a670cd0b498c965f705f158c80d0a95c5f282cb98687ee327c,False
leakage_sensitive,991,bitcoin/bitcoin,2020-09-04 19:58:04,feature,feature,daf33ea152f233de5ee090a62c9f4c762d8c215de3a95c6826f525c2e5a70662,False
leakage_sensitive,992,bitcoin/bitcoin,2020-08-27 15:11:25,feature,feature,a106bbb851a8c6a45645c9434f3462a8dd0ace1ba9484b257276ff25fa135b68,False
leakage_sensitive,993,bitcoin/bitcoin,2020-08-26 01:38:38,feature,feature,bd75241331324d47c662ce3e3a63e8a7a7d7e1c508abafbdc9ce15e889d8bfc3,False
leakage_sensitive,994,bitcoin/bitcoin,2020-08-17 14:21:43,feature,feature,1492f3bf8cea247169cb1bd03d88fefb5e8f0aa130b149e4a825caefb94a61aa,False
leakage_sensitive,995,bitcoin/bitcoin,2020-08-06 22:26:26,feature,feature,17e9134845f16f4d1cd8a4b50f4f79792691a497e4d62e5ee669d254bdef65eb,False
leakage_sensitive,996,bitcoin/bitcoin,2020-08-04 18:11:32,feature,feature,bf606b0671b706462b11b79eaf0ca710df44e1cae8d9167f69d67ea0aff21279,False
leakage_sensitive,997,bitcoin/bitcoin,2020-07-27 23:59:30,feature,feature,367ae89fe1879a722ea079058fef6fb0792d66501a4822b538806695d2e138c5,False
leakage_sensitive,998,bitcoin/bitcoin,2020-07-24 13:52:35,feature,feature,135720d9bb4964d52095335dd7a85958aed043481aea03a70eaaf8e57130f0cf,False
leakage_sensitive,999,bitcoin/bitcoin,2020-07-17 15:17:15,feature,feature,0f909793a38d6c7dc063f4cfc5a05ffed069a8aeeaad8e8a0179a96420c9c031,False
leakage_sensitive,1000,bitcoin/bitcoin,2023-09-08 22:43:23,question,question,34a150ca35e9255e47097761a955730db1930a14cc92df4e8b0443a8c0785fd8,False
leakage_sensitive,1001,bitcoin/bitcoin,2023-08-28 09:07:53,question,question,66cc27f7e4af057bba29b519547c667f9c39009db8cbf764aac54122da927ada,False
leakage_sensitive,1002,bitcoin/bitcoin,2023-08-14 05:06:04,question,question,c0fb64fbafcfdc27033a0656d520b3af4cba1fe735ce19186eaf3c2e4c5cd74c,False
leakage_sensitive,1003,bitcoin/bitcoin,2023-08-07 10:51:47,question,question,ce68abe8351914fed75a91fe8f7d685c968990026fae20fa7df82bf77ce5110c,False
leakage_sensitive,1004,bitcoin/bitcoin,2023-08-03 08:57:28,question,question,f817027b5838e97ea2a271b9ecc5c24e1d159fd0ef4dd4e590acef0e75c0dbe0,False
leakage_sensitive,1005,bitcoin/bitcoin,2023-06-27 06:46:50,question,question,4c0aaf0644cd655947d43a7f377d66655d1566c7294a801a4ed4a53f62445e2f,False
leakage_sensitive,1006,bitcoin/bitcoin,2023-06-07 11:43:15,question,feature,84ce719f183a8d238cd59609c3146ffb718606d2fb09a44d9d4075586a62ccd4,False
leakage_sensitive,1007,bitcoin/bitcoin,2023-05-31 11:03:32,question,feature,03c65a4b382d50a7f7ed02814d057154162cbb38ea326839e540eb8a952034e0,False
leakage_sensitive,1008,bitcoin/bitcoin,2023-05-20 11:38:09,question,feature,5d829400e8e4ee683ebc52abbeabb24798b8030764a7eb2544477ab60f40c4b9,False
leakage_sensitive,1009,bitcoin/bitcoin,2023-05-16 21:33:42,question,question,c333dddee24c6731f81465f7c75aa59e279ed32d462fe49a08643311bf74f317,False
leakage_sensitive,1010,bitcoin/bitcoin,2023-05-02 09:29:59,question,question,f834230a0600e8de9480acb9bf2da70df59642bc14abe4860e69ed95d2e28938,False
leakage_sensitive,1011,bitcoin/bitcoin,2023-04-04 00:50:19,question,feature,81f8ed83348d09dbbefbdabf077dc01be8f1d612e07b39304389da24fbf6e3b6,False
leakage_sensitive,1012,bitcoin/bitcoin,2023-03-28 14:06:07,question,bug,cd7945ed10c511b3f6aad1fe99a62cc88953b2400e629277fcccee692aff3b89,False
leakage_sensitive,1013,bitcoin/bitcoin,2023-02-24 15:35:28,question,question,d9836928b87ddaa184be06712628cd6015358e67c3b3b64fa3c035c4d3161b7c,False
leakage_sensitive,1014,bitcoin/bitcoin,2023-02-23 16:05:53,question,question,12be7d14cf131debd4064524f942071e0cfd4f466d30d2526da0b8a13a9ade1d,False
leakage_sensitive,1015,bitcoin/bitcoin,2023-02-16 16:41:59,question,bug,c7fddc28c3ab97e7b076df47d92ebc555d301d5b67b8f1fdb235fc1e2eec41a8,False
leakage_sensitive,1016,bitcoin/bitcoin,2023-02-02 08:17:41,question,question,9a6b8dd549f0176517fa834fed460fa6044669e83032166bdf454116634511ad,False
leakage_sensitive,1017,bitcoin/bitcoin,2023-01-30 01:46:19,question,question,adb4a150abeee3f1fcdd15e6f75383c6012ef83404201858f4404eac1161ea0f,False
leakage_sensitive,1018,bitcoin/bitcoin,2022-12-28 01:29:02,question,question,19d3f5d823aaf636a43095daf3bec93deaf822d37e675954b3d0249f768e8d32,False
leakage_sensitive,1019,bitcoin/bitcoin,2022-11-24 15:37:40,question,question,d373d5581df5d0286057e4100e31ed4eb621ca1786abff9460324d2faf68cdf8,False
leakage_sensitive,1020,bitcoin/bitcoin,2022-11-02 08:13:57,question,question,2af729e6dac4130142e64e2101161aa2768a17a551a33f7f334fab94f22008ba,False
leakage_sensitive,1021,bitcoin/bitcoin,2022-11-01 11:49:08,question,question,1153f9cb188da7fd6d7edb491ceb96ef3b68801ad4334b4736b3e302e7933a1f,False
leakage_sensitive,1022,bitcoin/bitcoin,2022-10-28 01:33:39,question,question,495f66987c5eb3e575326758276d63a4b573ab7aede158d2c74ef010acbaad53,False
leakage_sensitive,1023,bitcoin/bitcoin,2022-10-15 17:30:22,question,question,fe333d83f2b4baf25e692460f6909e782fb91966d46690d28617e74a8480406e,False
leakage_sensitive,1024,bitcoin/bitcoin,2022-10-09 13:55:12,question,question,8c102fbad1ce790d4364fdf9a5781789a6c653056eb74e263574360d15d45ec8,False
leakage_sensitive,1025,bitcoin/bitcoin,2022-10-03 20:37:08,question,question,e553a0384250e29e733c2233ad8e3d38036e5e1bdc94054aed3f4d6b7bfd1845,False
leakage_sensitive,1026,bitcoin/bitcoin,2022-09-28 15:15:38,question,question,a0dafb5a1dce7dcf6c149b88d70d6a5220ee4801b3c501657f65abda57a4a297,False
leakage_sensitive,1027,bitcoin/bitcoin,2022-09-06 11:55:46,question,question,def644a54279de82a936ae2c390f7ffeae9db3a8a9431dc3b9c909ef396eb7e5,False
leakage_sensitive,1028,bitcoin/bitcoin,2022-09-03 03:57:31,question,question,8e884f14dbfcd0d496e75f2257e3eb6526792d2a3642a736be61d4ff19d47f6a,False
leakage_sensitive,1029,bitcoin/bitcoin,2022-08-22 15:28:19,question,bug,259ab5bb9c8e99bd904b45685bac5e6a9e87c8cb80dd4e68fea91ab9b47420cb,False
leakage_sensitive,1030,bitcoin/bitcoin,2022-08-20 04:20:18,question,question,f7ac7e5bde0d8942636619ba1e2252a1ab534f3277ba73609e2c5a231c7bf1b1,False
leakage_sensitive,1031,bitcoin/bitcoin,2022-08-09 07:40:18,question,question,28712daedb1864b7d58ab86875cdc50e4f9ab049f53e100609418dddf1d0c165,False
leakage_sensitive,1032,bitcoin/bitcoin,2022-08-07 13:41:15,question,bug,c29b627cfe2581cc5269146a627059d1dfe5966166b1f7f11c2aeb14fa761ac8,False
leakage_sensitive,1033,bitcoin/bitcoin,2022-07-18 20:16:44,question,question,25a12e7ecd46bff480069bdc2f3bbac7f99ff73d73d56413ccd46209e61c1927,False
leakage_sensitive,1034,bitcoin/bitcoin,2022-06-17 09:26:10,question,feature,9e2c8d27f0d2c29cd2f10fc2c20200847fc63313cdb04c59638bf64150d42a04,False
leakage_sensitive,1035,bitcoin/bitcoin,2022-06-06 08:35:05,question,question,303ca760163bda74423d8fcf91263896ca26c43b9952f75d3a0545e7da8812e1,False
leakage_sensitive,1036,bitcoin/bitcoin,2022-05-25 08:27:42,question,question,448ecc8e58c2ea899857f6e5e307c453663fa858ff4f843aafd9292d9454d5d1,False
leakage_sensitive,1037,bitcoin/bitcoin,2022-05-11 05:10:25,question,feature,dd62c77863b684519945b9ded497f0d658ab219c7c9162d82f95a9f35b3b07e9,False
leakage_sensitive,1038,bitcoin/bitcoin,2022-04-28 17:45:28,question,question,76cc1b59d303b79228884c16dce46e1d77cacb10539b54df638e6eaa567a75f3,False
leakage_sensitive,1039,bitcoin/bitcoin,2022-04-22 08:03:10,question,bug,b4e1a11144ab0555f45f9c09ac09731023c930559d35055be97d07dc7a037b71,False
leakage_sensitive,1040,bitcoin/bitcoin,2022-04-04 20:42:37,question,question,17cb311f2a3e436cfbefe7ddec5cd41046a7fc216deb9e24151e798b6d8b3b6e,False
leakage_sensitive,1041,bitcoin/bitcoin,2022-03-20 06:55:38,question,question,78c96cf6d9b1d87f2a3de0e2a4f8b0e65c72141e72dc1f1075ab4b48fe02b4f2,False
leakage_sensitive,1042,bitcoin/bitcoin,2022-01-21 07:53:41,question,feature,1e558ed170146e11160351077cc5b26a34f46c5e4658062ef83f83df77d928b5,False
leakage_sensitive,1043,bitcoin/bitcoin,2022-01-09 08:41:15,question,question,43edf0a69fca304948b492aced7cb1338806b775ec30cf935eda57b0395860e2,False
leakage_sensitive,1044,bitcoin/bitcoin,2022-01-01 12:15:51,question,bug,739f2ac42d8cb2722865d3c9bb3b2a318443ae33bec9df55433e5b48b42ced4e,False
leakage_sensitive,1045,bitcoin/bitcoin,2021-12-15 13:14:56,question,feature,f98c63a67c59e07f5e8e0fa7cba4c8448e7b316af5d3e2a908bf0183408f057c,False
leakage_sensitive,1046,bitcoin/bitcoin,2021-11-24 15:53:25,question,question,e5eed710d17cff91ebf3056e60ffd8eaf59b1b98a28070772096d01702a07368,False
leakage_sensitive,1047,bitcoin/bitcoin,2021-10-20 02:03:03,question,question,0ab327334892e5f58067fdac0434aa7a7dd687b33cf6ee6bc246b45828d0f45c,False
leakage_sensitive,1048,bitcoin/bitcoin,2021-10-14 08:42:06,question,question,a3f1a7a845753bcb14a3de674e7d4b9118dc502209bf2a5d538bbef4a2c2f97b,False
leakage_sensitive,1049,bitcoin/bitcoin,2021-08-27 07:32:01,question,question,a3cfd481efa50d7cde6b54a582cd90c95c58cb964b72aa4ec71d8e01ac473c51,False
leakage_sensitive,1050,bitcoin/bitcoin,2021-08-19 09:03:18,question,question,5dc840c79c7b1fc796c03d8e80f7a50b145e5de816d805dd2605ad8841c5d81f,False
leakage_sensitive,1051,bitcoin/bitcoin,2021-08-09 09:16:04,question,feature,529d8cfa19af582a9131f84959554ba41443ecddc9b187fe189eb62d116036ad,False
leakage_sensitive,1052,bitcoin/bitcoin,2021-07-17 04:36:23,question,question,f0f30a4499b2654c208aea949946a20ad32199f4c63983506c364c8e87c26c14,False
leakage_sensitive,1053,bitcoin/bitcoin,2021-07-10 18:32:38,question,feature,0e18b04441bab7682ce2ce9226de461cee1e0c86f7e11f91d170bf507f4e5dee,False
leakage_sensitive,1054,bitcoin/bitcoin,2021-06-30 11:58:04,question,feature,a02876b73069d52bfd4bee3a9ad612978947eed77c6dee571231f613083bda43,False
leakage_sensitive,1055,bitcoin/bitcoin,2021-06-23 12:20:35,question,question,3ebf943f1fe236b5a135cc52a8ad9649dca33d423b861e1062c0a3a1c714dc15,False
leakage_sensitive,1056,bitcoin/bitcoin,2021-06-16 13:26:11,question,feature,5abb20084a36fba1926de123a7e1d5ec4b8e4cb8c50e3f090ff49c7268028265,False
leakage_sensitive,1057,bitcoin/bitcoin,2021-05-13 06:34:07,question,question,4a000443fa469b06fc392ec5c48a8a67058dd0492cc15ff9f7b7de00d70bc468,False
leakage_sensitive,1058,bitcoin/bitcoin,2021-04-18 17:16:42,question,question,c1a7043dd82fd2b32d79edea2e1a311edf34bfac1bf5c506b81a3149d1d66076,False
leakage_sensitive,1059,bitcoin/bitcoin,2021-04-01 22:02:04,question,question,7f2f3f125dcaa298a9e1a978a7d7e0d3c94c775e736bfe30a95195f5839c2c7a,False
leakage_sensitive,1060,bitcoin/bitcoin,2021-02-24 09:34:51,question,question,5eda729db7e26e67db96f8f9cf9fdc643d904c377dcb2a0274fffad9ba530950,False
leakage_sensitive,1061,bitcoin/bitcoin,2021-02-07 09:06:54,question,bug,a5306e897cce9df66861f40c2521be0a38f12fde51c3a87ef28e7845d6431ac7,False
leakage_sensitive,1062,bitcoin/bitcoin,2021-01-15 03:19:41,question,feature,af73cd684eb801303ec51014abfb0712fc28e14133eb53da583f251a38b66149,False
leakage_sensitive,1063,bitcoin/bitcoin,2020-12-14 03:52:08,question,feature,a1757036e6bb3d31f2082fe7afb2bba8b756aef025e3e450840d6d73f21bf7ce,False
leakage_sensitive,1064,bitcoin/bitcoin,2020-12-08 17:57:40,question,bug,b5153c5479742dc4ea9bcff64b059734ed6a00779d2504d375be6c5fbf136429,False
leakage_sensitive,1065,bitcoin/bitcoin,2020-11-25 10:12:34,question,feature,256761ea904a8acf3afdc4ff90ae37e946a1257dbd174de4786ca47eaa236aae,False
leakage_sensitive,1066,bitcoin/bitcoin,2020-11-06 08:40:40,question,question,9d20b1618eb99e5d471ae4baa12f5c1e55639a5f859170fce7d7b831d51b4109,False
leakage_sensitive,1067,bitcoin/bitcoin,2020-10-28 18:03:25,question,question,2795f29fcbe25d3f260ad7aca8d1e24e5fba99595e941a5776bf040eb081ada0,False
leakage_sensitive,1068,bitcoin/bitcoin,2020-10-02 20:59:04,question,question,c9feb82e0a777d2a2969b1e788126e3a7f20054ab5c01378259b1172b5c925b0,False
leakage_sensitive,1069,bitcoin/bitcoin,2020-09-06 11:47:30,question,question,b63a766a50afb529f6a0c69343a17bdec0f4de18ca4ea3fd9b053a3417339d01,False
leakage_sensitive,1070,bitcoin/bitcoin,2020-07-04 17:00:49,question,question,328620d20f8c873a82f8738ab749324e9cc7527c93cb3a98473ea822c4a38a8f,False
leakage_sensitive,1071,bitcoin/bitcoin,2020-05-05 11:57:21,question,question,707debe3866db73e7b4d6e5056db2991fff97f7635310bd8cf9fbc55d6468e64,False
leakage_sensitive,1072,bitcoin/bitcoin,2020-03-15 18:25:43,question,question,3b2549fd1d8df47f6b610d7668176f482972cd12b2bbfd085fce9697707d9372,False
leakage_sensitive,1073,bitcoin/bitcoin,2020-01-12 13:40:28,question,feature,63fefe3606f0a4a32490fe17d3398d20d06eca04f7dff14cd69c89f08146fd53,False
leakage_sensitive,1074,bitcoin/bitcoin,2019-12-19 17:44:37,question,feature,2bf5fb3d0005478e4db47b366bb213e6b010560569d697c28d3ad29f0755a783,False
leakage_sensitive,1075,bitcoin/bitcoin,2019-12-03 23:06:40,question,question,c6c5c024bbe90d88c52e7f0913804b97eb881db4a1bffc6b6cc76a16c538006d,False
leakage_sensitive,1076,bitcoin/bitcoin,2019-11-26 19:22:05,question,question,1bebab9e57657957de9682486c7c256c724d1dd6d5a5b1c537ea7f7e0417ab0f,False
leakage_sensitive,1077,bitcoin/bitcoin,2019-11-06 18:32:16,question,bug,123c9a015a8eb371f4112e7c73f1267a6bc51ea6cc5ca04004d1f1df764fbc7c,False
leakage_sensitive,1078,bitcoin/bitcoin,2019-10-30 16:28:08,question,question,e61a6faa3fd93cab2711ace226ea5135c0252b5213e8a3e58088d22ed8e294c3,False
leakage_sensitive,1079,bitcoin/bitcoin,2019-10-25 10:08:11,question,question,68a3a67f6ec40ce5d72548a415f0c756e77393028e5bde4e8e95867cd7329cfa,False
leakage_sensitive,1080,bitcoin/bitcoin,2019-10-24 02:33:24,question,feature,eb827e0809cb70d9baede17a7bd5fb3d3950b5e15243e327657da0bcfc5a0bc1,False
leakage_sensitive,1081,bitcoin/bitcoin,2019-10-10 20:38:31,question,feature,5477bafd0e7d05abf9fecf2fe7b2c2a6abbfd75d6240e2c52415fb96f7b94857,False
leakage_sensitive,1082,bitcoin/bitcoin,2019-09-15 21:27:16,question,question,77fcce65eb77bdc8b8563d432aa90754be4456cb1fd9bc2134f558e374fd0f4e,False
leakage_sensitive,1083,bitcoin/bitcoin,2019-08-01 08:46:05,question,feature,048aae9568f23780cb5868acc239cee37faae723cfdf3996f6b21eabc0f591e3,False
leakage_sensitive,1084,bitcoin/bitcoin,2019-07-24 03:05:54,question,question,365fa50cd98cd587c8fb6a668fd86bec0498422acc4506a978470124154d10d6,False
leakage_sensitive,1085,bitcoin/bitcoin,2019-07-04 00:37:41,question,question,0c6a2cbbd90db292ffc1380828781a2bb7bf9129ebf7fd9d7e0fd96615ed157f,False
leakage_sensitive,1086,bitcoin/bitcoin,2019-06-24 09:29:45,question,feature,d117a14c01ebdac82d9854094256496097d92f12ea84cd650ccaf0e099851940,False
leakage_sensitive,1087,bitcoin/bitcoin,2019-06-14 02:04:39,question,question,d0c4214b88fce39f584766f8687587a86a1980e2ec1274b0c5c435dabef0d2f9,False
leakage_sensitive,1088,bitcoin/bitcoin,2019-06-09 23:22:46,question,question,caf8e4700c55ff4823969ebfaa9608db7ae837ce26753d2cc111ccaa616d7ac3,False
leakage_sensitive,1089,bitcoin/bitcoin,2019-05-16 07:21:38,question,question,6bc69afdeaf827f7bfeb71b39c0294214cf38ba181cee3fd7c8a189c58fb4ea3,False
leakage_sensitive,1090,bitcoin/bitcoin,2019-04-12 16:02:56,question,feature,f7eadc53baa54fea98e3407f8c29f6d7bdcede57f269ef608a22a68416d3c498,False
leakage_sensitive,1091,bitcoin/bitcoin,2019-04-03 21:51:32,question,feature,738a07bb117cf74d55f15c56f88f7aa82dbb53f2cf1aee670395ff24bdf556b4,False
leakage_sensitive,1092,bitcoin/bitcoin,2019-03-04 07:15:34,question,bug,3a28363ce4c50af10a367f6fdf1858297883d1b58f162f6b10c1dff3ac130ba1,False
leakage_sensitive,1093,bitcoin/bitcoin,2019-02-28 05:16:43,question,question,4b022f61cba3702fd884f6631a8dd497f2d69f65bdcc28fe71193641754dd7be,False
leakage_sensitive,1094,bitcoin/bitcoin,2019-02-07 04:44:48,question,question,77a14d6440466d6fcf6ecfec8857f840c54fe85a4abbb4570320dc697c45bc3d,False
leakage_sensitive,1095,bitcoin/bitcoin,2019-01-16 20:11:04,question,bug,6a60ef68147d661a16830f4d7e5f836fb4f6b6fa12ffffaf3da1ab727ca63f65,False
leakage_sensitive,1096,bitcoin/bitcoin,2018-12-26 08:14:18,question,bug,78119d6cc94706d5a0a8d343681a823e3a4a1072e6e4a1160f5c26561ec0a63d,False
leakage_sensitive,1097,bitcoin/bitcoin,2018-11-09 03:57:30,question,question,f41c98927539992c1bdb4c712e2ea1a5ea8fb403b7cd96f24dfd220dad5338f3,False
leakage_sensitive,1098,bitcoin/bitcoin,2018-11-04 10:16:04,question,bug,6c01e2e1221a3f59c01ecc4405fd4b46cf5c9094f0f6e02456f00b75a8dc2b7f,False
leakage_sensitive,1099,bitcoin/bitcoin,2018-10-30 12:11:46,question,question,c79c7802d163678e23051fea02fb6763bd9c712595e34ab92cd996a9f8141e1b,False
leakage_sensitive,1100,bitcoin/bitcoin,2023-08-17 20:25:26,bug,feature,d8cd5e7b31779a24543ef8a0a9e5cc9d1d5fae7e4888e3c68292c4b432ed62f1,False
leakage_sensitive,1101,bitcoin/bitcoin,2023-06-20 01:37:29,bug,question,15419242e7e652d790ea92f7475d77e99a1e13d9a4e2eb66440c4ba36d9f43f8,False
leakage_sensitive,1102,bitcoin/bitcoin,2023-06-10 05:18:46,bug,bug,537f84ac22c01509c28cc33050e6479c12a92543a299bc46ef3261f407e10cbc,False
leakage_sensitive,1103,bitcoin/bitcoin,2023-05-23 05:10:37,bug,question,7e41cf24d229a1656be3dc232059d13a7c7bc9b6af27ad36f83c0b661cb51933,False
leakage_sensitive,1104,bitcoin/bitcoin,2023-04-19 13:16:07,bug,question,d9858d7f05dd809cc953d13c06e008529aa124d8d4abafaa07c2838395f5a95d,False
leakage_sensitive,1105,bitcoin/bitcoin,2023-03-08 21:03:00,bug,bug,337afcf63fe9e8daa1faddf5645183790f668c4a13dbb6ae448280c46202dd14,False
leakage_sensitive,1106,bitcoin/bitcoin,2023-03-04 16:37:46,bug,bug,c420217d7f122d7c1332edc5c085ffd5919e53c1aa032166c5537f980a53a191,False
leakage_sensitive,1107,bitcoin/bitcoin,2023-02-23 13:00:40,bug,bug,5117b4b460ef84453bb795aaa28d01b3c8d0e08a78b206ef81d7055f94ec7781,False
leakage_sensitive,1108,bitcoin/bitcoin,2023-02-20 16:32:21,bug,bug,c948bfa00ee6aceeeb302ac3653161916a1555ee5298580df12e65f29dd2c61e,False
leakage_sensitive,1109,bitcoin/bitcoin,2023-02-17 16:08:59,bug,question,cc4c24e46bc860d1ef0caf262df43a961e4b730850ebe44ef66e79fd69e769a3,False
leakage_sensitive,1110,bitcoin/bitcoin,2023-02-11 16:26:17,bug,question,f8a62071cbe2325d02f7f2c62f60fd9cc386f976e264c1cda94486a766c89286,False
leakage_sensitive,1111,bitcoin/bitcoin,2023-02-10 16:18:01,bug,bug,3836bd7cd44cecd36ebfc6373bd95d85db00dd203ebf55ed2a50ba28110da496,False
leakage_sensitive,1112,bitcoin/bitcoin,2023-02-09 09:59:45,bug,bug,4de10703cf437a201955a7e4e99588858acecacc5ffe581881c83a22e58d3211,False
leakage_sensitive,1113,bitcoin/bitcoin,2023-02-03 09:40:17,bug,bug,fa8e2de7ef1b6cfc13f2e9bc36948320ac8af375d94851e85529f93afd88441c,False
leakage_sensitive,1114,bitcoin/bitcoin,2023-02-01 16:27:05,bug,bug,1a72d8de36d7d7a3d07fdad1f23812ca0633e6f112db4eef9c404b1b3f69717d,False
leakage_sensitive,1115,bitcoin/bitcoin,2023-01-27 19:07:28,bug,question,6f11ef722f8fb030fd0ab43e15d1c9ee5ef618e8cd9174872bcfb7fe43a9ec10,False
leakage_sensitive,1116,bitcoin/bitcoin,2023-01-24 20:55:25,bug,bug,695dfc9ec96b3f2018feffd1b4d48ed23b70e90a9cdaf057cc923bca2ab59840,False
leakage_sensitive,1117,bitcoin/bitcoin,2023-01-12 03:44:54,bug,question,2b0b82c5389ead3620ba3d4756c549c8c281e36947951b074785fedf511a1ac1,False
leakage_sensitive,1118,bitcoin/bitcoin,2023-01-09 18:01:32,bug,bug,768df2d019ee76fef82f63e9e3686e6735afc3e872f47da2ee68ee92797038bd,False
leakage_sensitive,1119,bitcoin/bitcoin,2023-01-05 17:40:53,bug,bug,b18ef9ae4537e77d0fdc7b6e2d45a913d6f712ca081149e1a614d395dddf4c8b,False
leakage_sensitive,1120,bitcoin/bitcoin,2023-01-04 11:35:40,bug,bug,5d1a6f2e5c960ff3c3a9c2bd1a7c4e107deebf62a375a9038a8f80e7be52a807,False
leakage_sensitive,1121,bitcoin/bitcoin,2023-01-02 16:40:48,bug,bug,ddc396995ef20328c0bb2a8e6d230e1a23eb706403d5f81246fd30c583d06812,False
leakage_sensitive,1122,bitcoin/bitcoin,2022-12-26 18:16:48,bug,feature,488bdf4d700c5c0d41337cc3e9a4e38de9061bb63b94784cc999d02af91154b3,False
leakage_sensitive,1123,bitcoin/bitcoin,2022-12-17 22:37:23,bug,bug,7ce9f86b31b2ceee57cfea6173b265d85140c75fc868304cfe658484ddd2181d,False
leakage_sensitive,1124,bitcoin/bitcoin,2022-12-15 08:48:37,bug,bug,40e0ae282cd7d75245ad1ac5067fa61c98f09ded24b5df45408353a213efd32d,False
leakage_sensitive,1125,bitcoin/bitcoin,2022-12-12 15:33:38,bug,feature,466e124c79a1e36251d66574dee551d803c5770e17378d9e79f55bdc44c6384c,False
leakage_sensitive,1126,bitcoin/bitcoin,2022-12-08 00:14:23,bug,question,d8966a1b19d64e43e0976fda50229f83b4de2540fe82e533c3b359cd7092fe28,False
leakage_sensitive,1127,bitcoin/bitcoin,2022-11-30 22:23:47,bug,bug,a76863af0180f2081ad5026e3d1422927cbc125d7eb8f1413bcd337fa3e72033,False
leakage_sensitive,1128,bitcoin/bitcoin,2022-11-28 00:37:08,bug,feature,6e23f99c8f23b07ecea473eca6d8dfb9963f5bda99a1c600345b63e317ae14a3,False
leakage_sensitive,1129,bitcoin/bitcoin,2022-11-26 01:32:40,bug,question,21f1cb59a79d2a24963774943d774cab1034f790fc60d70d86f6e887705e59af,False
leakage_sensitive,1130,bitcoin/bitcoin,2022-11-19 22:46:47,bug,question,4d53b0b40a642da0bfd9a6b7e984c748018e6b6ba9dce2a3fdceedcc65e2f6c9,False
leakage_sensitive,1131,bitcoin/bitcoin,2022-11-13 16:16:35,bug,feature,cfc4991e404b52221742df94fa1fdb406964c071756e43f40c968dc5a37e1dec,False
leakage_sensitive,1132,bitcoin/bitcoin,2022-11-10 13:16:46,bug,question,58359ef5de7c156110f1bc6021e36122710e9c97f8e82fd3bd8a814eee2623dc,False
leakage_sensitive,1133,bitcoin/bitcoin,2022-11-06 15:37:17,bug,question,bdc9367f00553689203a423aeeacdb1e10de7cd3ec4043f925b73c1e6f4b76cc,False
leakage_sensitive,1134,bitcoin/bitcoin,2022-10-31 14:22:58,bug,feature,e8416e5e900f902dbdb701f41495cd8116929a041e39ead1ec51a9ecc16119de,False
leakage_sensitive,1135,bitcoin/bitcoin,2022-10-28 10:31:51,bug,bug,6fbd118684d1e241aa9fc9d1f9db72bc29e5b4e2bd10f7a972bb76f1a9a7fccb,False
leakage_sensitive,1136,bitcoin/bitcoin,2022-10-27 12:40:32,bug,question,e5997f82508fcbed9f461e778e42f378a3513dcf432b59ba251f472453fb06bd,False
leakage_sensitive,1137,bitcoin/bitcoin,2022-10-22 19:29:54,bug,bug,0e8cf01c7421fe08f395fc46a8933d03492f51d5be4d8102ae3662bb7e713932,False
leakage_sensitive,1138,bitcoin/bitcoin,2022-10-19 17:29:32,bug,bug,a9e2091b40a9eef13bfcc333bbdac6f8f215e45141eb76169bfe26ab2d8707e9,False
leakage_sensitive,1139,bitcoin/bitcoin,2022-10-19 15:49:06,bug,question,b5c6ad527ed24d3c50ee873f79a2bba76ce52dd23ac0e02467bab9289d4fc71f,False
leakage_sensitive,1140,bitcoin/bitcoin,2022-10-17 09:40:37,bug,question,4ccdcda0a5000b196df259f176a1efd7406fc67d9f0d77a9104b31372ab7fbb9,False
leakage_sensitive,1141,bitcoin/bitcoin,2022-10-14 18:33:15,bug,bug,111d315c9b0cb73a6f1bdead921c7553a93d0610f4b2dec224199b0fdff21698,False
leakage_sensitive,1142,bitcoin/bitcoin,2022-10-13 14:11:46,bug,question,4fcec42aaf3f5f49e2e6133c08e8abd04ffce9627ba6998a451ec0889e9da269,False
leakage_sensitive,1143,bitcoin/bitcoin,2022-10-05 18:43:26,bug,bug,603c198386fea7c170d7ec8c1e347266047b816e37a053af0fb3ff45a75c50c1,False
leakage_sensitive,1144,bitcoin/bitcoin,2022-10-02 22:35:21,bug,question,a859335b35650f3a894b17d183b71dca733d5dcd9cc4152f12c318beff7ffff0,False
leakage_sensitive,1145,bitcoin/bitcoin,2022-09-24 15:30:08,bug,question,ca830a7911fd82b2840a08ed5b412e7ac8b8349206bbb2a3932b260226be10ac,False
leakage_sensitive,1146,bitcoin/bitcoin,2022-09-21 10:20:13,bug,bug,bb9cc9b0be780c43178ea975b4e210361ef665f45583652b291b9c898334b30e,False
leakage_sensitive,1147,bitcoin/bitcoin,2022-09-15 08:41:19,bug,bug,94c971ff6e9276c8baf8c35857a5d12b105de2e8828582be9d04c269b0697921,False
leakage_sensitive,1148,bitcoin/bitcoin,2022-09-12 11:28:13,bug,bug,6861e27817b51e7cda518712b6d7a0eb121a462ebbc356da8157aeea5492e70a,False
leakage_sensitive,1149,bitcoin/bitcoin,2022-09-09 15:10:14,bug,bug,fc68d2a3e58ce0cadf62be6d3d76408b82b47af1d55de96e68b74303ce5720cb,False
leakage_sensitive,1150,bitcoin/bitcoin,2022-09-07 07:53:53,bug,bug,5256cba46d1e0aabb7ef6bab74bbba6d9c80d88073a09673df65598e4b7b2ffb,False
leakage_sensitive,1151,bitcoin/bitcoin,2022-09-05 09:11:57,bug,bug,72bb16745fda752b2f39aed5d828373cdf36ee8967d6d3619d3592577eacd1ae,False
leakage_sensitive,1152,bitcoin/bitcoin,2022-09-02 08:01:00,bug,question,1fbbc8ab88de6ae09126ca2d85f640c2b664b3c9d34afd9b83ea85d7d03bb88b,False
leakage_sensitive,1153,bitcoin/bitcoin,2022-08-29 19:40:57,bug,question,56f08a53147b99a82aac8a0c9e8c514a6c6be43ae8fff78a951ac753b2401c6c,False
leakage_sensitive,1154,bitcoin/bitcoin,2022-08-25 00:08:08,bug,question,12f0f76789c82949be634eaecd2b5b1c9a2d40adad853b1c2b97c16d04ba42b2,False
leakage_sensitive,1155,bitcoin/bitcoin,2022-08-21 02:16:12,bug,question,b3cfdb6aee850e1e84a6ee5176ff352322bea7183128fbfc6fc07606e21e6933,False
leakage_sensitive,1156,bitcoin/bitcoin,2022-08-13 02:48:34,bug,question,3d878ce5ad1cc573b1fd0c64fbcc459bfd7eeec34b77ff23ff6eb5708325c516,False
leakage_sensitive,1157,bitcoin/bitcoin,2022-08-10 21:48:51,bug,bug,7fe3c493873c773cacae9193e7f4f184abfa2108e4f5256aea9c3d16e35b44db,False
leakage_sensitive,1158,bitcoin/bitcoin,2022-07-30 14:56:44,bug,bug,15d5bea35263445bdf8f55eb02e41f6b037a56f0e8d34de772bb4157c8c36b90,False
leakage_sensitive,1159,bitcoin/bitcoin,2022-07-29 15:18:04,bug,bug,a718abf98ad132ab60fd4680c6959589b1b4a0456654382e7db89efe6a723393,False
leakage_sensitive,1160,bitcoin/bitcoin,2022-07-27 21:30:51,bug,feature,9307e5131362b3e2f75fa1f425e2edd0a9323c584a33066c22c20b852a41fefc,False
leakage_sensitive,1161,bitcoin/bitcoin,2022-07-20 16:58:45,bug,bug,a15ffe5f1f7865e89bf72104aa8bccc3c3e404f7ddec33f11cb39c63ac458d19,False
leakage_sensitive,1162,bitcoin/bitcoin,2022-07-18 13:44:26,bug,bug,f1f921f70a50b51ea4f7063c73bea39d8894485d838a22657d19fc6328e2f1ff,False
leakage_sensitive,1163,bitcoin/bitcoin,2022-07-06 16:20:08,bug,question,21db2b5fad9e8a4eba957ab218ad26d75de4b1ede2471d9a74d78954864f204c,False
leakage_sensitive,1164,bitcoin/bitcoin,2022-07-03 07:23:10,bug,question,22f401b6791e7a960a652986ee6525405412835de92d0cca041ecbdf3881201e,False
leakage_sensitive,1165,bitcoin/bitcoin,2022-06-29 15:29:50,bug,question,00259d564794aa9f467f4cb2415954bc5b224a139c7b3046dc7e9e666141d5db,False
leakage_sensitive,1166,bitcoin/bitcoin,2022-06-22 19:55:23,bug,question,e89fda86238322b119516477c568de0ce94f1b4a26bb0c1bc588a8aa0b9cb532,False
leakage_sensitive,1167,bitcoin/bitcoin,2022-06-13 16:18:46,bug,bug,fb3529c702e9553dba4b11c89b0db912a1743ccf341de4c71db9c0c19adb9764,False
leakage_sensitive,1168,bitcoin/bitcoin,2022-05-30 19:20:51,bug,question,2f316c0b3421f36d1c3d75f4d561c396554f3f33dcdaebdcc3ce2de1f38bb5be,False
leakage_sensitive,1169,bitcoin/bitcoin,2022-05-27 13:02:42,bug,bug,6aefbd72fe2085fdb395869a9e33d4b361bb007e541c0d75852183f863955b91,False
leakage_sensitive,1170,bitcoin/bitcoin,2022-05-20 14:48:19,bug,bug,bd17af6a5e333975f7ad8307309675904da42d418e94355ad179791a50bacb96,False
leakage_sensitive,1171,bitcoin/bitcoin,2022-05-13 14:54:25,bug,bug,ad1a18374da52eecf7124356308985a2ca1928b5a5c0b4656342ba82eef92f2b,False
leakage_sensitive,1172,bitcoin/bitcoin,2022-05-10 20:15:19,bug,bug,58964e14439637b1233e6c6531e983f29591c3295f36c6885100a517a3155ab0,False
leakage_sensitive,1173,bitcoin/bitcoin,2022-05-06 14:25:41,bug,bug,3a9de3449ffab2b8dcf0b96f03b04a256e65f0c40be6deee280890d23d9a6e06,False
leakage_sensitive,1174,bitcoin/bitcoin,2022-05-03 23:15:14,bug,bug,3963fd7e3c88817d45c7cb6d17ef52512a691f2e3ea335a3e20b03fe8e7f6224,False
leakage_sensitive,1175,bitcoin/bitcoin,2022-05-01 13:30:27,bug,question,74e026f5dcfec475882175592a2bc4e2d60d139312104d9895ce690df95e5af7,False
leakage_sensitive,1176,bitcoin/bitcoin,2022-04-29 15:30:33,bug,bug,6ba3cb5ccde9a26dab7179bc1acd4c6481908bbba27fc4e36109bb77b45f09f5,False
leakage_sensitive,1177,bitcoin/bitcoin,2022-04-27 15:36:53,bug,bug,262d40c3c620d038a0e3d990fafa7ae6509e28a6f6a8066b75cda40ce1eb588e,False
leakage_sensitive,1178,bitcoin/bitcoin,2022-04-25 18:47:54,bug,question,6f593e323d3e022686453200c3103b49c939ebfb0dbd8dc8cd37e12ef353854c,False
leakage_sensitive,1179,bitcoin/bitcoin,2022-04-22 19:07:10,bug,bug,ba1d36a2f3683e49183a2fd7dfbcc037c00075f7f145adb28cb5bf88e8dca03c,False
leakage_sensitive,1180,bitcoin/bitcoin,2022-04-11 18:59:21,bug,bug,7214e83da4da1cc44e15ab7f7d2ee70b57e5986c60e5eb3681fd0abc6fa36f7f,False
leakage_sensitive,1181,bitcoin/bitcoin,2022-04-08 18:34:41,bug,bug,87ad7a4b76e8d661e1ae71cf83c6d20414235f172846642f51db0172a7d9d901,False
leakage_sensitive,1182,bitcoin/bitcoin,2022-04-03 02:08:25,bug,bug,055f4d9cc7ba8408f74e16d7cf1d28eb5f8fbc74151fdc85ed3bfe48bb72b062,False
leakage_sensitive,1183,bitcoin/bitcoin,2022-03-31 18:18:33,bug,bug,6609d2ed2c7f0cf1a4df00aed228d08e899af35660a77ba8e37b678260fbbd02,False
leakage_sensitive,1184,bitcoin/bitcoin,2022-03-23 06:49:45,bug,question,73d92f1f3e86ba00d74ed654489dfafcd8a98c79fd61e6556b45b4338de6f6be,False
leakage_sensitive,1185,bitcoin/bitcoin,2022-03-18 22:24:42,bug,bug,2ab4baafa42f64d05f50972ebbe5b4e5f98f170700fd77ffb30109f3c01c8e28,False
leakage_sensitive,1186,bitcoin/bitcoin,2022-03-16 18:44:23,bug,bug,f5efcad4502da106abf22289b88648e6bd5475206bac7542cc02d220db2b6720,False
leakage_sensitive,1187,bitcoin/bitcoin,2022-03-11 16:49:15,bug,bug,54189ecd707148b70913cd0baed9878edd60e01af9be18dcb362f8876119f30c,False
leakage_sensitive,1188,bitcoin/bitcoin,2022-03-06 19:53:52,bug,bug,d944bbb6716a3972517f945ad84e01ac512d9951ab25f5233c7b1e1c7f5de95c,False
leakage_sensitive,1189,bitcoin/bitcoin,2022-03-02 04:42:57,bug,bug,5fc8efc674a4a7090937aa23c20c8657ac67e7c502e80323f297de9f52961201,False
leakage_sensitive,1190,bitcoin/bitcoin,2022-02-19 12:46:26,bug,feature,47cd1fb278c5d667d55e307fc5f8d759c376eaa4574ec6b13a75e0484ef075ac,False
leakage_sensitive,1191,bitcoin/bitcoin,2022-02-19 10:26:21,bug,bug,9d8b28daea55b218e4ee08332dcc4bf54326a752125d79f6fe5d16754243962b,False
leakage_sensitive,1192,bitcoin/bitcoin,2022-02-19 09:36:58,bug,bug,423c00a0119ad6d35658e5631100a6f789ba48ecadfe93d7f54e8a30a1b282ad,False
leakage_sensitive,1193,bitcoin/bitcoin,2022-02-17 13:49:19,bug,bug,b06a642427a0ff3a96ca61f7a79928d83f53261bfbd44aead8ac1bb5d9059440,False
leakage_sensitive,1194,bitcoin/bitcoin,2022-02-14 23:18:12,bug,feature,17375b843fe837b13aed6445552651415642996ce7e7c3ec0c468b24894357f1,False
leakage_sensitive,1195,bitcoin/bitcoin,2022-02-13 05:51:29,bug,bug,1638621e13a1c8a897e5be2e31cb381e45876dd096ce4f72a950bfa2fd002a6d,False
leakage_sensitive,1196,bitcoin/bitcoin,2022-02-10 20:45:29,bug,question,e7462ce5bcf2315a01ca51b5a0a557a72faf5852069c23cf4b289a3662de0a91,False
leakage_sensitive,1197,bitcoin/bitcoin,2022-02-04 13:56:29,bug,bug,4448d943d1123f4dd0d5d53afc24456343f86514e5beb9f59fc6abd7fcafb084,False
leakage_sensitive,1198,bitcoin/bitcoin,2022-02-03 21:17:25,bug,question,675de67eee03d0d3cb84b79e5299ea991e68dfe1cea614901445c2341a36e8fd,False
leakage_sensitive,1199,bitcoin/bitcoin,2022-02-02 00:29:37,bug,question,1fc97b18920398891e73a2b9a4f42415368e703a1d974df952c08f7e3f99cda7,False
leakage_sensitive,0,facebook/react,2023-08-02 02:26:00,bug,bug,e203dc5027081f1ef8ad195c15d6d0465b9c4d6e60e5c0594f6bb11ea6444f22,False
leakage_sensitive,1,facebook/react,2023-07-17 22:43:05,bug,bug,b47032a192737b061ffa0b9f373f8cfbbd3ea6694717112d435461e6c39dffab,False
leakage_sensitive,2,facebook/react,2023-07-13 19:01:47,bug,bug,7382cfb028a331b800fdabdbde58f12f51e4ee93a89f311f1c536f602ee7b571,False
leakage_sensitive,3,facebook/react,2023-06-07 17:26:43,bug,bug,bd7dde33a22137bbbaf9a7c1c1a734b7ec67f4b1b988cc74e2a2fa93546d1d36,False
leakage_sensitive,4,facebook/react,2023-05-31 15:17:41,bug,bug,ccf6c68269ce773d5189edc2a9b409ad383badc46d030372ae3555f920385178,False
leakage_sensitive,5,facebook/react,2023-05-16 18:27:09,bug,bug,1ce9d9c3091c53831382e53519c1eb4a1e3d36f85f8c27572e77c20e0f2f58b2,False
leakage_sensitive,6,facebook/react,2023-05-08 16:35:24,bug,bug,8ec08d82b758673c22357f1de146c1843dce9ed917c8a167fc413dc2b4cf79c3,False
leakage_sensitive,7,facebook/react,2023-05-06 23:03:50,bug,bug,ba080ecf5d9b2dbb62e52011249350050f229c38f643b61163de1e24f3cba2b3,False
leakage_sensitive,8,facebook/react,2023-05-02 03:53:41,bug,bug,1c129b22fc8e989d34a2dc891f0f1f400b004b05dfa8a7fb64f644cdd19d7935,False
leakage_sensitive,9,facebook/react,2023-04-24 07:00:55,bug,bug,3a56ac540a3b8b2ba17e5e951d0ab4244740b870f45f1d438a60389d763cd7d8,False
leakage_sensitive,10,facebook/react,2023-04-07 09:03:43,bug,bug,46450c2d89a2687c8ae63dfed2b146974e2fe5c347aa5f3945ad196d8d382fbb,False
leakage_sensitive,11,facebook/react,2023-04-04 12:09:08,bug,bug,74419d121f2c20b7e977c001bea073f9b59d3c201262ee355f1b9b21aa096e75,False
leakage_sensitive,12,facebook/react,2023-03-22 18:12:35,bug,bug,141121f963ed44b1ec889c220cb2d1a2b70381f10e5ef7d726222a383509f1bf,False
leakage_sensitive,13,facebook/react,2023-03-14 19:55:26,bug,bug,d2d981fd513c8c082a0f2196f785684054d822d6f04950b5c6e5c56804393593,False
leakage_sensitive,14,facebook/react,2023-03-03 19:05:34,bug,bug,a3b1039bc3c00422abd255c529b519f31b92a8499447d89d61ea62bc235657ad,False
leakage_sensitive,15,facebook/react,2023-02-23 04:42:56,bug,bug,a63396596021620ac6bf24e1c9dcdf6083edac9ddcc406bdfd1b60c01b942095,False
leakage_sensitive,16,facebook/react,2023-02-10 17:36:03,bug,bug,0705c5ff736d80324615f2c289f87e5e47ad01ce5b7fb1d9f731080c25bf33d4,False
leakage_sensitive,17,facebook/react,2023-02-03 16:17:32,bug,bug,e19ab57db807db03e83e274df5a81e57dab33904d0ef642d0325aa7aa19a2d9e,False
leakage_sensitive,18,facebook/react,2023-01-30 03:38:53,bug,bug,8f190b4adeb758a855099e1cc53bc1c4644263be6829ebc00e24bbdd12c162b4,False
leakage_sensitive,19,facebook/react,2023-01-25 11:39:56,bug,bug,29056885e794215662e55b3c13c0284be75291798cfff27f6ae8a99dc9b97a02,False
leakage_sensitive,20,facebook/react,2023-01-19 23:00:02,bug,bug,a090deb623fa7ac33cf5763ad080a2472fbb54125fb86b586729735cc57ffcf5,False
leakage_sensitive,21,facebook/react,2023-01-05 08:46:14,bug,bug,27fdb76ad46f0411f69cc825ee01e8817d818f52ad9aa2a8ad1afbe3b97b2fd5,False
leakage_sensitive,22,facebook/react,2022-12-13 11:39:55,bug,bug,817870708174e4b2318cb60e1b008aadbae97a957209b85a8197c7d2380b21fa,False
leakage_sensitive,23,facebook/react,2022-12-11 00:02:00,bug,bug,cd8dcf95d02469f8c38c427cf1fac2f85b27a461a7cbef1860b94a60407f5d26,False
leakage_sensitive,24,facebook/react,2022-12-06 11:31:26,bug,bug,b56618093f84e33ceae1b633e8bac185e342c43a5e1bc5c6e270718ecaf7c5b2,False
leakage_sensitive,25,facebook/react,2022-12-05 15:47:21,bug,bug,87e27113ba671fa35f56ce0b10b42c2e23c28af8fbfad86dfdd856e697226c9c,False
leakage_sensitive,26,facebook/react,2022-12-05 10:48:01,bug,bug,55676741e791450f303bd3d9cc4cf82f95f73dfc4dac9eca3aaad632d6fe0c4f,False
leakage_sensitive,27,facebook/react,2022-12-04 16:36:01,bug,bug,1dc9325767d79fb023b01fad4dfcc3955ad903d0e7c659995bb6cf2344cd7658,False
leakage_sensitive,28,facebook/react,2022-12-04 06:45:46,bug,bug,34cbc46b9820eb2d3ab7365e90bce1e91dd2a66c1b7565c0e0cb3fe202ddc71f,False
leakage_sensitive,29,facebook/react,2022-12-02 23:53:37,bug,bug,80b1713ed936379ec54c66da8d907f347145c5ebbb5e312a4d331928ec587be7,False
leakage_sensitive,30,facebook/react,2022-12-02 09:38:22,bug,bug,912b9b8480890e1da10377e26a3523473ef970552968ee99b13b96cd4eef4cda,False
leakage_sensitive,31,facebook/react,2022-12-01 15:31:57,bug,bug,3afc944755c9dcc680cb5dcb77fd3733b37e5f0542f61c805e49a7b6d35ceba2,False
leakage_sensitive,32,facebook/react,2022-12-01 04:52:51,bug,bug,27cb2c33df282d2d28b49522e42026c981f690f82f91fc3077a1415db321c342,False
leakage_sensitive,33,facebook/react,2022-11-11 12:15:45,bug,bug,0b1f6ffd3469452eeee2c58917e7e4cdc2d2d0a9f0009a9f42e5dc56a8e0c7fe,False
leakage_sensitive,34,facebook/react,2022-10-17 08:20:47,bug,bug,bd38919b84cbe8543990cadee162f5c5c57759baaf33ca88479d3403ab68ef2f,False
leakage_sensitive,35,facebook/react,2022-10-06 05:33:48,bug,bug,9e348c255288868de5641e66d4fd36393a8a48f0670ac608cdc675f78c2ae986,False
leakage_sensitive,36,facebook/react,2022-09-09 22:42:43,bug,bug,a1aa7bf29cf7bb95482a5618bbb5ad40d9800443b4d94811704e6a291fb90074,False
leakage_sensitive,37,facebook/react,2022-09-05 03:06:52,bug,bug,bb942edbe7ca3eb0a32fa2865f5ed231cab94160aba1b11079367212c2f9a977,False
leakage_sensitive,38,facebook/react,2022-08-23 10:14:02,bug,question,0e7629be3410cc6147eb23adc5c7fbd1a1ee04735457b146e1e123806a22e697,False
leakage_sensitive,39,facebook/react,2022-08-11 13:08:10,bug,bug,3cc87cf16df88f0a62e9ea0c8acb91b4c621b169ef8a7bf97ca3207ec03f01f3,False
leakage_sensitive,40,facebook/react,2022-07-27 06:25:25,bug,bug,9ff47f227de3402be67e833af1cc53f26bf781f82d707759dbecdcbb96f7f9ff,False
leakage_sensitive,41,facebook/react,2022-07-20 15:32:03,bug,bug,4e708132dc6d0e2e5554df41197b8c039d7139e198da3f1a9a5441f7e8b14542,False
leakage_sensitive,42,facebook/react,2022-07-15 06:54:26,bug,bug,ded5db5cb837fcf700eee275795d7e6c8dec72cea99b218408ac71421dbfb233,False
leakage_sensitive,43,facebook/react,2022-07-07 17:02:35,bug,bug,0aa580382a6aefea34810cf848df0a9e0a2332d4600106cf7d2087a5c21899f2,False
leakage_sensitive,44,facebook/react,2022-07-05 03:46:47,bug,bug,d2204714097588474e923982790316b6dd39c99934688ee5f65bfc74fab63407,False
leakage_sensitive,45,facebook/react,2022-06-29 02:11:00,bug,bug,ff0788b303addc5e2bf430cb7acb0ffb0b41a1918d235ad8efb0c9511350e1e4,False
leakage_sensitive,46,facebook/react,2022-06-08 13:57:18,bug,bug,47b790934d868d6bc95ce4624e7ae5e750c0012cc9be7ccc350eeb90e7cb036e,False
leakage_sensitive,47,facebook/react,2022-06-05 03:26:15,bug,bug,9b5652dc8c6eccf2654a3fccdb0ad0e94fc574f5a02d2dbdd3093a9206d0cb71,False
leakage_sensitive,48,facebook/react,2022-05-26 02:08:32,bug,bug,f09f6ab6254365ec4494757aaa38c459b07fe79f1590bb3008957fc2aada99b4,False
leakage_sensitive,49,facebook/react,2022-05-19 06:17:14,bug,bug,1e5b4e199c2519eff1e6bc8d0712c7aee902e5a34bd011d7d2947d2780b9a530,False
leakage_sensitive,50,facebook/react,2022-05-12 18:21:01,bug,bug,32248e9fecccb51da7a858536b1cdd03de091c6589ab750e8bb1bcd26435045d,False
leakage_sensitive,51,facebook/react,2022-05-12 09:55:13,bug,bug,f7e3890543929b00eba2711ad458a529b2fa63c4f78dadde6b7d2b991e1c5259,False
leakage_sensitive,52,facebook/react,2022-05-11 08:52:21,bug,bug,0056d9ee7bb776088fea362d5e36d4ecfb5f75e78734389a4e582e32fc84dd97,False
leakage_sensitive,53,facebook/react,2022-04-28 14:39:31,bug,question,e983c05b88549b666608c4ac9b01f9571f16db43843ad74bbc6fb717163c7f0e,False
leakage_sensitive,54,facebook/react,2022-04-25 19:40:15,bug,bug,c91435d84b11fe446ec26826f2d44d318179e01b6586f41a611014d25cb2db56,False
leakage_sensitive,55,facebook/react,2022-04-21 14:08:39,bug,bug,548c22cb2bc6d3a5ec308cbf5051bc90d264597642d6556e43c76fd607a9c777,False
leakage_sensitive,56,facebook/react,2022-04-15 16:28:29,bug,bug,60d98c90b16bb0f00e1aa25455f54ef2c06ce3a7fd44fadbcf308cebf1518861,False
leakage_sensitive,57,facebook/react,2022-04-12 15:27:31,bug,bug,636bf7be84d65486521b657dec9c0b4c40cf11b720a82bca9773fd150debe82a,False
leakage_sensitive,58,facebook/react,2022-04-05 14:21:22,bug,question,e56cc48dbac6ed2317520c1853a4a7a545bada1176873a8d9ad9a11b914649d4,False
leakage_sensitive,59,facebook/react,2022-04-04 00:59:24,bug,bug,e4d902d6f3bb00866fa6361e1dd82a2d5c65a08723e206a6c4d508cbf5f625a5,False
leakage_sensitive,60,facebook/react,2022-04-03 15:03:00,bug,bug,35600419bd9a73958a202d24e54a2971eb1e17cb164897576d9d709da0213a77,False
leakage_sensitive,61,facebook/react,2022-03-30 15:10:06,bug,bug,9f3144b5a1e8dee0efda1b102c666912632756855b24c364d264b78585a6f74e,False
leakage_sensitive,62,facebook/react,2022-03-27 21:59:08,bug,bug,efd30119a1ab81eb8271b84bdc70e0a76d16779307439ca56aae29a679f5a0c1,False
leakage_sensitive,63,facebook/react,2022-03-22 06:19:18,bug,bug,9f0ce4e6cd1633e8910742f425ddcc1384d806b1673e0c146232ba009ec7c799,False
leakage_sensitive,64,facebook/react,2022-03-14 17:50:04,bug,bug,0792a125ffdfaf102224f462bbc72cf130c23d0be26d197368dabad61abc2426,False
leakage_sensitive,65,facebook/react,2022-03-04 20:49:02,bug,feature,2594f884b748c6ea284f096e165a0a96744cf61046221c450b07e42e6c0b3b3d,False
leakage_sensitive,66,facebook/react,2022-02-17 11:33:33,bug,bug,d0c13689b74e34d98eb956f244b0e77f72daeb8fb084a6583df7db1108468c0f,False
leakage_sensitive,67,facebook/react,2022-02-15 20:08:08,bug,bug,b19df017001d39e42a4f0087dc92ac72ce5e8327cca65a8918c78c76ac2c1c93,False
leakage_sensitive,68,facebook/react,2022-02-12 23:29:52,bug,bug,04676771eb1335d539e3aac5dc17c1f8c0b15176211bc0261925a83eb350a2dd,False
leakage_sensitive,69,facebook/react,2022-02-02 10:58:47,bug,bug,add287ca42c50c2676c811db0c7312b4e13ef870665733519347e6e7ad556960,False
leakage_sensitive,70,facebook/react,2022-01-20 18:17:36,bug,bug,7c6ea5c03eda76d4c45bad968ba347f2a42e574977ac88bf985757784d38b6ad,False
leakage_sensitive,71,facebook/react,2022-01-16 14:57:01,bug,bug,8dadab6fbc676683d75449660688eb293e88ecdb71fc855363dd55bf1741ff20,False
leakage_sensitive,72,facebook/react,2022-01-14 23:20:34,bug,bug,567c01b84ea75f9c9f1b4772134bb172551be8390462e96c9786a0209eeeb713,False
leakage_sensitive,73,facebook/react,2022-01-12 07:40:24,bug,bug,f0971f7418a10765d1975e738fe0cb75a4a1515e6c534b489a527af7aa3460d3,False
leakage_sensitive,74,facebook/react,2022-01-05 11:49:06,bug,bug,5f51158c68e2e30fd9e4d246ceda24a06fcfe57b22fe80e5e805f8854d5d0dc1,False
leakage_sensitive,75,facebook/react,2021-12-27 20:33:10,bug,bug,a81cfbb7b9d39d7572e3cdd91b76920d47f9fb5f0b657c0204af22fe914adb59,False
leakage_sensitive,76,facebook/react,2021-12-21 09:06:07,bug,bug,6972f547b86a5721848e27cf91014f174361c33458efa021a3769763249c4d98,False
leakage_sensitive,77,facebook/react,2021-12-16 00:54:41,bug,bug,ef103db6fd6e7cccafa028d2bdec539b6f17cabdaa13af99c0a0eace1a498e85,False
leakage_sensitive,78,facebook/react,2021-12-15 20:20:58,bug,bug,80ea61bc7ced350cdbcbcb16adf11c0187818e46f6d259638a2bb7c94affafa2,False
leakage_sensitive,79,facebook/react,2021-12-15 04:44:55,bug,question,d7ccccb9cef8502194564c884fd50afd9461ebe9c347e2e1287600ddb93cefa2,False
leakage_sensitive,80,facebook/react,2021-12-15 00:54:52,bug,bug,ae1689a6264b7e40dde7b7116892f0b20e7ddd81997e87c5845019f4a50fd97d,False
leakage_sensitive,81,facebook/react,2021-12-05 23:35:15,bug,bug,e3744c0ec3fb094d865ea329b4aef5a84de594dd4f50758e4e965dcfecd988b8,False
leakage_sensitive,82,facebook/react,2021-11-26 00:52:17,bug,bug,c2b494c4c97065b8c75381a46134e527f0041b5840a859c9a86e4c8b204e7316,False
leakage_sensitive,83,facebook/react,2021-11-21 13:24:29,bug,bug,dbfb83be149c5a1231b3faefbb1a869aa0f23d7fe5d47bc4ecb1c619b375be74,False
leakage_sensitive,84,facebook/react,2021-11-17 10:35:28,bug,bug,3d3c2f6b73e32dd3b14b8d783ce3c28ca485a68ff9f95c7dd47293125b0e39db,False
leakage_sensitive,85,facebook/react,2021-11-15 10:16:20,bug,bug,27fcf9ec37274d97f0b5238a570407515718f4907d09451ad3aa0d87213f6f99,False
leakage_sensitive,86,facebook/react,2021-11-10 02:20:05,bug,bug,14ede39e741320070b9687c745430669011d8bb015aa47451902636a2e52ae3f,False
leakage_sensitive,87,facebook/react,2021-11-03 15:37:15,bug,question,2afa513a7218080af12d3e92680d5258d2977a60b1c680dc8c1e63ae68c060b9,False
leakage_sensitive,88,facebook/react,2021-10-26 16:59:53,bug,bug,0d81e01b11db45dc7f2bdd47898d87c8baf9f50e30ab904122a2da56d17d3907,False
leakage_sensitive,89,facebook/react,2021-10-21 02:09:18,bug,bug,622365e81244ff329d9b439862ed1f8a0d0ad11e84dbb0a830185e1d7fabbc40,False
leakage_sensitive,90,facebook/react,2021-10-19 22:09:48,bug,bug,6d6ac3643a996c5a60d840d97c150b273f3678d3af44bee87903f884749f1952,False
leakage_sensitive,91,facebook/react,2021-10-15 20:09:41,bug,bug,a461e9b44c27d271ab98492cca3d1adf10a1535bb868ecb5b19e87d2d437abf3,False
leakage_sensitive,92,facebook/react,2021-10-14 14:11:25,bug,bug,95b6d024843e000b644e5025cdc2a5176a3e4c0102482210db7377e35faa5110,False
leakage_sensitive,93,facebook/react,2021-10-02 13:53:08,bug,bug,24d96eb8f63c49dfea4a442eb241fc891fc3d46f72d66ce3bc087e632b90df98,False
leakage_sensitive,94,facebook/react,2021-09-29 08:43:19,bug,bug,d253189dd5bf9c210d8b4135f6812c10585197c6624db7bc76fc53f29655b5d3,False
leakage_sensitive,95,facebook/react,2021-09-24 10:11:29,bug,feature,614d54765bc3782f9b694f25f8032f4a968320ba208fd41e19773696909a2340,False
leakage_sensitive,96,facebook/react,2021-09-16 05:45:36,bug,bug,055a8990e04c9b774f33096ed3cbdd7ee2d5033d6e41ce6bd47df07ba4e30c0c,False
leakage_sensitive,97,facebook/react,2021-09-15 19:14:01,bug,bug,a04dbede951fd238ee46dd84cc7803bcbadb0ebceca3468dd859ede6f0d1e43b,False
leakage_sensitive,98,facebook/react,2021-09-10 21:18:32,bug,bug,6204aac52f585642c5d801a1764e95e4373d41f0a695a834ba50d52e2564f157,False
leakage_sensitive,99,facebook/react,2021-09-05 12:52:10,bug,bug,0a3ca3835c68b2ff86a4835f246d22cf7423c369950f42ab3164cf60dec0ab9f,False
leakage_sensitive,100,facebook/react,2022-05-09 12:37:52,feature,bug,dfacd7e662f542dcf5349967d9519ab89d55c4f3f701bd71d31e236939c16cab,False
leakage_sensitive,101,facebook/react,2020-12-13 19:26:42,feature,bug,ab4064bb7bc118ec31f4d3f67f0956e1913716fb394121a0fedf9d885a272999,False
leakage_sensitive,102,facebook/react,2020-07-06 10:17:15,feature,feature,574d24a215d762ce916c4107332811c7056e40a7bd7a193dbb26a5fd31be9881,False
leakage_sensitive,103,facebook/react,2020-06-10 04:45:34,feature,feature,9dd177f704a115be71e919d653ea56bcd293ed1205f69a8ced5a88f24e4284b2,False
leakage_sensitive,104,facebook/react,2020-04-22 15:00:02,feature,feature,cd44aabe022562997f25519e0b8137f10cbf7485db3ed9092b2d2316a136c14e,False
leakage_sensitive,105,facebook/react,2020-04-06 12:08:53,feature,feature,6b12895cba6a31f28a947687d0e7c5f11308169f41e50a3b1a47ea703ed8a3cf,False
leakage_sensitive,106,facebook/react,2020-01-29 21:21:56,feature,feature,cad4491cc78e3dbab704f644f20a89a90a4c9910ded7420079362b54da39fb38,False
leakage_sensitive,107,facebook/react,2019-11-07 01:41:48,feature,feature,a25e63550eca9ac078ec63c5c23966f9a31c3cb0da26554b7fb8bcbd0b444b82,False
leakage_sensitive,108,facebook/react,2019-10-10 05:08:30,feature,feature,b36cd8328819db3684cf1d1ba85d7855af707e1d56b5aea1fe973336762d1ff4,False
leakage_sensitive,109,facebook/react,2019-10-08 07:34:07,feature,feature,56a796844ee673f04a1d3f802ffb4d834f7e957fe2b9200bc993c325e25e64a9,False
leakage_sensitive,110,facebook/react,2019-09-27 12:02:35,feature,feature,1bb7bdc7d0b08c5e11042a6fd1fcbf31fc011e53b180d0fac5c1b17100705e08,False
leakage_sensitive,111,facebook/react,2019-08-22 16:46:40,feature,feature,f79206ec2a68c99de489ac5af3374fb469579952026ec877038b56901860f3c3,False
leakage_sensitive,112,facebook/react,2019-08-22 12:29:14,feature,feature,684de3e534a73a080931a2c743d22cfadb5ab8f59efc90e1f642b8ec76aea55a,False
leakage_sensitive,113,facebook/react,2019-08-16 20:16:56,feature,feature,641c9795b4831512ab87e082a9c4d230179d20d4c7427b59654a6b5a6745565e,False
leakage_sensitive,114,facebook/react,2019-08-16 15:42:33,feature,feature,f6f13bdd3268212fa33ae34dddc4c9f37781d1754a28efe98f4b07e9a81c952d,False
leakage_sensitive,115,facebook/react,2019-05-29 17:56:31,feature,feature,af84a0e1044ec56e4b02822a49bbd04967649a853cee63675f688f6ea3bdb7ec,False
leakage_sensitive,116,facebook/react,2019-04-18 09:59:04,feature,feature,d693305945c33194a39e41e9dbe16caf03b332b6ed2ed237a1be6fd22e395b64,False
leakage_sensitive,117,facebook/react,2019-04-09 15:36:48,feature,feature,f2f8f938517a197ee7c45ec6e1b5e5434dc7cd4976cb6fa74a5cdce6ce945265,False
leakage_sensitive,118,facebook/react,2019-04-01 04:57:23,feature,feature,cdb06919451ae6aea8ecc7bb9a3568b187f335d85af1cb4ab11d08709bac8721,False
leakage_sensitive,119,facebook/react,2019-03-27 02:29:09,feature,feature,690cda3cd023399bfe81e82d0d69ce6b87572b71b70a06ab580d241bb4a3cb61,False
leakage_sensitive,120,facebook/react,2019-03-21 04:21:58,feature,feature,987aeac964c1ff63559f5ca80563ada49858aafc13c6582888cbf0a4e71a91b7,False
leakage_sensitive,121,facebook/react,2019-03-11 02:26:13,feature,question,6e5992c9bc59ec91d3ddc4413564a651d8b5df2f8718529e906657447cd3fbbe,False
leakage_sensitive,122,facebook/react,2019-02-25 22:20:17,feature,feature,2a3205cfcc260f1566ecb20886011350077116ac00445735d8277eefd5c61fa8,False
leakage_sensitive,123,facebook/react,2019-02-09 08:44:57,feature,feature,5b6de59877be35cec013a2cba75c7ab0afcdc8c18a086a595da9c652c39aeb4d,False
leakage_sensitive,124,facebook/react,2019-02-03 02:57:23,feature,question,e724af688b0dcc80d6c31e3d2d943dbdca8a726b1c71e07209dce04e48b0c861,False
leakage_sensitive,125,facebook/react,2019-01-30 10:43:37,feature,feature,6d1cdc2eb658ff6fe6339b42d43da4d10f6a50cbfe8f79220a63e6e4064f3ce9,False
leakage_sensitive,126,facebook/react,2019-01-05 22:14:39,feature,feature,270f5662b42e2f8fb405d6da9597652a7b323a33548223ac29cbb0c2d5891f7d,False
leakage_sensitive,127,facebook/react,2018-12-15 20:58:16,feature,feature,6700c39b8f82499d2f4c8c5ec2778ac2b8ba8f8507a4d76d12da3a0f13664676,False
leakage_sensitive,128,facebook/react,2018-12-03 01:04:57,feature,feature,493cebc28f2289ca845f23917a9977a2d327fce120542fe5cc60a8231830fe6e,False
leakage_sensitive,129,facebook/react,2018-11-20 13:47:08,feature,feature,aeb68730aeeb262209af320dbf8fc34370ef6374a24632fd944172946e7c2a31,False
leakage_sensitive,130,facebook/react,2018-11-16 18:02:00,feature,question,8dc400a30ec5d671999fee631c881b9321c1ff9474ec2dde68cf4a66f628c056,False
leakage_sensitive,131,facebook/react,2018-11-13 17:57:45,feature,question,68a0380fc9a624177519e4355da08da735f067435fb427a3bb1d835d747ba280,False
leakage_sensitive,132,facebook/react,2018-11-02 08:27:15,feature,feature,0f7edef098930607dafefd2be39fb16f6a18d017330dcaadaec47dd4f7156c57,False
leakage_sensitive,133,facebook/react,2018-10-26 03:24:35,feature,feature,e5d80b28c0341047934cf27413b93e076970531d3d13f4a152fb135eecf3ab22,False
leakage_sensitive,134,facebook/react,2018-10-11 13:14:18,feature,feature,0c06b29e3958d88fc77baf65aab9ff57106d157d7e6ff3c60396cc61d4e7ecca,False
leakage_sensitive,135,facebook/react,2018-09-21 01:39:46,feature,feature,3ae57345c7dcee87129bf6c9c58f2a0bef44b8e54e08d36ecf6f0f88cfaf1339,False
leakage_sensitive,136,facebook/react,2018-09-03 16:20:27,feature,feature,9ca950bdfe04049607b191068fc5b99bad042348815ad4288f767a20a3b14742,False
leakage_sensitive,137,facebook/react,2018-08-16 01:41:06,feature,feature,6875ccc29bbc20644f6b07caa211704eb5f1e190fe19dd386832b430d08d140a,False
leakage_sensitive,138,facebook/react,2018-08-13 12:34:23,feature,feature,36863d46a5c87d82dc40024681cf4feb8e50603d79f3fb16173004e7a9655449,False
leakage_sensitive,139,facebook/react,2018-07-30 03:24:48,feature,feature,0fa073163e6dc1af8b8bd5fcafc6a6004134c7758d34e7e639f45b2660ae8899,False
leakage_sensitive,140,facebook/react,2018-06-21 12:57:54,feature,feature,b4c714e676e89f8eb38ba5ca282433d53662b2d7bec91359673902a4287deefb,False
leakage_sensitive,141,facebook/react,2018-05-31 14:31:19,feature,feature,7d6a59d5f4e3b0e22b216feba57859fac7e33c75fb6a974f93f36c2b1b8b2b2d,False
leakage_sensitive,142,facebook/react,2018-05-22 17:47:53,feature,feature,362e3fe0367b0bd53de5244f73163e22221e2942e866225ed6fc8be742e32686,False
leakage_sensitive,143,facebook/react,2018-05-16 03:52:24,feature,feature,4aea5376ac9144ccee6ca0ffa79aa72c7351e7656107fcc7288b5b0e759161ac,False
leakage_sensitive,144,facebook/react,2018-05-07 05:18:39,feature,feature,01d485620721e02b12a35c6ac7d52cad9ce92889cc85fe2d42bad16d48f2b513,False
leakage_sensitive,145,facebook/react,2018-04-25 11:23:02,feature,feature,cbed10fde374db08d8f2ff8c3de7ae7cddc323bc9a5bee5d9c0a1ef4c1c78d7b,False
leakage_sensitive,146,facebook/react,2018-04-15 23:54:01,feature,feature,64620cd3560e70d3b303fdd4c463494425fadefa1ee08f3a9b462e32e75e5a90,False
leakage_sensitive,147,facebook/react,2018-03-30 22:23:24,feature,feature,223df723e6302df9d4273302114d040624acb89741af661a53176b078f9bc323,False
leakage_sensitive,148,facebook/react,2018-03-29 08:35:33,feature,feature,2f01e82454fe8199b4ed6b37d796d49a25e98d7bdf17882b983b09146a73f546,False
leakage_sensitive,149,facebook/react,2018-03-26 05:23:57,feature,feature,54a7beb60e013134f68b30acc094cab33a37910d55d9d15d512dab90b05dc0c7,False
leakage_sensitive,150,facebook/react,2018-02-28 16:13:56,feature,feature,d0d68d64393c5a582ecacb909c9dc635362b7be4cb6fea6a482d3ba95a1ce990,False
leakage_sensitive,151,facebook/react,2018-02-19 09:59:43,feature,feature,96100d905b99a40ce7bc0ff9c7f29fc75b5fe64c42be3913d9fe52ae4b9487e5,False
leakage_sensitive,152,facebook/react,2018-02-15 23:59:23,feature,question,12a60681dbcb848f7da8e24bdb6a3e45d4a69aa08140016f2a781215b346fc70,False
leakage_sensitive,153,facebook/react,2018-02-09 03:30:16,feature,question,ce05bece318051e16a3a3b80d5d36bdfb89afaa7ea1625bafb286e18d9507e0d,False
leakage_sensitive,154,facebook/react,2018-01-23 23:51:58,feature,feature,1ef995c17fb167ca2f2be0312f50b77cdbc28ccd1970f31b29015a3646c18f01,False
leakage_sensitive,155,facebook/react,2018-01-18 08:02:52,feature,feature,d8be9c4b5c34da28671394e19bdb5f66a25b9c9a1e5e98053e763f69f33e1378,False
leakage_sensitive,156,facebook/react,2018-01-12 10:23:26,feature,feature,8751df8441153347d5da54eaf27374237e3d836ee51eff9bb8a3331dc951db42,False
leakage_sensitive,157,facebook/react,2018-01-08 02:13:55,feature,feature,51d12bf57e2adcd9a4a3b2a26b325349d6bf425fad96649a41f82dc6e0d0bfff,False
leakage_sensitive,158,facebook/react,2017-12-20 04:38:28,feature,question,e00331fc11b088e3f15e157b39743babcf69491d2c78b63f4fd738d885382dc3,False
leakage_sensitive,159,facebook/react,2017-12-08 19:45:41,feature,feature,66dbb5ac58423a44f095ca9100afd577b390efc880854a25407b1c7d38d5abca,False
leakage_sensitive,160,facebook/react,2017-12-05 02:11:42,feature,question,cf7a3cfa7e0a1e92970a04a3df2c91aeeb89f3699323a9d96fa06b6bb5d09773,False
leakage_sensitive,161,facebook/react,2017-11-17 16:51:33,feature,feature,62f76ce3eda8f2a93bb3ad9ac532cd2ef13b9e2aab0398b2fc27d599a2a9386b,False
leakage_sensitive,162,facebook/react,2017-11-13 03:54:44,feature,question,d3b53bf92ec75ee4c57454b684c57b134f0810ac60212ffab291602f6df4e265,False
leakage_sensitive,163,facebook/react,2017-10-23 15:35:57,feature,question,6701ea92d639ed7d274af9982e32204b53c2f37cae464afd27a11a2e81277f53,False
leakage_sensitive,164,facebook/react,2017-10-22 12:09:58,feature,feature,42d46c93e4c2008958f734ef7ab824f816c00b2630fedaf5ee546cc8fc138e8d,False
leakage_sensitive,165,facebook/react,2017-10-17 23:57:26,feature,question,1697e1262439b37dfc2bad0152ba4954c9b510e88eed5ddb9b567f10787dec3b,False
leakage_sensitive,166,facebook/react,2017-10-11 05:22:33,feature,feature,56f2df3b199ee42c5c1ac065af73022a8db4eb9018ce912b8305365d308b1f46,False
leakage_sensitive,167,facebook/react,2017-10-09 18:45:57,feature,feature,354f433e8fc9633f540d8cdebd65c691d317e18a3e1c9c1b84c9b80d1402f50d,False
leakage_sensitive,168,facebook/react,2017-10-01 18:51:32,feature,feature,3c1dc9327e3074696c0ad03a4b1ed27bdcda2fa4ea71d462bf93c46dff586cfd,False
leakage_sensitive,169,facebook/react,2017-09-27 22:08:12,feature,feature,194b8b4ccf6964f3b3edc776561e8eb5067a17ca6426302370865c79c692a63c,False
leakage_sensitive,170,facebook/react,2017-09-27 05:07:15,feature,feature,07cdc5e73bedb2858f730f18c3756ee0259a1dbac672ae73520d1ea6db7dd88b,False
leakage_sensitive,171,facebook/react,2017-09-14 12:57:40,feature,feature,d6544828ac45b64b194ad3c605fa6e81d5a9587b66bdfa8aff30f9e42e55ce76,False
leakage_sensitive,172,facebook/react,2017-09-01 01:49:25,feature,feature,73f8306e9924c37a2fb95f7bc26433d2a7b8aa06be9fe9ac153e4374bbdaac23,False
leakage_sensitive,173,facebook/react,2017-08-31 02:48:27,feature,feature,3ed4a5f52a9b2e523eea39173d02f215ee7499fb07ea1d2212ea411a6adaa7ec,False
leakage_sensitive,174,facebook/react,2017-08-01 06:44:46,feature,feature,14b3039e915aa90b367afac4bc6c6cbe4d8b6347d40573fd4be76f8da4febc7c,False
leakage_sensitive,175,facebook/react,2017-07-03 17:35:57,feature,feature,0acf59ec0cc4c965c0131329e19e52f908ed67279a217c737fcdedb630ed994e,False
leakage_sensitive,176,facebook/react,2017-06-29 09:26:15,feature,feature,5b85df0b79cbdcfe9fdc2f03fddf62c06154d74c8a41f09d5d6a2b7559510360,False
leakage_sensitive,177,facebook/react,2017-06-27 06:44:09,feature,feature,4d723e0f3bb5135778c64388b3c1bdf403eb1f2dde642da3352bdea32c9bc02a,False
leakage_sensitive,178,facebook/react,2017-06-16 20:15:20,feature,feature,7c181378966b5f491f1e9f6ab3f8f06ccc062331ecd188449aba35bb5763fccd,False
leakage_sensitive,179,facebook/react,2017-05-31 07:36:59,feature,feature,f73e29ee91a22b6cfb38ab9d464391b5a5f85f7b7388fd54a8aea9e152989859,False
leakage_sensitive,180,facebook/react,2017-04-29 15:14:59,feature,feature,5470ed4ad1987ca0408229d99b27ac32fcf54998b820c1745f13b58e7fdce94d,False
leakage_sensitive,181,facebook/react,2017-04-21 18:27:56,feature,feature,4b1c9e77d3598fb971cb1a9e45b34b31bc76d3a28c8bcdd774aa582d53fed5f4,False
leakage_sensitive,182,facebook/react,2017-03-10 20:04:07,feature,feature,949c98dcbd59750657a540117ff9552e3d2e685ecf95c842e596ab9b975c11fa,False
leakage_sensitive,183,facebook/react,2017-01-15 17:26:32,feature,feature,f55798ef30b1a32584a8d998e41d30b42c4a716b417f3dff8dcdd00a5fde624f,False
leakage_sensitive,184,facebook/react,2016-12-08 07:12:28,feature,feature,9b94144378c374c1a4ad0a2bd62c046cc063a20b5f53042de34eb074fe084da9,False
leakage_sensitive,185,facebook/react,2016-09-13 21:12:40,feature,feature,c9a26d3ad89bd17227ebcbcbe90b5723106b672602d35804befc027ade5e6dfa,False
leakage_sensitive,186,facebook/react,2016-08-24 11:29:59,feature,feature,edf3f65c41677efb2fe6d668fda6523e87a38507f80e78558824f7364e713a44,False
leakage_sensitive,187,facebook/react,2016-07-19 01:08:47,feature,feature,23536d5d6fff049a2918ac57f20fc3e7db4bdb25b954b3782eb754fcc31e274d,False
leakage_sensitive,188,facebook/react,2016-07-07 12:03:57,feature,feature,4c32ea8374e0f745342467957690818b7d28a78bf5c0fe635e16db92d6352897,False
leakage_sensitive,189,facebook/react,2016-06-26 02:51:13,feature,feature,663bbe3a0dcdb48e29554f4c3d0be25da9bda450d2c5ef164acd9b619bc3a3e0,False
leakage_sensitive,190,facebook/react,2016-06-20 20:46:42,feature,feature,49f46b82be1b179a4e1a45b459063482b324049ad0a328ee2d3391bda15a6454,False
leakage_sensitive,191,facebook/react,2016-06-06 16:34:24,feature,feature,eb9bdd62769acd404369c1c18237abb1d88d5b713d5c53f0ee9a9c6108fbe401,False
leakage_sensitive,192,facebook/react,2016-05-12 14:04:17,feature,feature,f7c74adc676401d4c8087e97bf3483bdc69c571f1ee3bebf72a0179afc3b60a7,False
leakage_sensitive,193,facebook/react,2016-05-07 20:53:16,feature,feature,1c2c6918ff6675dc14b8a460d9af310269e28f4cfae548d654a0d1202f8a78af,False
leakage_sensitive,194,facebook/react,2016-04-27 02:17:42,feature,feature,269703b8892d46621ff833141c6c9ab059744ade66c5f214aa83295afd2c6a97,False
leakage_sensitive,195,facebook/react,2016-04-22 19:20:50,feature,feature,31a8acaf808fd13411d4e82909a08d0fc93a73cb10cd75e5208648e1f76f14b6,False
leakage_sensitive,196,facebook/react,2016-04-11 09:22:06,feature,feature,0cd3108ce1af5ec9a33332b6a94f65cce47c4403a31732a9cd23b43c7ae75ab7,False
leakage_sensitive,197,facebook/react,2016-04-06 15:18:13,feature,question,f3f0be47267db6b370423f70b0a59b35c1be12e4661059ca1dc22fa30539dd60,False
leakage_sensitive,198,facebook/react,2016-04-05 04:54:27,feature,feature,9dfa90f3edd8c62c46c48ff7bc67d8bdb14f5ca35323a6f886b756e489be4e81,False
leakage_sensitive,199,facebook/react,2016-03-12 18:55:40,feature,feature,a2652b95f78521f1eaadc7059388713ba755ddb66499f9bfd6e38af358516726,False
leakage_sensitive,200,facebook/react,2022-03-24 09:40:53,question,bug,e81e66e940ec7bf56a71d7a3c35c48db67980af9507529de8facc19fb3559931,False
leakage_sensitive,201,facebook/react,2022-02-16 06:20:48,question,question,0dccc1a3c05b7754b133f52ad64e3300e7c9382c146c505e532b0235217c99ce,False
leakage_sensitive,202,facebook/react,2021-07-12 13:59:15,question,question,94e24826bc043f0582d716d4ff57081a455f7e8447817df8ed02d8c1b06931d7,False
leakage_sensitive,203,facebook/react,2021-06-04 20:51:28,question,question,261501b6e94893f12109610e7982021444a7dc6e8ae96e823586aa2c6486d805,False
leakage_sensitive,204,facebook/react,2021-04-30 20:54:22,question,question,946a54c5b3364501d18594cfd0c49becbd860cd03615db02dcaed4cdd4c4edf8,False
leakage_sensitive,205,facebook/react,2021-03-31 16:09:52,question,question,2ea4f999f92439b684f7b6f7a10444ed8dd5416d16632d487a2cc78eb71975a8,False
leakage_sensitive,206,facebook/react,2021-03-05 14:25:14,question,question,278097e0e5e48e4098078451289e79a6a015aece14c035630f2e43330b2a7d4f,False
leakage_sensitive,207,facebook/react,2021-03-02 10:42:18,question,bug,77ed8433339b7187d8e3e1ef3f709a7945d9af541d121406a3142e6ad3d45c02,False
leakage_sensitive,208,facebook/react,2021-02-18 16:23:13,question,feature,15bdc64c3ac7b34fa31c533646faaf9d16c5d8976dfdea84f8087295992d5164,False
leakage_sensitive,209,facebook/react,2020-12-29 17:35:10,question,feature,8824dbe7fb5cb3957f4bd5853d268294e6a842bac7e8bfa2d75b1689e32c24ad,False
leakage_sensitive,210,facebook/react,2020-09-18 04:46:12,question,question,a0be0cb2d916c6ec89337eb92d4ef5175dad020b31ae41e75a28bf1a492b5a4f,False
leakage_sensitive,211,facebook/react,2020-08-05 15:35:17,question,question,f0396a27fe3529e0caa67a1f93aa47e54ca4a6e9afef6544b26508c25a4b19ff,False
leakage_sensitive,212,facebook/react,2020-08-03 13:15:54,question,feature,65d24102824f6a0fd296e243bb2ff3e3563a85c898d5bba60c4e4fe0a2f18624,False
leakage_sensitive,213,facebook/react,2020-07-09 15:48:17,question,question,310ab741e9169eeef2bd98010b190d5d8ff34e5e7ab917c9f8e57e41fbf7834a,False
leakage_sensitive,214,facebook/react,2020-07-07 08:00:30,question,question,c310e5dc15b46cbc834c334304d22e34e109de4cfe42daa7c8caf1593f7b6f6f,False
leakage_sensitive,215,facebook/react,2020-06-02 09:26:57,question,question,36042beac633c0ce1e8577cbfff7228bbbc5169a4a180d428aa5e4357d1eed9c,False
leakage_sensitive,216,facebook/react,2020-05-27 05:01:13,question,question,2482512528673c0b24799754ba7a23e3b842d36f483aec54da9eea5563d76571,False
leakage_sensitive,217,facebook/react,2020-04-21 21:57:06,question,question,1c4a1910b9bef08f5c955f22399a83286bf91b7ea902a8d3ed9ecd5683b611b0,False
leakage_sensitive,218,facebook/react,2020-04-02 07:42:30,question,question,486a065766cef58178772162266391ef79d0a2a5fa1cab0a20d899822b2c84af,False
leakage_sensitive,219,facebook/react,2020-02-17 13:33:08,question,question,f3a36bcdb9aaf3940136f592af4ded691ce00b560da13c72a7a2364a799332bc,False
leakage_sensitive,220,facebook/react,2020-02-13 11:57:53,question,question,86f1c9056129f64486829bad603bb001ef0c9e311bb057bd3f08c3c503e4f475,False
leakage_sensitive,221,facebook/react,2020-02-06 12:06:08,question,question,396e74f83c9a06a3aca6a7659d28d204934c7ee365d8010551ffc00f7fb5c91c,False
leakage_sensitive,222,facebook/react,2020-02-03 14:42:12,question,feature,3908506ded891f08335d3013c9453ab5428ec3a5176c9c49625d0b152939bff1,False
leakage_sensitive,223,facebook/react,2020-02-03 13:54:42,question,bug,d808a0eeb72dde2ec185079e600e233baf275f755429615364694a7436069a22,False
leakage_sensitive,224,facebook/react,2020-01-26 12:30:09,question,question,9f218b6ea7c0b85f9e0a04e37d545f63f073b3eafeee58cbc035fc030102ce62,False
leakage_sensitive,225,facebook/react,2020-01-17 12:17:34,question,question,ad7b96ccc7654a08f9d7c748390415ce71e6a26eeb05b9e77a1f33a3c9c4da4f,False
leakage_sensitive,226,facebook/react,2020-01-16 10:02:14,question,bug,089f3f6f77e84550e5880a5e4d1a127acb2806ab77eb011c60162f2974695b9f,False
leakage_sensitive,227,facebook/react,2020-01-15 00:31:27,question,question,4000fbd6c4e67991f3a33221769206b90057effb61ca3b115fd19b1612fdb6c8,False
leakage_sensitive,228,facebook/react,2020-01-09 13:19:55,question,question,5bbafa52e26e3b5542a7ab36816cad1fcb7160f44584c43cb15db03273590584,False
leakage_sensitive,229,facebook/react,2020-01-01 22:36:31,question,question,b1e93b82951b8b02cdab9f9881f7c35d6f8781508298f5b795d6b12f984d225e,False
leakage_sensitive,230,facebook/react,2019-12-27 09:06:55,question,question,73c561bbbee93689c14142b9dcb37328048d36ea6300cfe4f55c0c39267d122b,False
leakage_sensitive,231,facebook/react,2019-12-25 02:09:17,question,bug,28e01df23e75ff662dc30009a612d38183579fbdab82f681cb0025e4e7de33f9,False
leakage_sensitive,232,facebook/react,2019-12-23 17:38:13,question,question,e64827ada6fe5b9c61e2420970a460acc862d049d925cd40d333edadb6265c85,False
leakage_sensitive,233,facebook/react,2019-12-20 03:11:53,question,question,7db6c3d9ab9509208d057dea61a4ab4afe1f5015af74512044fff3b938f0e89c,False
leakage_sensitive,234,facebook/react,2019-12-02 06:48:29,question,question,cce16e99df2da459d0bca6d055af5a32d01cf15c67e9261b0a3156c05cb1ad51,False
leakage_sensitive,235,facebook/react,2019-11-25 23:35:19,question,question,7a51aa838500526ad63b26d06e952f651dc842dc8a51c5ae6d39c164a743c444,False
leakage_sensitive,236,facebook/react,2019-11-04 15:21:26,question,feature,a998fef4a7de35c28fe2672009d8cb5995a0f6ebb7de66d079e0dd4204ee3d83,False
leakage_sensitive,237,facebook/react,2019-10-31 20:13:50,question,question,5e039b21051d353cc07d7d95c8affc21ee2b2b75e75b9f70251fbd40522bfe81,False
leakage_sensitive,238,facebook/react,2019-10-29 23:51:32,question,feature,ddff81605cb0c90e99aad7a211da1edba6f8002dcd5b855d0859fd7dfcead759,False
leakage_sensitive,239,facebook/react,2019-10-28 07:31:07,question,feature,2d6e832a1930c303c25788d9bf7417982cb7a99540e19f82cde5992e6acce84a,False
leakage_sensitive,240,facebook/react,2019-10-14 19:57:20,question,question,166d7884374b6bd21300fe02cec781e4b2a92c3830fab85e716a54d34c56be30,False
leakage_sensitive,241,facebook/react,2019-10-08 08:07:27,question,question,c746bc47bb9004f3986141bbf7e33b62ad72ed5a97e9e110ef8547870ecc5df1,False
leakage_sensitive,242,facebook/react,2019-09-19 08:14:31,question,feature,a90da8f9157e668e50b97b9a06c49c0aaa5f87ba9a650c2991e1e8dbc9e3564c,False
leakage_sensitive,243,facebook/react,2019-09-12 14:45:25,question,feature,184120034e0d1a72184c43948856c34b964dc77cfa6f9cd6e9937fc9b6a573f0,False
leakage_sensitive,244,facebook/react,2019-09-05 21:54:48,question,bug,e9ccfb936f5e1c55235f1587182adfdf6e62181cb946ba17aa4ecd0468d77959,False
leakage_sensitive,245,facebook/react,2019-09-03 21:37:55,question,feature,09d705520159efbaa2258bd1c312e8219b0e5a253666ed6f9727af5d941e9283,False
leakage_sensitive,246,facebook/react,2019-09-02 18:49:15,question,question,fdf1b79216cd8366fb94f1b1ee5c53593bd9aa1b379ec33ccdbb2382bdf97def,False
leakage_sensitive,247,facebook/react,2019-08-31 14:31:51,question,question,c57bf9e15c579972ceb93c6a6f5c1d27f6f54a5293c0d02107bba7d4fc5f9e12,False
leakage_sensitive,248,facebook/react,2019-08-28 23:30:26,question,question,7d172e3c186dacea5554931f37f40493e83ea633bb994f8a2c125f167d27fdcd,False
leakage_sensitive,249,facebook/react,2019-08-21 02:20:13,question,question,e9c1e44f2f94258b0caf92dea0619dc6d0509de89ad3d09d5e8d688b1ac774d3,False
leakage_sensitive,250,facebook/react,2019-08-16 09:53:28,question,feature,df1739769a20faddce124ee07969234778d3bca3d1badbd7ef82997effe4838e,False
leakage_sensitive,251,facebook/react,2019-05-12 09:19:13,question,question,513fe33233aa89bad2b6530be0f9f30d2e330932b21a59b1fba0d836a99d05dd,False
leakage_sensitive,252,facebook/react,2019-04-30 14:36:46,question,question,e40e367561ede0c4a8974d3ab19ecf3286e6ee35204595c23bb64d20db536c89,False
leakage_sensitive,253,facebook/react,2019-04-27 04:30:20,question,question,5a2dc63f414522bef4bca20abc09136c82a9d026a93686d0c9115b553160c1a2,False
leakage_sensitive,254,facebook/react,2019-04-25 13:52:38,question,question,f711002029e15fda761108b66bdff9c8db25b7ac187567d5b105e7b8cf68d3e4,False
leakage_sensitive,255,facebook/react,2019-04-24 09:57:42,question,question,7b8026c4828cf380c2c910db708c8a7f1b98db1173e8fc430bd3470dab9239a4,False
leakage_sensitive,256,facebook/react,2019-04-12 20:01:40,question,question,0ae7e25698fda14876f058ea5313c7a7f3e471842079a1b81f4938a9f641a94b,False
leakage_sensitive,257,facebook/react,2019-04-10 12:31:13,question,feature,7d74af0e2b7a678330dfebc4be9aa75e331dd7b8049c439968a0c416bd5ed059,False
leakage_sensitive,258,facebook/react,2019-04-05 04:53:16,question,question,bd97642e48193201dfbf2aa7b22cee4f882db8ea6534dc19a6ae5fac1f8e0504,False
leakage_sensitive,259,facebook/react,2019-04-03 15:26:05,question,feature,09ea8019fa0acdf6d5c323614aecdd8c989084b06a63d360982fb9c939c0dc8d,False
leakage_sensitive,260,facebook/react,2019-04-01 10:09:51,question,question,20e90124e8271d94c0876f318531eebd0166704e4bf4821e5acaf7cab2141b05,False
leakage_sensitive,261,facebook/react,2019-03-20 09:00:18,question,question,62dc9b375709e8d2de2ff640657f23c7620a4c0e89b4ef34277d4d8731683da4,False
leakage_sensitive,262,facebook/react,2019-03-16 00:53:35,question,question,515043d23d31080ecc6afdd02efa910b034e090e6c728c6f03c6b984e3f72894,False
leakage_sensitive,263,facebook/react,2019-03-06 19:51:42,question,question,e4ffc50f588fdb42972308ebc814e3cc5f22a301c9fd3f0d6d16f1ef705783ac,False
leakage_sensitive,264,facebook/react,2019-03-04 23:37:21,question,question,5b395210f97995c4118b3ba884a900d9584cfb9fd834d81af6e4d1a2510547a7,False
leakage_sensitive,265,facebook/react,2019-02-20 14:22:20,question,question,7ea747c887b21eccd0621c444a3e264556ee8833e5210964b7e51f969cb06429,False
leakage_sensitive,266,facebook/react,2019-02-15 01:07:34,question,feature,2d64a0c81695462181621e3cbc4464bc2674409b4df8bf9018296244fa072342,False
leakage_sensitive,267,facebook/react,2019-02-08 16:06:16,question,feature,fa1101261643b8d0dfa8c5775f7b41c648279290766619a8f3f4221764771bd1,False
leakage_sensitive,268,facebook/react,2019-02-06 20:18:31,question,question,b420eadaa0ad4ba45e27390e62bd1992ab83185e29f01c8893d9213503e21c40,False
leakage_sensitive,269,facebook/react,2019-02-06 17:21:12,question,feature,41ae5d71229ed44139b77cfe97f06e27adcc07265a680eeab4d9888c3131ef44,False
leakage_sensitive,270,facebook/react,2019-01-26 20:39:04,question,question,f909ddc06ebc7dce215e19bf9511118d4bec96c8dec0c74923eb035b4fe64da0,False
leakage_sensitive,271,facebook/react,2019-01-18 15:23:59,question,question,c99032127ce430a76386c894e907bb1b292e97580f1c0ca217a4571a69feecc7,False
leakage_sensitive,272,facebook/react,2019-01-15 18:04:28,question,question,e0dedac46b1f08c466e6e8bcec9328586c03c7b94bc395aba296bc9f6eab1147,False
leakage_sensitive,273,facebook/react,2018-12-26 03:12:15,question,feature,dbc29bb8e7c549cf664e3f079467990eede73467d8d0f31ab3012965a91b2d8a,False
leakage_sensitive,274,facebook/react,2018-12-19 10:24:12,question,question,97007368d8794a156f7eeb303616720be9d4e3f9a2400da56fb62921f707ddb9,False
leakage_sensitive,275,facebook/react,2018-11-25 03:26:14,question,question,f546bd872ce73db9b1a0b7d59c3db50b9c93fe82da1c47d89c5ae524e801e013,False
leakage_sensitive,276,facebook/react,2018-11-09 15:39:59,question,question,08502026193275830368b71397a5615a970294ed5f51413778f2195c582326a7,False
leakage_sensitive,277,facebook/react,2018-10-04 12:49:54,question,feature,0d1ad5229524f82b7a3f75eb8f76b547e5e5cb8698bc608b1bb9fb6b07866bcf,False
leakage_sensitive,278,facebook/react,2018-09-14 05:34:29,question,feature,175a2c540d8cc3572bbf49b0b08ed9d58379785e87a307cc9a92bf46a88382cc,False
leakage_sensitive,279,facebook/react,2018-09-05 16:45:39,question,feature,5de0f0725e60b276cece9419421f1246807b5455465cf507d3a3e01f98c6fbee,False
leakage_sensitive,280,facebook/react,2018-08-26 20:59:00,question,feature,19e98994b92fa08fba7f717ae7e8e5857a78dad6e6c068d02cffbc4d625c87c0,False
leakage_sensitive,281,facebook/react,2018-08-26 13:10:45,question,feature,db39cc98429481380ff664775fa015cf9aaa4c9ffb073e599c48e92466f26d4e,False
leakage_sensitive,282,facebook/react,2018-08-21 15:57:33,question,question,1fadff99fe543929042369aab1ee11759a6e2bcd10c5d73ab81099e27d56d366,False
leakage_sensitive,283,facebook/react,2018-08-20 17:15:57,question,question,9d793fc9c6e5fe4e9475b0f5551c4154a278562f550000c158334f46c8fd7ba7,False
leakage_sensitive,284,facebook/react,2018-07-10 17:44:50,question,question,da9b72e866c222865d0b1dc3feaee64afb3cd06245075057d12964bbf9174cba,False
leakage_sensitive,285,facebook/react,2018-05-29 09:22:53,question,question,03e1e13e240868da6c33cd326e9e7c063291996c86bac5882dfafd0cc39b9e7b,False
leakage_sensitive,286,facebook/react,2018-05-26 10:48:47,question,feature,8dac8c02030b961e80bd109a860fa3fa6a071df179f91ad27afe596df9d5de47,False
leakage_sensitive,287,facebook/react,2018-05-02 18:03:56,question,feature,20657af8bfdf5394969ba5391d02a801e7a416c0be8e5268c89678da7f90a651,False
leakage_sensitive,288,facebook/react,2018-04-25 17:30:19,question,feature,e5edb61f8ab9e1363e696c66eedd778b08d5c055fdf59c729c581a8fe5724b36,False
leakage_sensitive,289,facebook/react,2018-04-08 00:00:41,question,question,ac8a6abfacfa00abdfec5eba2d90fed968a44c3830d2cbc9cb0ddfea2383a5a3,False
leakage_sensitive,290,facebook/react,2018-03-16 20:31:44,question,question,53e656a8c26cc10bbf1089516f14929010fbbabdf67ec5ec41c87c45022c8e95,False
leakage_sensitive,291,facebook/react,2018-03-05 11:42:08,question,feature,ef1632792aca3db151a8fa99c78632bd0c48cd5b45b22f5a004ab5e4c12bf66b,False
leakage_sensitive,292,facebook/react,2018-02-06 17:06:28,question,question,69deb02455bbf7522ac735c75776b27e0c5daee229538cc212e33b970a38e98f,False
leakage_sensitive,293,facebook/react,2018-02-05 05:00:31,question,feature,246981243e0f665c11f9f99d159d99f59f75533c1e3b90fc6a424ff9d61d9d7a,False
leakage_sensitive,294,facebook/react,2018-01-29 13:25:26,question,question,cc3533b48b44e29b2d4fd4a810649eb506402d8260d7dc2f1ffae36cfaf822b5,False
leakage_sensitive,295,facebook/react,2018-01-26 10:15:55,question,feature,34f4c7748efae6a094e595ae78f117aad1eb2fb3acac70e69654adc203570143,False
leakage_sensitive,296,facebook/react,2018-01-10 23:43:56,question,question,1da113dcc7f0bc3677fc7b11ead015b385a9dd4279993d96d4d6275ff968f148,False
leakage_sensitive,297,facebook/react,2017-11-24 19:37:18,question,question,46c0c0d96a39b75213227f2a25585ead6f6d143e7f2a81e5ee23e991ac40ece9,False
leakage_sensitive,298,facebook/react,2017-11-22 15:44:24,question,feature,ef005f58b28d04759d14a55a63ba1cc432ca7aec0754afe9b985c2090691aeef,False
leakage_sensitive,299,facebook/react,2017-10-19 23:23:52,question,feature,85370faa83e1504b316de31330dcd286d4a166f13e5f6f1d15145bf005bcbc4a,False
leakage_sensitive,600,microsoft/vscode,2023-09-29 07:30:00,bug,feature,49e7a917819fd47a1497f85712dd83010dfba5869adb83410617ab0353933b17,False
leakage_sensitive,601,microsoft/vscode,2023-09-28 21:18:51,bug,feature,9c3470113d9346d0c4b0bf44d028de533a609233592ed57db0837e89a2b88eee,False
leakage_sensitive,602,microsoft/vscode,2023-09-28 18:11:54,bug,bug,1690bf3f8c006a9a65e2b29991fd2bc5ce93d80eafbafe63f3159c81affd0e2a,False
leakage_sensitive,603,microsoft/vscode,2023-09-28 12:05:26,bug,bug,de7d2f2d87e55cd6fafe066b051e550d1b909cf5b4e1440be4f03d42a33017a7,False
leakage_sensitive,604,microsoft/vscode,2023-09-28 08:26:59,bug,bug,12d41cf4b6796536d5f46ea763d2bc496d3f48c3e730f48d4e8fdb54bfa9671f,False
leakage_sensitive,605,microsoft/vscode,2023-09-27 11:01:28,bug,bug,6e294cfcd99ea42a92a2e09b125969bd26daecfa665077f713a500392b67a9a7,False
leakage_sensitive,606,microsoft/vscode,2023-09-27 08:29:52,bug,bug,b5f4bfc8079face174a29657d6ecc52c18798a03fa35e068dc2c3105bb270558,False
leakage_sensitive,607,microsoft/vscode,2023-09-26 22:04:46,bug,bug,cbb10a57566470993cc2f84c1702222c014d7fed236ef867836a08e1295880d8,False
leakage_sensitive,608,microsoft/vscode,2023-09-26 21:44:38,bug,bug,6b738bc80e263caca4ecd4d17fa71f06d3480a124a902c2dcc5010816cc7f05b,False
leakage_sensitive,609,microsoft/vscode,2023-09-26 21:18:55,bug,bug,1d507fc95e5d2f41da01a9ed9ca02d45bd3cb5983ee389560f4689c83c2584da,False
leakage_sensitive,610,microsoft/vscode,2023-09-26 18:10:14,bug,bug,ba15aaeb0d8eba15483cdc42136e573f48a57752cc5b057aea3695446d6a077f,False
leakage_sensitive,611,microsoft/vscode,2023-09-26 18:04:35,bug,bug,350e4b055fd6648edfe0cbb9034b7fbc3e0bf69bc681716ad7e41644b6dd5130,False
leakage_sensitive,612,microsoft/vscode,2023-09-26 17:51:18,bug,bug,3a34ced60cdee3f27d42e6d244ea364ab1b7a31aec4685516c16343d9eb188ea,False
leakage_sensitive,613,microsoft/vscode,2023-09-26 16:58:49,bug,feature,e8b12e196e5d5e1668a4bcd1abdf7fdd851fe3c6710c23e1c80e67992a9ca9ab,False
leakage_sensitive,614,microsoft/vscode,2023-09-26 15:35:14,bug,bug,cd10f73d44d60823ac3b989479e81fa849e4c5b0b534f6a37e4a6eb66dbd7e48,False
leakage_sensitive,615,microsoft/vscode,2023-09-26 14:07:28,bug,bug,34d42084f72b89bb0a79a751c1a6b3a62d9d445fa84285a94924cb6c0590e315,False
leakage_sensitive,616,microsoft/vscode,2023-09-26 13:42:32,bug,bug,51c42b5d10612362e1297c74602ff2417a8ba6736635e90077f75c22970bda8d,False
leakage_sensitive,617,microsoft/vscode,2023-09-26 13:06:15,bug,bug,95122be60e1b37ba705a8d1ab127cafd00dc2e07b5f0a1ad73f9db9017940a7c,False
leakage_sensitive,618,microsoft/vscode,2023-09-26 12:49:20,bug,bug,25ba8899c16cc536d3cc7150fb3b5f2cae3147c997e1be015c04f43be930b4f2,False
leakage_sensitive,619,microsoft/vscode,2023-09-26 09:38:25,bug,bug,37683619f966c32b30b3d8403761c0856e31acff38643cd520aee1885136237f,False
leakage_sensitive,620,microsoft/vscode,2023-09-26 08:31:03,bug,bug,bc83df30f3d704128e311b0f031fd82955ae8cbd1fca4c10f04c8a1b9d2839e3,False
leakage_sensitive,621,microsoft/vscode,2023-09-25 18:52:55,bug,bug,86b0f76f7c70ec764b30ed6edd6703cc6abb0325383b3bba2dee3aa7d769b1e5,False
leakage_sensitive,622,microsoft/vscode,2023-09-25 14:52:55,bug,bug,3c6d66310e7c148db852a97af4ebf45da908194dbe43a27988645be663ebd2ca,False
leakage_sensitive,623,microsoft/vscode,2023-09-25 13:55:47,bug,bug,f229d703a6ae4f0599d0d822b7edbda76bfdac3213e59d29f9263469f3544146,False
leakage_sensitive,624,microsoft/vscode,2023-09-25 09:35:53,bug,bug,8df272050c6f3aa09ae2eca1116eaef778a574363319cf1d20d7fc76ea7957e2,False
leakage_sensitive,625,microsoft/vscode,2023-09-22 08:28:04,bug,bug,e0ade9df3971bd4b311bfdf4b5b274c947454a86b5b257720ea0a2cee2794587,False
leakage_sensitive,626,microsoft/vscode,2023-09-21 17:55:36,bug,bug,1805ed059b21d74880c5c1e5442b586a1d759ba3d81379898b4cc9e8c27b6b50,False
leakage_sensitive,627,microsoft/vscode,2023-09-21 14:03:26,bug,bug,1705b9049a473998632133958d9094d250441fdade4bbef7da7eb0aa7e3a671e,False
leakage_sensitive,628,microsoft/vscode,2023-09-20 18:36:34,bug,bug,395113f41215949b0abc5e99fbfbcbc11524f1b350f8797bb8f4f73fd30603bc,False
leakage_sensitive,629,microsoft/vscode,2023-09-20 13:27:41,bug,question,2d93be452a9ce27a794e2a6a098748edf537e988c2b0a9b9cbcb29ceaf38faac,False
leakage_sensitive,630,microsoft/vscode,2023-09-19 16:27:29,bug,question,ebf3e7d834400ba4b56f875f3ce7e80b1d7b40c131a375ddbafe77760df230be,False
leakage_sensitive,631,microsoft/vscode,2023-09-19 14:54:31,bug,bug,0bb4f5defe57f1725933cb1012d305219c702357ddce08dc2bf4d95c418f41ab,False
leakage_sensitive,632,microsoft/vscode,2023-09-19 11:10:15,bug,bug,0351a1ccffac7440b8c4cbee3434a62171b32bc025accf17ba30ebe78280ffa0,False
leakage_sensitive,633,microsoft/vscode,2023-09-19 01:19:55,bug,question,51e3e8d7403c3a57931ec130abff44675e896a29c96b8d8718efbc6e6e9c929a,False
leakage_sensitive,634,microsoft/vscode,2023-09-18 13:32:35,bug,bug,f85aead1b739922275fcec6d8abe8dc3682a260b9d0abbc2ca562e54e5cb2806,False
leakage_sensitive,635,microsoft/vscode,2023-09-17 20:40:50,bug,bug,a0a7a190107a1338ac2e99671e4215959ce30ee302c9a8eee8bb42dd471b85bf,False
leakage_sensitive,636,microsoft/vscode,2023-09-15 18:04:59,bug,bug,80c541f9ea748be391f0cbe80e75b7dfa44aed8ffc3ca36bb8ff7bfaf4e7a8ea,False
leakage_sensitive,637,microsoft/vscode,2023-09-15 10:43:39,bug,bug,886dc428a99e69c64efa15f05e28bfbf8747a2211c737f88ddca078afb87d3e7,False
leakage_sensitive,638,microsoft/vscode,2023-09-14 18:48:12,bug,bug,70eebdbe61598ce0c84f17e26111d6bdb82b9ede597c4d0673ab74bae9c9ebe8,False
leakage_sensitive,639,microsoft/vscode,2023-09-14 09:34:02,bug,bug,7399d24dbe01018ccfe98c032b7c3e3c16dbfbbfd69568eb5e4cecb495d30aac,False
leakage_sensitive,640,microsoft/vscode,2023-09-13 16:33:54,bug,feature,98d692c1524a51edfaef0300b53ccc6115080f6b25408115498b1ede4ccf7842,False
leakage_sensitive,641,microsoft/vscode,2023-09-13 00:47:57,bug,bug,2497b601450cbee8de1a27ea4c0886bc91e59ee765c6a2f89123b3c6d69d5bce,False
leakage_sensitive,642,microsoft/vscode,2023-09-12 20:44:29,bug,bug,8dc698f15a50cf8453c9f5506924b36ba49d79bb39298de2ad35797495140985,False
leakage_sensitive,643,microsoft/vscode,2023-09-12 16:44:00,bug,feature,b7b649d218e8eee68515209291d83721fa06f3050f9e77fe6f8d67433c515479,False
leakage_sensitive,644,microsoft/vscode,2023-09-12 13:58:53,bug,feature,6f32e115aec7f6d1bbc48fd652cb3b642220d8a68700e3c441dfbab2692da885,False
leakage_sensitive,645,microsoft/vscode,2023-09-11 19:07:30,bug,feature,9039b78961b4fd38fbb572fc3480d33ea8f502153a83dd93866e081e479351c9,False
leakage_sensitive,646,microsoft/vscode,2023-09-11 14:55:26,bug,bug,89452de8ef1ece7d97dd838d16bb9025c1f4e7ade2a34fca2268dd1d537b51a3,False
leakage_sensitive,647,microsoft/vscode,2023-09-09 16:05:16,bug,feature,7577333d43f108f4ef2d417c2be0b561b5592dee99a74078a78bea2277ffaf01,False
leakage_sensitive,648,microsoft/vscode,2023-09-09 12:01:13,bug,bug,f6a6d73e8591e9d4e63fdbd9651b84f0b0d38f27a76a7922bebd67dd5ebb83b0,False
leakage_sensitive,649,microsoft/vscode,2023-09-09 06:38:13,bug,question,8b97ba2b9561d55d31589ae8ef851bf9eada7f99f9341ac003ec8dc68baf5731,False
leakage_sensitive,650,microsoft/vscode,2023-09-08 20:54:02,bug,question,3c1effe89eb2983bd1bd8ec879fa7786af42c8a1cb280b558523ee26f1fe8ac7,False
leakage_sensitive,651,microsoft/vscode,2023-09-08 18:43:50,bug,bug,19070cf7e3f3d185642a44a4f1053091a8183896280cfef179124f4076835b5d,False
leakage_sensitive,652,microsoft/vscode,2023-09-08 14:56:51,bug,bug,9e7a3919c8aea7c7c3537771bd6539511f14406778c6a09a2cbd3312c2b8308b,False
leakage_sensitive,653,microsoft/vscode,2023-09-08 08:22:20,bug,bug,d0a40c424198edf41b0b818a4ffa069e689184de3069f27715bd0f748f6f7017,False
leakage_sensitive,654,microsoft/vscode,2023-09-08 06:03:56,bug,question,d8e4f3f0f18c438887ec04b90da98cf2226582bec6d01b2c4d49c7d20d4c09e6,False
leakage_sensitive,655,microsoft/vscode,2023-09-07 22:33:02,bug,question,c06bc2a685760f53ddc03500794ae338c6d8753b565e2da47f741be14271fcec,False
leakage_sensitive,656,microsoft/vscode,2023-09-07 19:58:51,bug,question,dc5f529665b482b0401f6c11e9b5c505d816bcf9af7a5a6d6b218c418239cdf0,False
leakage_sensitive,657,microsoft/vscode,2023-09-07 15:40:03,bug,bug,b30d81643fe732f0ea8663389b4444026a197cad3235dd80d7b9a5018a46e39b,False
leakage_sensitive,658,microsoft/vscode,2023-09-07 13:12:58,bug,bug,b85a1b9e6bd3b6dc99a255a7678c3689c2455c11b211215ded06c5ab1fa21bfc,False
leakage_sensitive,659,microsoft/vscode,2023-09-07 12:55:24,bug,bug,6f5a88457d9499ac6ff3c578246fb99522a7747ffd173e558386e0088d262b22,False
leakage_sensitive,660,microsoft/vscode,2023-09-07 04:43:00,bug,question,7651d3ca01b84f236ed1394e050203693e819b2179995a714269e67999c11dc3,False
leakage_sensitive,661,microsoft/vscode,2023-09-06 18:54:49,bug,bug,7da2371988276e2980b8721ce1239f2ed77e20e18a0147fff2212a84ea83a3cd,False
leakage_sensitive,662,microsoft/vscode,2023-09-06 17:04:47,bug,question,9fb24d02d5d0146d442548caffeca1a1ee49b5126c62569bfe714d114fe47c9d,False
leakage_sensitive,663,microsoft/vscode,2023-09-05 19:12:57,bug,feature,4d29047e85992d9d8bba710013286c19631e4c3c37f52caf088ecf766fceb6fe,False
leakage_sensitive,664,microsoft/vscode,2023-09-05 09:36:05,bug,bug,aa798778f28c0136bb38f179dac1fd4a2e76e0ceaadb892dc3eeb9777b4da0b9,False
leakage_sensitive,665,microsoft/vscode,2023-09-04 13:09:38,bug,bug,08a5cf7daeff951e4d3978bdd4cf2c072cd4ac333199e6f0d75289a4cf3720a3,False
leakage_sensitive,666,microsoft/vscode,2023-09-04 08:48:52,bug,bug,6368c733b918337e6a4147c5784947a0f4cb772ce4fc19f1681c82ea6f22fe62,False
leakage_sensitive,667,microsoft/vscode,2023-09-01 16:34:50,bug,feature,585a2d5ca6f6fad8470b1081158903e03f7af0e4d08445e191e47b88e2387ec7,False
leakage_sensitive,668,microsoft/vscode,2023-08-31 23:04:51,bug,bug,dde3cb3739be68f3ea412b34fa2c970d5ffc6e50350d679c74944fd2bf308d62,False
leakage_sensitive,669,microsoft/vscode,2023-08-31 19:49:05,bug,question,6321806c97097404fcdd979cc1f219d1fc02654470814f693644fa97e1a291d9,False
leakage_sensitive,670,microsoft/vscode,2023-08-31 14:14:09,bug,bug,9d2f5ad94ad313039f4e2864f21362a9d20bea62b7ca07fe9e22246e0de1201a,False
leakage_sensitive,671,microsoft/vscode,2023-08-31 12:46:34,bug,question,5c76e36b76f5552baff60ecfe69f45a1fd9b69914e655ace31159ac90649884f,False
leakage_sensitive,672,microsoft/vscode,2023-08-31 08:23:21,bug,question,d6c600e9a546f476c2fa8a2b22b906f4fc6f3dc267a8e4325b1e95f86ccae2e2,False
leakage_sensitive,673,microsoft/vscode,2023-08-31 06:14:32,bug,question,971a1c312f5ecd7256410b61c64717afe49816318781684c73b0a6c161277408,False
leakage_sensitive,674,microsoft/vscode,2023-08-30 21:21:21,bug,bug,3163b82ca69b2a7ff53c330e2c0f4692d37c39cf857a604150c67f6be417b63a,False
leakage_sensitive,675,microsoft/vscode,2023-08-30 15:52:20,bug,feature,f705b6b2b4a4ca023ae3f2957e653139c144c9b525dbe043793bf3b6cdf251b2,False
leakage_sensitive,676,microsoft/vscode,2023-08-30 07:44:13,bug,bug,235af13f1fd7b207faf84efab2520e8bf0525fd8c81eb80ed4723411ad3c0fd8,False
leakage_sensitive,677,microsoft/vscode,2023-08-30 01:10:04,bug,bug,32f10c4605d8ea4f933243213707499c1f31497b2db7e6969f45b773e9e5041e,False
leakage_sensitive,678,microsoft/vscode,2023-08-29 21:34:35,bug,question,b0d4abb2c38d48b4a4002822c5b488c7bd02a269648211467f7ee6b6901c9964,False
leakage_sensitive,679,microsoft/vscode,2023-08-29 20:07:40,bug,bug,7ed207390ab75e8f0fa7690ba8e7eb62cc641d6374fd845439c730b2605161f7,False
leakage_sensitive,680,microsoft/vscode,2023-08-29 19:59:10,bug,bug,e0608c1b0d86962196e772774eb05ab070ede22c6ee3cededb3deb018b95abad,False
leakage_sensitive,681,microsoft/vscode,2023-08-29 18:08:46,bug,feature,aa6039ea9cd21bc79f86309b34fa438e81c1842959f45e4c168206e654aec0f4,False
leakage_sensitive,682,microsoft/vscode,2023-08-29 17:46:50,bug,bug,b37ddf73512c601545c785e74cd3fb6840301bf1f928e2a8ce17bc516f19f430,False
leakage_sensitive,683,microsoft/vscode,2023-08-29 17:25:47,bug,bug,fd18983b19358bfd983669ca92ec0504cd54ebfda564f02e94a3a7fa0425c50a,False
leakage_sensitive,684,microsoft/vscode,2023-08-29 15:18:51,bug,bug,a28b8808f064a65fc9e2ce269b6ac1c08a5e4f6a73a822197b2ad13f08d9398d,False
leakage_sensitive,685,microsoft/vscode,2023-08-29 14:04:30,bug,bug,0731cef4136d3d893d7c69a06408268084576c5ee47e82f48680a086aefb6162,False
leakage_sensitive,686,microsoft/vscode,2023-08-29 13:33:28,bug,bug,80df3ccbb284112bdd61ab59ee8007a3ef120328a85b57381ef87db932ce899a,False
leakage_sensitive,687,microsoft/vscode,2023-08-29 13:23:07,bug,bug,ce870498d80dab6e54d44e83305f4890a00d7915e7f5ffb24026891d70121b8b,False
leakage_sensitive,688,microsoft/vscode,2023-08-29 13:21:06,bug,bug,bc432d76266ffd537cfa524944adf93e85cc18a6be94d131ab9e173c1db3ad95,False
leakage_sensitive,689,microsoft/vscode,2023-08-29 13:11:54,bug,feature,b3ad03b44b05e56a97f723888237d8f8af6fb7a955c41b2b75d11c3bfd7adbd1,False
leakage_sensitive,690,microsoft/vscode,2023-08-29 12:11:18,bug,bug,bb9344d6ba08792fe170f5366c343d949884e85f6792255f6a93683cc4b18226,False
leakage_sensitive,691,microsoft/vscode,2023-08-29 09:47:23,bug,bug,2c2c20172defef516a83c5eeac5c7e26ad99a723170bf780ea46631b77dc7b27,False
leakage_sensitive,692,microsoft/vscode,2023-08-28 23:43:23,bug,bug,c86aa9b3e7e93e58f22859fb16dcd58ce2347c0089baf0cf6af713676ea26d8b,False
leakage_sensitive,693,microsoft/vscode,2023-08-28 18:27:09,bug,bug,03cedb710b907f5ed0eb7daf251397557a74d0b14834766f181cc55d8f923ffb,False
leakage_sensitive,694,microsoft/vscode,2023-08-28 17:39:17,bug,bug,3622fbc020571c049cfed483ad9eb1a2bceb1abd82ad36154da18ca8173c83c0,False
leakage_sensitive,695,microsoft/vscode,2023-08-27 23:14:27,bug,question,e53cdab0b726a178b42fa8b1b1571600c1895c5ff577d3a231db93b925609ba1,False
leakage_sensitive,696,microsoft/vscode,2023-08-25 16:55:53,bug,question,56e55cd4bb29a21ff210da866da5ff7c4f127593b35f5f5eec2f6eeceef3bc48,False
leakage_sensitive,697,microsoft/vscode,2023-08-25 16:04:19,bug,bug,ffc1ddabd1c37c5f1c382519da70d2cf906b11ac4fd48cbe0e81c47f9fad8e6b,False
leakage_sensitive,698,microsoft/vscode,2023-08-25 07:41:47,bug,question,c334a911512218301b0f1d130e2f4f1a0fa3dc4e9b5d896878ae013f7f72a487,False
leakage_sensitive,699,microsoft/vscode,2023-08-24 22:26:31,bug,bug,3a512ee8ade09af6939fa04b7d9e2149c7816d36efa5bba2ab8bb84bf1237358,False
leakage_sensitive,700,microsoft/vscode,2023-09-27 19:25:34,feature,feature,123372d1b4d20979d109b5c407e0eea3366ae3ed9655b8e39dd43ecfc0a6e483,False
leakage_sensitive,701,microsoft/vscode,2023-09-25 16:48:45,feature,feature,f1d8f2b429d1e4d425f082d501cd3d9fca759dfd00be85d8fde77bac60de3767,False
leakage_sensitive,702,microsoft/vscode,2023-09-15 22:49:07,feature,feature,6d2a1e4e11fca12ab687143ce96401f6cdde5699ffdeb8d5c8c85904fb32111e,False
leakage_sensitive,703,microsoft/vscode,2023-09-14 07:51:02,feature,feature,3359acd150a1dde84e0b57cf025d2ec9a39780e3747437c9777c38d8adf153a3,False
leakage_sensitive,704,microsoft/vscode,2023-09-13 15:05:18,feature,bug,e7c28bd5ea42dbbb9bef1f16bade5601be2e8d1f81b17ef0f80842d211356f1c,False
leakage_sensitive,705,microsoft/vscode,2023-09-11 09:59:46,feature,bug,9d5d5f049a1efb6fa55f0e46561ef6fc9cdec9045d64f172c86b8aae62ca51e7,False
leakage_sensitive,706,microsoft/vscode,2023-09-08 12:48:03,feature,bug,903530ded2914838c41d4e2a9ea642d5261fe93f2381193ab148a906b90a9cb9,False
leakage_sensitive,707,microsoft/vscode,2023-09-07 07:38:19,feature,bug,464d1a468498db2842322502e5e7d48d7bb9d2251f0f2caba1fea0af19ded0f7,False
leakage_sensitive,708,microsoft/vscode,2023-09-06 07:49:11,feature,feature,c5756c85235dbb33f90bab67d4790c07d193c818d49e04d75518229b0077a208,False
leakage_sensitive,709,microsoft/vscode,2023-09-05 17:54:42,feature,feature,3333c8c6d97ccdc09d7c59b4eb0dde0759c6e3797382df5584744786a4b912cc,False
leakage_sensitive,710,microsoft/vscode,2023-08-31 22:45:48,feature,feature,b1d48f13616733669a3d8a6d431bb1e4d8647fa691e84e3458b591656c016636,False
leakage_sensitive,711,microsoft/vscode,2023-08-31 13:14:11,feature,feature,20cd160836c80c598e34bf76ecbcfdb4d758796205159b0e841e9e0214c5b073,False
leakage_sensitive,712,microsoft/vscode,2023-08-30 18:02:22,feature,feature,f9bc1be2d5a4e8510a032da61d5efce0f0a1c620f995f8fafbbf3aa5b1220ea7,False
leakage_sensitive,713,microsoft/vscode,2023-08-29 01:22:30,feature,feature,257d275046b2fb70067c616bd089b71fae7bbd921a296bae77b3d2adddc616ef,False
leakage_sensitive,714,microsoft/vscode,2023-08-28 18:19:34,feature,feature,e2a2c2e54e24e7e8df04556f7e003c07d9bb49bf8309851de5f3f0714ab04d74,False
leakage_sensitive,715,microsoft/vscode,2023-08-28 17:44:57,feature,feature,ebea5c2cadc49e4c0b415eabf02bc79c02f877203a26adfe156b6b8617734628,False
leakage_sensitive,716,microsoft/vscode,2023-08-25 01:42:20,feature,bug,de405e0f4ef8fdafbc24d3117ad12ab107337d9b263bf6bb3daae89537765f06,False
leakage_sensitive,717,microsoft/vscode,2023-08-24 15:21:27,feature,feature,8c56d77d9546578897ea587a48fe6494fba0cba00e087de596b352289e435bea,False
leakage_sensitive,718,microsoft/vscode,2023-08-23 15:23:11,feature,bug,886cf5d36c8be67aa22b92e2e539302ac5fa2321887311a481f6c10552811f0b,False
leakage_sensitive,719,microsoft/vscode,2023-08-22 15:55:05,feature,question,678f6f9b058d2785dec50b2f4f1553208b4531d3339273e9c0013742c4899622,False
leakage_sensitive,720,microsoft/vscode,2023-08-22 10:13:37,feature,bug,e7bfe31f1c537b6dd8f5806f78fd430ffb4bfd97a1e3659c06573bafa56e1b6f,False
leakage_sensitive,721,microsoft/vscode,2023-08-21 14:20:33,feature,feature,0b5bcd69e2d773c2f2e0d63313f463ac1ac308de379e496ae5af41094f91fcfc,False
leakage_sensitive,722,microsoft/vscode,2023-08-20 08:54:02,feature,feature,ae36961299172c70d5953f4d8aa49209b619d0fa189783808457743eb565815a,False
leakage_sensitive,723,microsoft/vscode,2023-08-18 03:00:16,feature,feature,fb41d933b8c7bb7e6d88b98f4134e9001a0a7af58183a63b59a67a5198d55f40,False
leakage_sensitive,724,microsoft/vscode,2023-08-15 22:46:05,feature,feature,4e80e4ac6e6e90cb18a4c0d1aa789edbf005a5e402a04c3aebd3f83139901755,False
leakage_sensitive,725,microsoft/vscode,2023-08-14 15:44:14,feature,bug,d8c79574871ee9e13b702f6c48aa6d678dbc94d5b7b7be18725328ffd87fb057,False
leakage_sensitive,726,microsoft/vscode,2023-08-13 20:59:07,feature,bug,e4053b48a88591b62f09f40ee6789b7994166ea4721b9a73310aa81770622b32,False
leakage_sensitive,727,microsoft/vscode,2023-08-13 09:32:52,feature,feature,f0a6c6db1d1bd47f4b46069407e5f26a24cd88c011579265f9d43f47dcf459fa,False
leakage_sensitive,728,microsoft/vscode,2023-08-11 12:01:05,feature,feature,7a4d10fd3d025a6e66e2e67ad18c6ac6ccf56d5e0b25ae3e42e9f514a0edd175,False
leakage_sensitive,729,microsoft/vscode,2023-08-09 21:10:03,feature,feature,5a1c56c6452e4510e027bf9388ee2551d4edc5fa87934ea977dd1841dafd0e77,False
leakage_sensitive,730,microsoft/vscode,2023-08-08 21:37:51,feature,feature,bc675216bcd11f370ba5fc444f266ea54b067f83f68b11b15b12838bdac3e950,False
leakage_sensitive,731,microsoft/vscode,2023-08-08 18:52:11,feature,feature,5ecec09dbb5e930a959e296df1ef1bc4f3b3448f54fecbabd33600a06e362041,False
leakage_sensitive,732,microsoft/vscode,2023-08-06 16:34:24,feature,question,6935b204fef6dc166ff5d35f0ec280553e78250d37de41a48c27347a38c89cdd,False
leakage_sensitive,733,microsoft/vscode,2023-08-05 10:14:20,feature,bug,43e3a858f27c882e930321bf7285b6be27ab10a59b22f982eb55ea0d07f69928,False
leakage_sensitive,734,microsoft/vscode,2023-08-04 19:35:26,feature,feature,8f3e79d2b1acae1d434fb3dd6c5f2a88f52100bf968db09662e6d0e03f419855,False
leakage_sensitive,735,microsoft/vscode,2023-08-03 09:07:27,feature,feature,f62f0791f119505841dad477a0612430c3d19a26a99ef8d32f3228aab86593e2,False
leakage_sensitive,736,microsoft/vscode,2023-08-02 16:32:18,feature,feature,a4a077099b55bd9aebfb982e2873eec6b5d3e83ac18e096e101f4aec99ea91b7,False
leakage_sensitive,737,microsoft/vscode,2023-08-01 15:14:41,feature,bug,53b19d2eb150bf3478b58ed290a0a85883c0de4d3bd6d0e920ec55a676a9c885,False
leakage_sensitive,738,microsoft/vscode,2023-08-01 10:26:23,feature,feature,bda14e18fba7286f0bc1a56125e0aeefc4a5ba339c878334a0bf07c77e4e2bd7,False
leakage_sensitive,739,microsoft/vscode,2023-07-31 21:49:47,feature,feature,f4f0f5fb86df40be2bef6888293edb03864edd5accb55304dd04ebcc8b400879,False
leakage_sensitive,740,microsoft/vscode,2023-07-30 06:18:13,feature,feature,2e46a5652f5b34b1daf110cd97b6c3c1eaf6f4feacba2d303ab1a06895e7364a,False
leakage_sensitive,741,microsoft/vscode,2023-07-27 04:58:33,feature,feature,c690c3ac46cf26cd0aa4d404ae7578ed33f28aafff7ad1a5e64c04a3af6dd7e2,False
leakage_sensitive,742,microsoft/vscode,2023-07-26 11:33:05,feature,feature,2573a2e2319f22a0e569a784646f15cefdf3c3b9a451522d65ec57af5edec50f,False
leakage_sensitive,743,microsoft/vscode,2023-07-25 16:49:43,feature,bug,a653010ed2428e9bc0ef8c12200a9b31cff8ec31293071a835310e17a923e27c,False
leakage_sensitive,744,microsoft/vscode,2023-07-25 11:10:22,feature,bug,855f907ca991cc54bd677ea1d174b09702b1fd72e29d2fddb3c363b123c741e6,False
leakage_sensitive,745,microsoft/vscode,2023-07-25 03:37:33,feature,feature,7f41321127b8a866a6caa9a5cc9f01cd1e2c63597c84bc47f0a4f8e0b01eb0ac,False
leakage_sensitive,746,microsoft/vscode,2023-07-24 18:14:01,feature,feature,13b9c15c277f6596f4ba177d32b3339225c3a6b686d8c48b3254848bff059259,False
leakage_sensitive,747,microsoft/vscode,2023-07-24 12:19:33,feature,question,500d91b9fd453acdafba854f6bd4d2daf18523627019096a0fb43fa8a69542fc,False
leakage_sensitive,748,microsoft/vscode,2023-07-21 21:22:34,feature,feature,1a24b85e63037c7d599b6824725c53f6e0b34c52a075bb8e426becb565e86c12,False
leakage_sensitive,749,microsoft/vscode,2023-07-20 23:28:37,feature,feature,da52aa13c9c9f395cb227ad7a3d03b717000e25d8f4047f0dfc6efa9cb2f4689,False
leakage_sensitive,750,microsoft/vscode,2023-07-20 19:15:53,feature,question,da7b75307c51a7d27fdc6c4ec3cf944d28c922297f5c1539d6f0a325e73f96c2,False
leakage_sensitive,751,microsoft/vscode,2023-07-20 02:30:58,feature,bug,2499f32f4ba60e79f9505aa17ae0a6689b8aeb64716de908cdc36c7f5a3dcacc,False
leakage_sensitive,752,microsoft/vscode,2023-07-19 14:50:19,feature,feature,25cf0f26619c87fc80a78a4886ed2ee8b4283fa5858f3d418a0b8853c86bdfb1,False
leakage_sensitive,753,microsoft/vscode,2023-07-19 04:29:33,feature,feature,c229b99bc989b1d1fd44366472e64175b7d3a4f645148442ac0ad5a02b02272a,False
leakage_sensitive,754,microsoft/vscode,2023-07-18 21:48:38,feature,feature,19f2cfcac9bdb31edd7496f2ac8fdc1d1946627ea474fa9d94776bc747a810e5,False
leakage_sensitive,755,microsoft/vscode,2023-07-18 19:13:44,feature,feature,d7ef9988a54258404fd8b90288ef586ac7d30bce2e94f1cc39fc3930cfe85de6,False
leakage_sensitive,756,microsoft/vscode,2023-07-17 19:28:57,feature,feature,3227e69c5590d3986229c1934bab7ae28ce31099ad5b3204ea0edf75d0e52692,False
leakage_sensitive,757,microsoft/vscode,2023-07-17 12:36:20,feature,question,cb1f836f3c46b84ba70b1c0605c6891ac182574512fb399120b7001f4b835828,False
leakage_sensitive,758,microsoft/vscode,2023-07-17 10:24:52,feature,question,837f377d4321ec13637063af684ccfe446f5ac0d1ff23c2c74a2c30f3f94fa94,False
leakage_sensitive,759,microsoft/vscode,2023-07-15 21:01:11,feature,feature,53b8d9cd3374e25ba88ff1452d3b5e7ae28976cab27556bcfa4a2178c9ed5a59,False
leakage_sensitive,760,microsoft/vscode,2023-07-14 07:13:00,feature,feature,37d13a88ce2abba0dcbc21301ceb0a90d58a68c9120a050d3c4765154c684562,False
leakage_sensitive,761,microsoft/vscode,2023-07-13 16:25:58,feature,feature,8d3ce4d5672ef5d6d65536a636e8b3f859988d467e0434e0234f6eef1728e3bb,False
leakage_sensitive,762,microsoft/vscode,2023-07-13 00:22:55,feature,feature,4506a888eb68dbaa8bd55f3b1534325cb2b65644dda63395c753bb05c51f1573,False
leakage_sensitive,763,microsoft/vscode,2023-07-12 11:14:29,feature,feature,bf74a614ca08a633ba91d6d457ad51b53be7cdb22538f7e8ace98934cea6e0f8,False
leakage_sensitive,764,microsoft/vscode,2023-07-11 23:10:58,feature,feature,9f8095770fcc4e37a95a5b0187ac40ab095bc78623a2bc1ac1c92d04cdb6bcb6,False
leakage_sensitive,765,microsoft/vscode,2023-07-11 15:49:22,feature,question,cb63f692c361329c1722934f92f45d536b992842cf117bfa58199fe756aa0fc5,False
leakage_sensitive,766,microsoft/vscode,2023-07-10 18:17:58,feature,bug,313a696783df478afca78635d933c832180bde932858f9576e7ed704669ec8d5,False
leakage_sensitive,767,microsoft/vscode,2023-07-10 15:44:01,feature,feature,ff94a7a1badf3999bebf086bda78838f74e21ab90d877bb9af81bc7d711ae603,False
leakage_sensitive,768,microsoft/vscode,2023-07-10 15:03:10,feature,feature,90bc1c6dcd8ebc297e66bb15056bc1c6d8a0887a9f16fec5a6eb690169277b2f,False
leakage_sensitive,769,microsoft/vscode,2023-07-10 12:59:38,feature,feature,59d8f1a2dd6d188b51f5068cca06fc2d6137a66ba21ca357f6ac5c4efa67e09f,False
leakage_sensitive,770,microsoft/vscode,2023-07-10 09:00:15,feature,feature,b6cad6643863c76b1e6000c91f6ff8fcc5aaaad66d6c0736f06df35e3a0766b3,False
leakage_sensitive,771,microsoft/vscode,2023-07-10 07:39:46,feature,feature,82cd458798204a2f8b62ea17740355ed168e9e6a78ca5aecc3dcb03668a2873a,False
leakage_sensitive,772,microsoft/vscode,2023-07-07 05:02:45,feature,feature,6b9fbe1f15096b07ed64032e5a3354b36c1d3576034ba9a567dd89b5ae039075,False
leakage_sensitive,773,microsoft/vscode,2023-07-06 19:39:33,feature,feature,bcf78edf7ed677c8aa3cce0421537ef0da3e10ec426a9c91e3f50e0ee746ad3f,False
leakage_sensitive,774,microsoft/vscode,2023-07-06 15:22:18,feature,feature,cddc040d46c4c1c265efedcbdf89d2e92e5f47f66027a1c46e0dd54d68f074e9,False
leakage_sensitive,775,microsoft/vscode,2023-07-06 12:57:50,feature,feature,7730c7497575a684fa759e0bd10fbe1aa383a76c25df603ce6bcc5294d21d55f,False
leakage_sensitive,776,microsoft/vscode,2023-07-06 04:09:04,feature,feature,780b44ab3efad805f752ba94e3aa2fd9299b2ab2f2d6a5dbb945b66542ac45fd,False
leakage_sensitive,777,microsoft/vscode,2023-07-04 11:17:32,feature,feature,92ce8672946c34035457ff496bfbceda4c3abcbd42ca61326c1add8ad497587b,False
leakage_sensitive,778,microsoft/vscode,2023-07-03 10:17:11,feature,feature,2f6cd36a7007a01df0cfc041122a825e73fbdebe395fc8b4d06fa99acb7f8b75,False
leakage_sensitive,779,microsoft/vscode,2023-07-02 15:57:23,feature,bug,75dce72fe3df6fe2103705e459beba337ee3aa3c31f323d6b497fcd4829bec4f,False
leakage_sensitive,780,microsoft/vscode,2023-06-30 15:46:38,feature,feature,98599adf46728452fb82668ad24dd5d0875edebe0199705b3974c8a7e267b2a0,False
leakage_sensitive,781,microsoft/vscode,2023-06-29 21:38:01,feature,feature,37f15d79d76c5d5f42ff2f13af76577dc34380624b5f0f725e4418cc547fcec6,False
leakage_sensitive,782,microsoft/vscode,2023-06-29 21:25:23,feature,feature,307f5e734ce587e6b5037b7cc26cd46b3bfb37c1a4c579e70c9858d89c81fdcb,False
leakage_sensitive,783,microsoft/vscode,2023-06-29 18:27:33,feature,feature,6d46c33666c737679d0e10d497caa14a305d7eaba456ddb19b5d2585baa44d71,False
leakage_sensitive,784,microsoft/vscode,2023-06-29 06:19:02,feature,feature,a827773e94473ca62835f1bb41ee28a1ebc3cd4cacf0a057bc1b62a88f4a5731,False
leakage_sensitive,785,microsoft/vscode,2023-06-28 16:38:51,feature,feature,6ad1a17a1067606e026c0a9dee2fb363ee3b353953ee97ad69d4f7f1e05ac551,False
leakage_sensitive,786,microsoft/vscode,2023-06-28 09:00:45,feature,question,f300a52bd5dd8fceeb1650cedcbf469880adf43db6e53f5f71a86c3e048abf75,False
leakage_sensitive,787,microsoft/vscode,2023-06-27 21:52:22,feature,feature,53cdb4828b67d060ed2cabf371523e73579351b06e88088d6fef46ba924678a2,False
leakage_sensitive,788,microsoft/vscode,2023-06-27 18:14:34,feature,feature,f5892e9a435cb4bc008b0c1302dc7739143c401fa46535cf76cd093b0d72f1ba,False
leakage_sensitive,789,microsoft/vscode,2023-06-27 18:02:15,feature,feature,9485a17284878b8781ee7244935e52beea57dc07dc72025b4db5c965ffa6ad1e,False
leakage_sensitive,790,microsoft/vscode,2023-06-27 06:55:27,feature,feature,5f31f1851afe09527609c148bed06726bbf9e01c8fa1d6b03c08ce73ee73b241,False
leakage_sensitive,791,microsoft/vscode,2023-06-26 18:13:04,feature,feature,8839bccf6fe44f080ffda2dc8778d20a5a1f79775c152b985f6e3283ab7a2d18,False
leakage_sensitive,792,microsoft/vscode,2023-06-25 12:25:18,feature,question,6b087ad47eebbe34129b29016a276ea491710cbe1b01decb8cd603834174a9a1,False
leakage_sensitive,793,microsoft/vscode,2023-06-24 09:28:32,feature,feature,dbd7a855cec02be7d03c731633cafba219459c74febb1b77b4effe623d3fe64f,False
leakage_sensitive,794,microsoft/vscode,2023-06-22 20:46:44,feature,feature,c2c90df2dbcec86b076b0ad9fd97e10d0e93897f7ce6813800ef44c76f091954,False
leakage_sensitive,795,microsoft/vscode,2023-06-21 14:52:48,feature,feature,cd5802401d6a813996120002ab4952f58a87851e2cbab644bc85021cefd5ad11,False
leakage_sensitive,796,microsoft/vscode,2023-06-21 09:14:29,feature,feature,8603052ebea82d9c3ec5af53b419bc3fa774049744b1d6dba175c6770e28d893,False
leakage_sensitive,797,microsoft/vscode,2023-06-20 21:12:25,feature,feature,a534a679b7b60d2f01845d65a3fcc2d440308ad4ac738eda42153e79c506f078,False
leakage_sensitive,798,microsoft/vscode,2023-06-20 16:49:46,feature,feature,9801fe8f27ab0f84392851374db3a60d05cc174fed94711a2b9433df584d2e9e,False
leakage_sensitive,799,microsoft/vscode,2023-06-20 14:30:22,feature,bug,3b72853c07046475e4230328e69a4c48ae475298da938783933ef163f396ecad,False
leakage_sensitive,800,microsoft/vscode,2023-09-28 20:59:06,question,question,6ae2acbe5505f450dbf8b0306cd3a01f4bec5bfcfca0489779d4a565d07c95e5,False
leakage_sensitive,801,microsoft/vscode,2023-09-28 15:53:17,question,feature,edb3de0a743bb337bd27b88f53f8f3b84f9665ba9479014d93745adcab6c5b80,False
leakage_sensitive,802,microsoft/vscode,2023-09-28 04:13:06,question,question,70bce3d422a1b978b6d091aaef75b3f57e737cfba305e4249b71312334674213,False
leakage_sensitive,803,microsoft/vscode,2023-09-26 20:41:36,question,question,2e5f6cd4cbc16ce4a6ca5df2734ed5f746f2bc6d6b9f874835e7fd6b7d0cffbe,False
leakage_sensitive,804,microsoft/vscode,2023-09-26 05:14:01,question,feature,e3e44fafb536c264316c43c22fe5dde481021b55838e093f95a25e07d69ea500,False
leakage_sensitive,805,microsoft/vscode,2023-09-25 13:44:18,question,question,69eabae84f0134ec420046be4dab1c90e8460ff35004115c37ac1e5e5535ab47,False
leakage_sensitive,806,microsoft/vscode,2023-09-25 02:47:11,question,question,bad0aae6eea527542ba8ee0b1910969fbcc5887bbae5814f84f9d38109ce2721,False
leakage_sensitive,807,microsoft/vscode,2023-09-23 04:41:43,question,question,4103b3ffe3a6680185b1119d863eaf880b21b30f7216c77b12f88afd4710a437,False
leakage_sensitive,808,microsoft/vscode,2023-09-22 14:38:12,question,feature,11ad29f609288f0e8f4f173715562a646c31a938e7d877a52a9653c24abd76b2,False
leakage_sensitive,809,microsoft/vscode,2023-09-22 01:45:20,question,question,88ae931593e070a77ddf70bf3b834c624bb0865a0cc13ed2d5e4622efc6ed198,False
leakage_sensitive,810,microsoft/vscode,2023-09-21 16:14:30,question,question,3c170c1ff09c7c9bcd4e5b1840facf74da33b81e46480d97ff8fa7ca803251c8,False
leakage_sensitive,811,microsoft/vscode,2023-09-20 16:28:33,question,feature,c9829a86df65c589ac9157e8a92c059b4c6cd6b9e9d8bc9bd529eed1765ad628,False
leakage_sensitive,812,microsoft/vscode,2023-09-18 18:20:14,question,question,65be1eeac362c6a5c0e3d809f51f8de03c78b151caafd692605d42b9cf29009e,False
leakage_sensitive,813,microsoft/vscode,2023-09-17 07:02:24,question,question,124725653fa16b250b546971bf82b26947bc0959549cf9c3a46825bea071f810,False
leakage_sensitive,814,microsoft/vscode,2023-09-16 11:14:59,question,feature,c885d8002bfd0c3338158f07df4ee8a8b89ca0f7fe842c138ac6cf3ea8da0ae8,False
leakage_sensitive,815,microsoft/vscode,2023-09-15 06:09:43,question,question,bf606367fec4f77dc2562a0596abcc0d9cde0395be2e1ad21b6a932f63f75dd4,False
leakage_sensitive,816,microsoft/vscode,2023-09-14 12:06:09,question,feature,474f0e7a652508cf57eb25722c5d25b1df577020dca57551f7af41cc8f7e97b8,False
leakage_sensitive,817,microsoft/vscode,2023-09-13 13:17:38,question,question,1eb22d5215b066ec5f9ff1dfadf16be46d7367bf91595f1ca4b48eec0f599f2c,False
leakage_sensitive,818,microsoft/vscode,2023-09-13 00:27:38,question,feature,fe2adfb1abea3aa699d7a70f0ec1ccc1759ae110b2fb47a17cb3f0661c6bb052,False
leakage_sensitive,819,microsoft/vscode,2023-09-11 07:33:42,question,feature,f93f12e0bd7607fce21fe73b46535dbfbebb55bbc32c3b3a4946a334e8a8c234,False
leakage_sensitive,820,microsoft/vscode,2023-09-09 13:37:00,question,feature,de16014ad1bd7b1271aa35383508738ce26729fde2c8e501e21ac8cccf6986aa,False
leakage_sensitive,821,microsoft/vscode,2023-09-09 03:29:09,question,question,cb019dba247a6fa70c5e7c6dc0a2fa28907f3c86f9b70050feba8125c1a5f1ac,False
leakage_sensitive,822,microsoft/vscode,2023-09-08 11:38:19,question,feature,bd6802e1e57269ba67368678b3a9fa5747fe098ea811957940cc846a17123023,False
leakage_sensitive,823,microsoft/vscode,2023-09-07 17:47:37,question,question,d71271f57adb93f18f27d5b695fca90e1531972c0ca7ef94718bc2942475b947,False
leakage_sensitive,824,microsoft/vscode,2023-09-07 14:40:11,question,question,875a8c26790cfd6547c8982eb52b6b565615f0899e74e33aa212208ef5a7a28a,False
leakage_sensitive,825,microsoft/vscode,2023-09-06 00:39:35,question,question,15a6b59c446f82bde571a4ddffb64dc2fa05b1dde9e598e9121fdd8b7934b6b1,False
leakage_sensitive,826,microsoft/vscode,2023-09-04 06:36:37,question,question,3a31d79fabbe892be3e42b52edd63fdbadb1cc557be25facc4e9dff761b6f67a,False
leakage_sensitive,827,microsoft/vscode,2023-09-03 12:17:46,question,question,3ee6f65e35062f65b73e761c29de66c679c85a24341e8bdec5abe4600de7cb1d,False
leakage_sensitive,828,microsoft/vscode,2023-09-02 18:37:59,question,question,f6bf6b6717b5cd789688f5066c830e472a8f6cc0b042d96f76d9dc7deefee517,False
leakage_sensitive,829,microsoft/vscode,2023-09-01 12:26:02,question,question,fa5db4bcbb1a49a2d9450959c1ca1af71fa7ab356a4367e2449c2325c76236fe,False
leakage_sensitive,830,microsoft/vscode,2023-08-31 16:13:32,question,question,663c7180f12c4895995113d8f68dbfab1d0183c5ff5d3c9d5039dc69ba0a8381,False
leakage_sensitive,831,microsoft/vscode,2023-08-31 02:41:06,question,question,25cc5bdc51ffa553c233dbbb3e337268ec778a89cfd80995dd81409d832b75e8,False
leakage_sensitive,832,microsoft/vscode,2023-08-30 14:45:45,question,question,6806626e458ffb288873d29839bd53035b0453ee9b3ca4a267f0e8096206d599,False
leakage_sensitive,833,microsoft/vscode,2023-08-27 12:40:01,question,question,1fa34e6912cf332c9d0837710814bfcf3b2e34d85fa5f03d00f999caffeedf27,False
leakage_sensitive,834,microsoft/vscode,2023-08-24 09:56:18,question,feature,ef9b583ed17d1688ea4abea03d0422f0017172b7d67715290bb8b96c978c9b66,False
leakage_sensitive,835,microsoft/vscode,2023-08-23 16:02:16,question,question,6f1154759e2351888c1741f58994f5f5d62b6a691861662afb2f9ede5f952207,False
leakage_sensitive,836,microsoft/vscode,2023-08-22 00:42:24,question,question,5c102230efcc8bf9c7df5e0270ad01ece3f6d7c6683572d1c8bf0f477f26b97c,False
leakage_sensitive,837,microsoft/vscode,2023-08-21 18:35:46,question,question,bba03a418cf720a88e93938cd05db25cf25611cb9135c57e360506e9812314ca,False
leakage_sensitive,838,microsoft/vscode,2023-08-19 20:41:27,question,question,0a7ba727e28f2d0b0390e4ae311e8e17293979dd42e12db1bbb9baad478b4a18,False
leakage_sensitive,839,microsoft/vscode,2023-08-19 01:55:54,question,question,c64d3d0eea2dded63206496783cf0c5243bd3118eb44d6b8d2f6e351c34cf343,False
leakage_sensitive,840,microsoft/vscode,2023-08-18 08:45:01,question,question,aabf836a5f5f0e10865bbeeb221328f9da30cd843cb64a163ba636fd1c228844,False
leakage_sensitive,841,microsoft/vscode,2023-08-17 12:40:51,question,question,8b58ee7eaf384004bc372e9097f2c0da32c753de88ac49bbc57d3d27b28c1cda,False
leakage_sensitive,842,microsoft/vscode,2023-08-16 13:52:55,question,question,1123ea5ee2ae27b9e05395599b03804ed609c600afa127fa4e92811c8f78b75c,False
leakage_sensitive,843,microsoft/vscode,2023-08-16 02:41:13,question,question,bbd6013bb6c9ec22d37b26efa28c471949362306692c68ed1b9c3e59cba4724f,False
leakage_sensitive,844,microsoft/vscode,2023-08-15 06:17:39,question,question,5cdfba44b34cae3bc0210dfd5e1d22303b0ffd41a288fc82f568cdfaddee22de,False
leakage_sensitive,845,microsoft/vscode,2023-08-14 14:23:24,question,feature,b1923f1f4691a5730cef9858f336a932d9e41d011cc9a6dd33d0073e96f79f3d,False
leakage_sensitive,846,microsoft/vscode,2023-08-14 07:36:41,question,question,39dad2fb99733392bdbf0fd4848dd8b97f3b84d89f2c358753bd4f50f30706d1,False
leakage_sensitive,847,microsoft/vscode,2023-08-12 10:06:09,question,question,66a166a9dfbdc413c205bb694b64fd583494eb85f7eb46724b69bfea99f0801e,False
leakage_sensitive,848,microsoft/vscode,2023-08-11 11:19:14,question,question,c114b2a51091c94b47f0dd5a092cd9a8bcd5c85591b771c5f49c1ead220f5b4b,False
leakage_sensitive,849,microsoft/vscode,2023-08-10 16:22:56,question,feature,ccb4a732c43ea25c7415e76ab3bed62d8ef4dd0bb5ca39a60541f258622c9355,False
leakage_sensitive,850,microsoft/vscode,2023-08-10 10:54:59,question,question,322512bd70354901c0f3a473c7b4b8e2e0e2afe7db10fd2b1e1f7c9147cbadc6,False
leakage_sensitive,851,microsoft/vscode,2023-08-10 07:47:29,question,bug,5f50397d83565978d7533c3b8c485120cf79edb1ca4268cac21f9f9652cb23c7,False
leakage_sensitive,852,microsoft/vscode,2023-08-09 17:59:16,question,question,40984181b451a6cb381a39a3281855afbb1df107a198ae4a5642250496e84ce4,False
leakage_sensitive,853,microsoft/vscode,2023-08-08 08:18:58,question,question,23be8dda4403e5345c420336e30611d9f2069b289ce886da6044f5a204d5d838,False
leakage_sensitive,854,microsoft/vscode,2023-08-07 17:00:40,question,question,7e6bdbf2bfc85b079d180797f8a63ef3b502ae476ba3fb7a82f72d84aa3fd3cf,False
leakage_sensitive,855,microsoft/vscode,2023-08-06 19:13:37,question,question,a59be4bed48e6aa64c6bd1d577ba5bd5ef644f3ce1fe2384db189e69ba5683a5,False
leakage_sensitive,856,microsoft/vscode,2023-08-05 15:02:20,question,feature,9b6bbe2b402c3e48c46e53084b231f0a09358064cf54438d54a8f75779856fc6,False
leakage_sensitive,857,microsoft/vscode,2023-08-04 19:13:03,question,question,e8c3bda22b6ac32d60af21b2d2bd955cb9132813641a3e6052af1116fc6b0229,False
leakage_sensitive,858,microsoft/vscode,2023-08-04 06:52:16,question,question,65b1600c12a146aa1fcd999c0f31d6bbef6aeab733d8f3bef8f5ea1e009a4374,False
leakage_sensitive,859,microsoft/vscode,2023-08-03 09:43:00,question,bug,4cf79b2477e6255e966ae59032e53cca8277b1bfef2ac5d5dd9966928b4b8f57,False
leakage_sensitive,860,microsoft/vscode,2023-08-01 15:08:15,question,question,451bed21bb55f360a13d0160be26e4a7f3b20c4419e03205ea0241fe296b2427,False
leakage_sensitive,861,microsoft/vscode,2023-07-31 20:49:34,question,question,7feade10b0e7f74f31d133396282214fbab942d217327970cc2afb03e53ff884,False
leakage_sensitive,862,microsoft/vscode,2023-07-29 18:29:28,question,question,b08e1719162779e3b646e78b02607f7c31ee3233ffc7955c9c8ef7e2a2265bb7,False
leakage_sensitive,863,microsoft/vscode,2023-07-28 12:31:21,question,question,e09292b57798a02b11000a663e665e80a5134f9ac3e16dd6852e50cae6214ea3,False
leakage_sensitive,864,microsoft/vscode,2023-07-28 04:59:42,question,question,4ba5e7e18d7565bf0d5bd95f74581416de2f8b95e25a775ce8edbb121c2174f2,False
leakage_sensitive,865,microsoft/vscode,2023-07-22 16:47:56,question,feature,19f425873b522c264f2f1d3329875991ee1a30842d3a152262edb5eb4beac019,False
leakage_sensitive,866,microsoft/vscode,2023-07-20 17:03:38,question,question,20a342898e4583a989b7b6e6a61ac38c9d227bf426f6b774131e0de3058c96d5,False
leakage_sensitive,867,microsoft/vscode,2023-07-19 18:42:39,question,question,24db41e46a5dafdfb06db8437c9fac4672b9fb1cf8bb046283a982a98076f938,False
leakage_sensitive,868,microsoft/vscode,2023-07-19 03:07:59,question,question,394190c08457cbe02e58c52702fed233e688fe7075158109a9caf3e2daa5f980,False
leakage_sensitive,869,microsoft/vscode,2023-07-18 09:20:42,question,feature,c62defbc5387c6bedf3888649203d99883d00b9369384a76f6e3865b2998cf8e,False
leakage_sensitive,870,microsoft/vscode,2023-07-17 17:05:21,question,question,a47e13b36677dcc05614a24047c1889a65a81da3c47ac47d999c5c4fed8f7cc2,False
leakage_sensitive,871,microsoft/vscode,2023-07-17 01:49:49,question,feature,e20acd491b94e0e9f47cd573eda13dd7b396407c25146cb02e715df066c9f5f2,False
leakage_sensitive,872,microsoft/vscode,2023-07-15 10:53:05,question,feature,0066242bc73c712ef5d93b2bc60a4dc005433ef43b18f4f2dc45a954c00d8474,False
leakage_sensitive,873,microsoft/vscode,2023-07-14 04:33:06,question,question,224488e950d5e175233725e7917cadf41ef742af1c1cff465dbf78d7234af53b,False
leakage_sensitive,874,microsoft/vscode,2023-07-13 15:01:38,question,question,e686a6ceb9375fb770faa22a2490a065510d863df44e067adb8c746ac8baa800,False
leakage_sensitive,875,microsoft/vscode,2023-07-13 09:00:42,question,question,d190b1f2c6ddf42aa6ad491a69016533d8879a663b9bbf8457300933cd41a76b,False
leakage_sensitive,876,microsoft/vscode,2023-07-11 10:40:37,question,question,ff1bd1671ce3d3ddb58f40fa86333cf2e483f92f8724109cd1a5518263a7584a,False
leakage_sensitive,877,microsoft/vscode,2023-07-08 17:53:37,question,question,e73b17a61ae58e035eba8b3cf3f43fba14a271185a0b2a4cb49ca3f08e51817e,False
leakage_sensitive,878,microsoft/vscode,2023-07-08 07:02:45,question,question,fe9a5c59dc4edd91d9ffda5074fac42fbaa1fea63e5709bfaf3ad08bc7b06183,False
leakage_sensitive,879,microsoft/vscode,2023-07-07 03:27:17,question,question,57dcae97ed8969909e569814ef8026e324bdc4b7987d85abfcfaa5a815f97120,False
leakage_sensitive,880,microsoft/vscode,2023-07-05 22:12:02,question,question,0f1f9b7a6490659fdd6f6cc6c543b425b69334f84e46040b3bd34c0fe6d5a131,False
leakage_sensitive,881,microsoft/vscode,2023-07-04 09:34:59,question,question,5c3e251bf1d84a1922eedd1955e9d029c7f25829118216f8446c64b8b101695f,False
leakage_sensitive,882,microsoft/vscode,2023-07-02 22:18:39,question,question,17d39e0289f39a5cb971208fcd83bbb69053f8ce67f0fff1ec75b97e13bb98f0,False
leakage_sensitive,883,microsoft/vscode,2023-07-01 18:09:08,question,feature,60aa5d37c713f96d19ffd27ae3892893e52445c2d232e56bd9204c327607a978,False
leakage_sensitive,884,microsoft/vscode,2023-06-30 12:29:26,question,feature,2a175088ae87d16774e78cf9a4921ec49b83a4074f0a19c636e2895f2c19986e,False
leakage_sensitive,885,microsoft/vscode,2023-06-29 13:49:04,question,question,6eb38920be656bc9eb4ec146658a470987ed6d4a362bb5e0996937fa44710a36,False
leakage_sensitive,886,microsoft/vscode,2023-06-28 22:44:43,question,question,de2663ab98f58cc0c065ba70abbbf6792b4a3431f6c68b713cad1e5d00e739a5,False
leakage_sensitive,887,microsoft/vscode,2023-06-28 17:41:26,question,question,db02e24a8123d260cc4479cdfe11bf1c9d2d50bdcb866736bf119b2433c076cd,False
leakage_sensitive,888,microsoft/vscode,2023-06-26 22:05:34,question,feature,00cac532ffc27195e44eeab30da6043a045737562e312f4694cd1b5d496663c3,False
leakage_sensitive,889,microsoft/vscode,2023-06-26 15:45:23,question,question,1b99062a1cec98bc938b22f2acb2264db19df47be69f948139eb3c4806f8394c,False
leakage_sensitive,890,microsoft/vscode,2023-06-24 02:26:58,question,question,61ef7e82f499fcacf4a2e7d2f8174e7fb75273de26e4ee5249c5d19e59348763,False
leakage_sensitive,891,microsoft/vscode,2023-06-23 14:26:39,question,question,41f993cc351193f9049571d340d50f68a4f8dfc690499b4cea986dd2844ccc50,False
leakage_sensitive,892,microsoft/vscode,2023-06-22 16:07:36,question,question,15f69ac1071deec765ea9e47e1c3ff8ed0c10d4ca3d951cdd0a0b571382ff94b,False
leakage_sensitive,893,microsoft/vscode,2023-06-21 14:12:05,question,feature,77899d697d4ad5ce416302735cc55d83cf0f83a2bc1b250133d498d197129df3,False
leakage_sensitive,894,microsoft/vscode,2023-06-19 15:16:32,question,question,3fba5833c2303d6d456faf2987ed477e75113ebbf6a66351c74d58458c06f5f5,False
leakage_sensitive,895,microsoft/vscode,2023-06-18 12:24:30,question,feature,1fcb3db7a782ed101916deae13802220abb0fd010e08e6d23a4f05da60a16508,False
leakage_sensitive,896,microsoft/vscode,2023-06-17 00:56:01,question,question,fc04d4dbe6045bec9347e6c9fa54583a1ddda6577fc33a01ab9acf975f65c79f,False
leakage_sensitive,897,microsoft/vscode,2023-06-15 23:05:33,question,question,602435baed4808305915757bdaed25352d271d8bb67a4b144e0213a0f46850d5,False
leakage_sensitive,898,microsoft/vscode,2023-06-15 11:55:58,question,question,d51b800ef33854549a5528206b32d0040f689705ee8dd842a45678a975139117,False
leakage_sensitive,899,microsoft/vscode,2023-06-14 14:15:37,question,question,26c0748c24887c6c910d040c2de6e8c9c30260af99fb5a28807cc4395ed9d7cd,False
leakage_sensitive,1200,opencv/opencv,2023-09-28 07:19:24,bug,bug,921bad68c26ca5caaf0a7f7771ff376faa429e7669b939c98843bf1c75701807,False
leakage_sensitive,1201,opencv/opencv,2023-09-24 11:13:24,bug,bug,fb7c05f677144e1002b18733acfe837092acb9211d2a8a427f826d45dc54241c,False
leakage_sensitive,1202,opencv/opencv,2023-09-20 03:58:09,bug,bug,4cafb979f57bc004117daf9908c405b4556c3e40b773c3393b6c50dfbab391a4,False
leakage_sensitive,1203,opencv/opencv,2023-09-14 07:04:32,bug,question,75cd2cab7786dba0cd8e95dc81e86961ca9f0b4ccfdf6bd643fcfd037358f0a7,False
leakage_sensitive,1204,opencv/opencv,2023-09-11 19:02:36,bug,bug,160a1933406d3b3fb38d02fce653c5968eb3eb46ccf8c4f8102168c091bb1020,False
leakage_sensitive,1205,opencv/opencv,2023-09-09 14:33:44,bug,bug,b44940e74260443e0025fc7626501d73e7e0b2fa9a8f83dd7e762ccc2bb444ea,False
leakage_sensitive,1206,opencv/opencv,2023-09-08 09:37:51,bug,bug,2d7e1c0c924c4eea3a60cc1da4a660087d1f24b9821bff71aba8d518cb72931f,False
leakage_sensitive,1207,opencv/opencv,2023-09-05 22:17:59,bug,bug,06af68fe6d689c91b61290c5cc94cfa7c04d8382bb46fa58da7afbdc47523de7,False
leakage_sensitive,1208,opencv/opencv,2023-09-05 10:57:18,bug,bug,a11a9a76b794e8ecf5cf9d917c5a26b588cf9805a125a6aed59bef88b5749586,False
leakage_sensitive,1209,opencv/opencv,2023-09-01 12:46:25,bug,bug,fd24852b1a53bebf383bf5906357c6bb3bf5db225e5957238f61027dec502535,False
leakage_sensitive,1210,opencv/opencv,2023-08-31 19:00:06,bug,bug,a8c11657fc8725f4c24d4905a8277aed402f3e66fca55434f17e7137fc3d97a9,False
leakage_sensitive,1211,opencv/opencv,2023-08-30 07:35:15,bug,bug,4a74c62f4379972f92b4c0db374f41ba7dc0a5f124d90d9d204b2ec1b841b1a3,False
leakage_sensitive,1212,opencv/opencv,2023-08-28 03:22:52,bug,bug,d4ca92489f2dbf09dad9c24858bfe8a3e6b3858d05c22a8f0aa2266d4b0bf1f4,False
leakage_sensitive,1213,opencv/opencv,2023-08-24 13:54:05,bug,bug,956a279f892e515a20ae97661a2ca85ccdae15c6db077e1bcd08a6c51f5683c2,False
leakage_sensitive,1214,opencv/opencv,2023-08-19 11:12:13,bug,question,74115273b2f25ff373a6b25f87b875b28eb6ff4a57af0bf1a6541ada7ab6f911,False
leakage_sensitive,1215,opencv/opencv,2023-08-17 08:40:22,bug,question,9748a575193302e1d34a9e1cdbdf3f7561afbf0e52a3831d876396b261355a0b,False
leakage_sensitive,1216,opencv/opencv,2023-08-16 19:48:37,bug,feature,55701b85e768e9419f87d174930dae7a7b410f5528fdbcf1736c7ba7ed4a37d7,False
leakage_sensitive,1217,opencv/opencv,2023-08-12 20:31:30,bug,bug,376ed67843a273d2a16803b19aa46efd8845083f81d3e69e41e4a8b57d530dd9,False
leakage_sensitive,1218,opencv/opencv,2023-08-12 10:03:04,bug,bug,c4f178885648d383eabea4329c0c6222882807a8c2b8f23cd906b2f9e10e520e,False
leakage_sensitive,1219,opencv/opencv,2023-08-11 14:02:38,bug,question,d61d1b995a5453e9e5ceed1d570b0dc10631aac2724c9022e0bf6a73960c8b1e,False
leakage_sensitive,1220,opencv/opencv,2023-08-11 08:14:32,bug,bug,7d51b701b7c23b8786fe76485ff11e20dc87c29b6e598f9997e8631367161927,False
leakage_sensitive,1221,opencv/opencv,2023-08-10 08:44:03,bug,bug,db8a3c142de5d6c4b98ac17393dac9e3b2cf9a85fbc421b8a7e926ae57d74185,False
leakage_sensitive,1222,opencv/opencv,2023-08-08 12:18:35,bug,feature,045578c2af08e94f6d21b4f6494bbfaae18300731d2c832febfd1a9752433093,False
leakage_sensitive,1223,opencv/opencv,2023-08-08 11:20:13,bug,bug,eccaaf60456408c2f136810cad2daa76022ca28c323a96b4a3115b5b43d205e8,False
leakage_sensitive,1224,opencv/opencv,2023-08-07 20:09:16,bug,feature,d017351aa7e50e5de78b4098a7b7bf6b55928ff4ae5f991afdb945fed482fd83,False
leakage_sensitive,1225,opencv/opencv,2023-08-05 09:35:10,bug,bug,e24bfd46a5c3b368c3f1b22a7d0aee392a6256b2782b7750469eb609d3b8a27c,False
leakage_sensitive,1226,opencv/opencv,2023-08-03 15:28:54,bug,bug,afc377ba1027215665b3d101aff839692e4edb62938d91e91341e7d192bc45ab,False
leakage_sensitive,1227,opencv/opencv,2023-08-02 14:31:48,bug,question,7acc9e6c5b1ace3e94b579dd09a0223aa0292462df740d039594300562442f8a,False
leakage_sensitive,1228,opencv/opencv,2023-08-01 08:35:39,bug,bug,bc84d1f716dba17ba6de7616a17843adfd1ff6f53034b9c7acc054b5e02283f1,False
leakage_sensitive,1229,opencv/opencv,2023-07-29 19:36:04,bug,bug,deec24ad929413e50ef75d529a97f1a4b79b9b5b1ca3b4e2e8f960f44367dc88,False
leakage_sensitive,1230,opencv/opencv,2023-07-26 22:41:07,bug,bug,7f2965e8a37c58d6e2dc9a68e08953647c4a46a26740dd130416dbb2220450cb,False
leakage_sensitive,1231,opencv/opencv,2023-07-26 13:52:03,bug,feature,c0d6e4a11673388f65250340cc0cecc470eb77ceffffedc37c43872480c4c92f,False
leakage_sensitive,1232,opencv/opencv,2023-07-25 08:43:12,bug,bug,6bdc98264b06e99080f5896b98b199991007bf6d2d2e98a462524c4f6083b5da,False
leakage_sensitive,1233,opencv/opencv,2023-07-21 13:14:22,bug,bug,5c0241b8ad4b1322f6dab849d1aca3671605ba40603c7469bb5f6180167d9278,False
leakage_sensitive,1234,opencv/opencv,2023-07-21 12:08:52,bug,bug,3402617578e2a4103c15fd9604cfcac789d25f254f8004ee0dffde4802d94b41,False
leakage_sensitive,1235,opencv/opencv,2023-07-20 22:13:56,bug,bug,19b710bac91de2c6c367eb172256c27d64c18911725b435072ed7921a07e9a2f,False
leakage_sensitive,1236,opencv/opencv,2023-07-20 10:00:54,bug,bug,03999768fb66ebedcf1272b6204edd8f597636bd4bbb8afb3aa92c554076c1e4,False
leakage_sensitive,1237,opencv/opencv,2023-07-19 16:48:38,bug,bug,00a245fe0b9e482cefb344efbf2710c8d7d0418ddf3ea10f31adc7f3e647de95,False
leakage_sensitive,1238,opencv/opencv,2023-07-19 13:43:39,bug,bug,591c40411dd8396fdc24914c782278da40db3133799494c6fab9ba03cdb23ef0,False
leakage_sensitive,1239,opencv/opencv,2023-07-19 08:40:33,bug,bug,adf100b396be739c2a7fedb23f9000d9b3cca515f1d27baf3646ba8676b3dcbf,False
leakage_sensitive,1240,opencv/opencv,2023-07-19 07:10:24,bug,bug,ecf3f16011de2727f9779d7a7587f679c530e2073900a08a4d61f96815b0a235,False
leakage_sensitive,1241,opencv/opencv,2023-07-17 15:11:01,bug,bug,c2a9eef124aef330d7f2d6f4cda3a0c54987fc492e1ef096c2810c04b8c04581,False
leakage_sensitive,1242,opencv/opencv,2023-07-14 12:07:43,bug,feature,102a0d3e2f0068cab837c10f0dfdf0aa9e1cf196464668a2d0a6964133bb7974,False
leakage_sensitive,1243,opencv/opencv,2023-07-12 13:54:52,bug,bug,d74ccde9880abb3cb2cd9c57436d4d0d8cd3b419d52d621a222d881fd3748d14,False
leakage_sensitive,1244,opencv/opencv,2023-07-11 19:14:09,bug,question,0906ae89185ea3bc9756830524c489b5668facde61db4da0b83e40f1d134e7d8,False
leakage_sensitive,1245,opencv/opencv,2023-07-10 11:43:12,bug,bug,492888fc1e34eafabdcc6ecdb4ba2d72d3fca4382956db39fb809cb14837ca7d,False
leakage_sensitive,1246,opencv/opencv,2023-07-08 19:41:31,bug,bug,3ee5fa6b5e718e219fe7873b7d703893cd27b035f5320b72b7ac613b72c84f37,False
leakage_sensitive,1247,opencv/opencv,2023-07-07 16:17:23,bug,bug,f9552b7b1b58374092bd5687db2336483a256e6a7f29759eddd781859e04363d,False
leakage_sensitive,1248,opencv/opencv,2023-07-07 13:44:03,bug,feature,369cf28afef415b1b8e327eea4b4f5c2213ef5e3cd329d247b2b899ddebfa40a,False
leakage_sensitive,1249,opencv/opencv,2023-07-06 18:09:49,bug,bug,b50e28e328475525beae98c767394bc7b45c23dc98b14d0f38f7a9e1c1524308,False
leakage_sensitive,1250,opencv/opencv,2023-07-05 14:27:00,bug,bug,97711ef51c9046b90768ef05733b4e0923167d7131db0270fb0f9ef7839aa099,False
leakage_sensitive,1251,opencv/opencv,2023-07-05 11:10:18,bug,feature,4128df7996e964284a7fb5a9a1acb966d1038a6038ae8ffc2d79cf535f082888,False
leakage_sensitive,1252,opencv/opencv,2023-07-03 09:46:59,bug,bug,6614fcbab43af7896ef079565197f841330f0af3c50ec86100ef0df8fb6cd6d3,False
leakage_sensitive,1253,opencv/opencv,2023-07-01 14:46:26,bug,question,09c12e31eeff96ea458b278d1d6c3392b21e9bd30b6524ebb6c98393a5681c2b,False
leakage_sensitive,1254,opencv/opencv,2023-06-28 13:57:29,bug,bug,e0a0ce2557c1a82549b75bab94215abb105b21e32d19f10b9084fc8196d37b51,False
leakage_sensitive,1255,opencv/opencv,2023-06-28 09:31:58,bug,bug,74dd6abffe5092d1c43a02f817c8994ff3eb9db065a11ac0d63636ef0dba4f3d,False
leakage_sensitive,1256,opencv/opencv,2023-06-23 13:24:38,bug,bug,59def1e85be8cb0cff6546ec8e616b1b7ffae6429105f114ba8d533b4bd602c3,False
leakage_sensitive,1257,opencv/opencv,2023-06-22 18:54:50,bug,bug,d7b4e4dc785e1708ec306c6925eee305a3e544027495eeb7cca09c79a1fc3a79,False
leakage_sensitive,1258,opencv/opencv,2023-06-22 12:17:42,bug,bug,c65fc89239b48a7968ce261dcb1b5f62647aef6d6d12c51295a375494c0b0198,False
leakage_sensitive,1259,opencv/opencv,2023-06-21 14:20:23,bug,bug,2f87e278c550f6575a8bfb91e064d52d8dc9d809fd32d5809b859190e4bc0b60,False
leakage_sensitive,1260,opencv/opencv,2023-06-16 20:41:19,bug,bug,844c0de87397bb204091e30bfbefed1c851dc799badb439ed3f2e51f0cb27531,False
leakage_sensitive,1261,opencv/opencv,2023-06-16 18:52:02,bug,bug,550e51ee0d92d3bc3d270b23d4783a09ca087cd1410a0f35f290a34d190f2d95,False
leakage_sensitive,1262,opencv/opencv,2023-06-15 17:28:09,bug,bug,f3f458d18ea96b4a98a7d84016d69dbaec40ad7ebd764f5b120b01e610b686e8,False
leakage_sensitive,1263,opencv/opencv,2023-06-13 07:46:04,bug,bug,aa612a1b45f1215d8e33ad1fca53b08b3a1de25ddf1902531d7b8c3346a34a28,False
leakage_sensitive,1264,opencv/opencv,2023-06-10 20:16:56,bug,bug,8b64ce0780615980442c0b9b0a0656ac7b77dee8c1fc594448fe3860a98492b8,False
leakage_sensitive,1265,opencv/opencv,2023-06-10 19:27:06,bug,bug,566a1f02c4c227526e2f1212e3f56eedca89b1fe118cc6c535a93b408ce7eb45,False
leakage_sensitive,1266,opencv/opencv,2023-06-10 18:37:50,bug,bug,9672495ca9b049bf7ace90b838963f0012d010719998324e5f7c15b07ed0fb38,False
leakage_sensitive,1267,opencv/opencv,2023-06-09 09:49:16,bug,bug,7f7673156fb4537aca43a84b9f9742ef18dd637b5d6962a1b00b44edb59eb74f,False
leakage_sensitive,1268,opencv/opencv,2023-06-08 00:35:35,bug,bug,cf23a97013d216fd952c9461d15d2ffaead67f23366f2f48315e9a7c7ab0aedf,False
leakage_sensitive,1269,opencv/opencv,2023-06-07 12:39:02,bug,bug,5c015d6ac4f7b36bb90dcd6f4f637c8cdcf6ce9887d0a486896c7ba5a409be6a,False
leakage_sensitive,1270,opencv/opencv,2023-06-06 07:33:20,bug,bug,10dc76ed20b46dede4d57644ffac7f0bff3a3cd0fba1bc0bb9612e485e910da5,False
leakage_sensitive,1271,opencv/opencv,2023-06-05 12:47:03,bug,bug,3de20d41b2b3a08343e4401c8c3b4f113843d5d4fd388460f8060b03f7985918,False
leakage_sensitive,1272,opencv/opencv,2023-06-04 11:02:26,bug,question,c248c8cb8d7fa00bc78a9a31676539b0f327133f7fa4df2c8423ab5c98c7fe26,False
leakage_sensitive,1273,opencv/opencv,2023-06-02 13:48:02,bug,feature,4d2b40ae0402eb6e2e4da5099f54d679cc7976518fe6ba3b002a8330904abd27,False
leakage_sensitive,1274,opencv/opencv,2023-06-02 12:06:13,bug,bug,4771915e9f19c191a5efab55b97b7c4e505d9987c3dbe4229798171c62a26f09,False
leakage_sensitive,1275,opencv/opencv,2023-05-30 17:14:33,bug,bug,ec2604680a3549eb63282eeac98d80861a5429631d4537df41c699a9bd332ca8,False
leakage_sensitive,1276,opencv/opencv,2023-05-27 09:24:11,bug,bug,9bc190ae4f54d3470af09a0b12438cd85f2dbb93c2af6c8a4ec850c6ca1ed27a,False
leakage_sensitive,1277,opencv/opencv,2023-05-25 19:33:02,bug,bug,a60ee1e1d281c01bf213c3cf99411a04b6c8c7326fd394b2d1512e16f05dc2d0,False
leakage_sensitive,1278,opencv/opencv,2023-05-24 13:18:06,bug,bug,221c37389be1f4f53555b07d97edcccdd4e62796f02113323a52c5e3a824b6eb,False
leakage_sensitive,1279,opencv/opencv,2023-05-22 12:30:43,bug,feature,d9765964b8c1da293b9e0be263cf9f1f57b5d6f165ffb8b4789c50cd49789c98,False
leakage_sensitive,1280,opencv/opencv,2023-05-20 20:31:40,bug,bug,c942771577184c6dcc20a3472ec8ac63c4ff07dc0696b53166c89771c5250749,False
leakage_sensitive,1281,opencv/opencv,2023-05-18 22:43:07,bug,feature,14a5366d748a47432a72c94e1a7726fd75f7b21d5dd69d9d0423bbad00974606,False
leakage_sensitive,1282,opencv/opencv,2023-05-17 21:20:31,bug,feature,dd1e8480de50c30081adcd0a5d1f3b5b16269646d9f74d28af3116b2d945531d,False
leakage_sensitive,1283,opencv/opencv,2023-05-17 08:10:21,bug,question,9b9708d51447e2b13ae53215487e3e7cc72184fd44e9987d7a22ea4381496021,False
leakage_sensitive,1284,opencv/opencv,2023-05-15 17:02:38,bug,bug,2fdfee1941f4c638b99af3d85a95ad4572b0397b5372b7eec69e1e3a740c88e3,False
leakage_sensitive,1285,opencv/opencv,2023-05-15 15:52:43,bug,feature,4a078eb17ff63b67ee6316e6e11a3fdecc891ee4f8f5faa58d2d8dc394b9e80c,False
leakage_sensitive,1286,opencv/opencv,2023-05-14 20:21:53,bug,feature,c9cbee649cc5064cea212ceebad01d68b17f495bb472e500e92cae341ef51698,False
leakage_sensitive,1287,opencv/opencv,2023-05-10 22:33:42,bug,bug,a7f76bc7460ee69d675426a6ccc8f9bb70c237f475fea0a7a7086c611689e688,False
leakage_sensitive,1288,opencv/opencv,2023-05-08 16:58:42,bug,bug,7ae7c98e6ff8c55876cba379ec117460e14b3585cd6ec3eae527c3c4b226fe19,False
leakage_sensitive,1289,opencv/opencv,2023-05-01 22:31:37,bug,question,e2822d5cc0040f7fe2d84fafd01f85655b10625448aaba2d713294ee6c7e0c74,False
leakage_sensitive,1290,opencv/opencv,2023-04-28 09:35:07,bug,bug,06297b35dba7092fec4c9f34c6c5fe00ca173accf62ca039b163f27c5b750f6b,False
leakage_sensitive,1291,opencv/opencv,2023-04-28 06:22:31,bug,bug,2d84a5877034c7aaa177ee0852b7e5e8fb16c85339b4a2d1af97807a94300ba2,False
leakage_sensitive,1292,opencv/opencv,2023-04-28 00:34:05,bug,feature,0fe0b00ccb6738792bd88b32d1c797d4c24abe58537ab2f30df96ea734daad40,False
leakage_sensitive,1293,opencv/opencv,2023-04-25 05:27:28,bug,feature,bd3652af56344405f3901dcc755cbe1ec3117ef6e0a21d78712d0a20a941961b,False
leakage_sensitive,1294,opencv/opencv,2023-04-20 02:58:57,bug,bug,a1857acefc132c1609ded33fee0b68b95dc372cd784d4dc84a20eccc19dc565d,False
leakage_sensitive,1295,opencv/opencv,2023-04-19 16:01:17,bug,bug,c3cf1eee2e530dc7de207c1c0e493b75758ec556b352a89f8f1947d3f2470b1c,False
leakage_sensitive,1296,opencv/opencv,2023-04-19 12:04:18,bug,bug,cb18e53a7667a56a23b2aa05ff916a4818ed98ecbb03b6eabfd06ab554f3352d,False
leakage_sensitive,1297,opencv/opencv,2023-04-17 18:56:11,bug,feature,f00d35ae054d561d28eca2ab0fb6bb4c95d0a8ed3522a8f4c900764c95c7a4da,False
leakage_sensitive,1298,opencv/opencv,2023-04-14 12:52:32,bug,bug,8358d2b0f92460882265417cfad3a247aaec52268a31da781dd4bfffa99fab5a,False
leakage_sensitive,1299,opencv/opencv,2023-04-09 12:35:59,bug,bug,15d44bfe4e930a177e8058b492e935b7916bea17ef7eff2ed517d7634820bdf9,False
leakage_sensitive,1300,opencv/opencv,2023-09-23 14:01:14,question,question,89e0be5d1f66ca3aca472d5e67ae36b3a649b132cf06d8e0a8a6225750805ee3,False
leakage_sensitive,1301,opencv/opencv,2023-09-19 02:03:14,question,bug,5f379aec2ba0acb866087b158f036baac2d8eeca116181d3af8bfaffe81376e4,False
leakage_sensitive,1302,opencv/opencv,2023-09-18 09:55:52,question,bug,e4c8c88b84dc0eb05f6b3f262430e2bdb1ba35ac74c6f7bb383b23f318d9d224,False
leakage_sensitive,1303,opencv/opencv,2023-09-11 09:50:20,question,bug,740b1d734ccad92efbe7d8a886518c879a58a6039979da3f889503689337e521,False
leakage_sensitive,1304,opencv/opencv,2023-09-06 06:59:31,question,question,6dc5ce48a878b9fd4404a73e2c09f2a73fa81bed2139de51d16deb26e0687a5a,False
leakage_sensitive,1305,opencv/opencv,2023-08-27 21:14:53,question,question,3ecbe8f6120605a165df5ec3317fdf9512bda4d2de8f3e3d6f93d8863d480c26,False
leakage_sensitive,1306,opencv/opencv,2023-07-19 07:58:04,question,bug,bdeea57bdc86164f83e975462067adbd015658952cef617ba70bc66a03c6530d,False
leakage_sensitive,1307,opencv/opencv,2023-07-11 01:20:51,question,bug,384472b2f22379b9a3035555c9823563097ede534457e941583ab363aaa3652c,False
leakage_sensitive,1308,opencv/opencv,2023-07-04 20:12:34,question,question,e4f1569a7c3eb838d311a62c7c4e14dc51abec1eceb9fd8f7d54a47e8495e3b9,False
leakage_sensitive,1309,opencv/opencv,2023-06-24 14:58:36,question,question,d9fb3ceeb72e79b5fed4999bbc41f616b868390cb51c8efbc2c968c4ddcd40fb,False
leakage_sensitive,1310,opencv/opencv,2023-06-22 11:09:28,question,question,204929112c0f32dc20139cac1715183ac4fccada7087de35414c6fc80bc9a738,False
leakage_sensitive,1311,opencv/opencv,2023-06-09 15:11:17,question,bug,24093a36dd85c6cd1d77763b9a938668f882c4d27c035888ee9089937e28ad27,False
leakage_sensitive,1312,opencv/opencv,2023-05-31 08:45:54,question,question,d661e1df0adea28dcdbec0c01adfc0c6f299147e19cbc14f71d69a36c6dd6504,False
leakage_sensitive,1313,opencv/opencv,2023-05-23 10:03:44,question,question,8647d4e8ab39d0b8cee279a99eb8109137c0d5269750f8aefef6239dc0853106,False
leakage_sensitive,1314,opencv/opencv,2023-05-21 19:39:31,question,question,be9109d55427f740da8ce30a143065a5279c50cad8df7e0d8f02b5e35f20ecaf,False
leakage_sensitive,1315,opencv/opencv,2023-05-18 09:45:53,question,bug,4a84dcb79396344132217ccbb3be8b88cd1ce9c9806fd517fd2d04518305208c,False
leakage_sensitive,1316,opencv/opencv,2023-05-05 08:20:58,question,question,0aed7a1ef1b751fece490b005d105986e3e5c1ef5d058660e65c0792f29b7cc5,False
leakage_sensitive,1317,opencv/opencv,2023-04-20 08:15:20,question,question,fca502741d7957460a75f679dd8c93a71e4fba6b0cf27db2b5b5b2c573d03c4b,False
leakage_sensitive,1318,opencv/opencv,2023-04-05 08:34:59,question,question,fb61f2bc8fac5261bcc76a438ff4cc2b9f398d750ff18c0c002b63421db3863a,False
leakage_sensitive,1319,opencv/opencv,2023-03-17 17:40:15,question,question,9c221bec3230e8fbb1887512a3ff3f7e8d43cc38a6ac706bdbe6219fc1757bcb,False
leakage_sensitive,1320,opencv/opencv,2023-03-08 13:50:04,question,question,3f1e9f8519b65bda4b91dc78eb078e940b2b60f305d81985b643b623d6f3e808,False
leakage_sensitive,1321,opencv/opencv,2023-03-02 06:15:04,question,question,b8733b60c8c741f6cc5d4a7a02d37cd26ee732ca70b6238ee86aee04d46a96e0,False
leakage_sensitive,1322,opencv/opencv,2023-02-11 10:09:14,question,question,aa4972205edf0f21746c812732c571cb042af80c7fb5fba415301638429c79da,False
leakage_sensitive,1323,opencv/opencv,2023-02-04 18:20:42,question,question,b7979334f0b48f37b3afea224426b1f268b00f70cfa74724b2c93cc272229dcc,False
leakage_sensitive,1324,opencv/opencv,2023-01-31 14:38:46,question,bug,54fbec853985ee91462ad2cd1a06277f38e664badea265d539e6756202c02f0d,False
leakage_sensitive,1325,opencv/opencv,2023-01-26 19:19:37,question,question,eed7372dc344f81abf2943c46ac1c9fd3198afa7036ad6cd87a2cce3991da60f,False
leakage_sensitive,1326,opencv/opencv,2023-01-20 07:46:58,question,bug,b9d4c5a5835c10c034a6bb4b37bed59e6cbbe7a31eedbce9d30bf30d31096920,False
leakage_sensitive,1327,opencv/opencv,2023-01-06 08:09:40,question,bug,87c10f41f8e243b65fb4938082827ded27a845cb5fd643d3dc2e39760f78434e,False
leakage_sensitive,1328,opencv/opencv,2023-01-03 14:31:21,question,bug,82936f6cdc83448fdea5a6f74f73544af2a40a3262f8ae715ef19782bbcb4b28,False
leakage_sensitive,1329,opencv/opencv,2022-12-30 10:01:21,question,question,b6ab253f59703fa3c482814f66e0e2f71ea28213ca447c8c70fb4f08236ef797,False
leakage_sensitive,1330,opencv/opencv,2022-12-28 09:41:30,question,feature,676f4bc40d7971203b06e2a2cb7dd0b9ea294491b90edb5e178d0d4445e974b9,False
leakage_sensitive,1331,opencv/opencv,2022-12-25 03:05:43,question,question,c5b8a0bb3510d301b4c58ac1837ed58248910cfb72f315af3c37cbe0b9b55470,False
leakage_sensitive,1332,opencv/opencv,2022-12-22 10:24:20,question,question,b248f62fbe6a2b81235c6b260e569dcdd29bb8bfaa2c6a7ee1467f04cdf612f9,False
leakage_sensitive,1333,opencv/opencv,2022-12-21 02:37:23,question,bug,6dedbcd958f77f48025a97016bb63fafb5bee6bf87349d2794514c865886bcad,False
leakage_sensitive,1334,opencv/opencv,2022-12-17 06:56:16,question,question,661aa17a3a0861a5534fe921df984c27409a61008060e6600c2f6805a3ec22b7,False
leakage_sensitive,1335,opencv/opencv,2022-12-05 06:49:46,question,bug,f6c4a4329aa2dc7770ded5bd843d66e1e30be77eeba8fccd84571fcbe4e74415,False
leakage_sensitive,1336,opencv/opencv,2022-11-25 05:05:22,question,bug,025c160bf3c9d8ea679f585ccf714e6f50b45ab53845fdbad44a00817135c7d6,False
leakage_sensitive,1337,opencv/opencv,2022-11-16 09:17:30,question,question,7b422d7fafa9f9d7854b8222322672ca6e5fbc53f942b0e1050789e3b2c05bd5,False
leakage_sensitive,1338,opencv/opencv,2022-11-12 10:20:51,question,question,7c828937523d0c24ba4b0003360aeea09844b06c7be3a4edc4f3e4a47eb1e85d,False
leakage_sensitive,1339,opencv/opencv,2022-11-09 02:52:26,question,question,117146ff945d9e0fc3513801cee0e5066f9fc8590bc8693d234e55ff9ab76863,False
leakage_sensitive,1340,opencv/opencv,2022-11-03 16:02:27,question,feature,ccd50305f4e85ab5659aa270234ca0491bbc835c3f405d64d8a7ce1a5fdf6325,False
leakage_sensitive,1341,opencv/opencv,2022-10-27 09:35:09,question,question,7acd685c751d4b956f8c3ac55c0e2895d0d3ed3ad164aa5cdd129e34e6fe4b3c,False
leakage_sensitive,1342,opencv/opencv,2022-10-21 05:57:16,question,question,435f6738f51df77303d82ff575319e114b04b0f9b66fb5285f77f6d15c9a9382,False
leakage_sensitive,1343,opencv/opencv,2022-10-19 18:09:04,question,question,a7c5f7cd012680d78a02ee1dbf0c55f97cfd09a571b87197176e55a42e96edd6,False
leakage_sensitive,1344,opencv/opencv,2022-10-16 18:17:38,question,question,0ed7208f1870ac7ff26394c38392b6410640a1ce4381ab7432821f8c314458f2,False
leakage_sensitive,1345,opencv/opencv,2022-10-06 07:50:43,question,bug,f0510a54fb7f16595162c700389e50176b62774eb631614d3163895c648c2c4a,False
leakage_sensitive,1346,opencv/opencv,2022-09-23 07:55:32,question,question,53feb8ec3e01f46c4103465f3aa1d1233d293aa06a338ac496e860b2c31d7e63,False
leakage_sensitive,1347,opencv/opencv,2022-09-21 02:07:13,question,question,84d7461aa009b8ffc08e118ba7b9346e13351a3caab38a3c1fb2a25858e468f3,False
leakage_sensitive,1348,opencv/opencv,2022-09-11 18:00:43,question,question,bacad456a06faee001e0998820b5c926a73c078bdd70bcab559efabbb75903f5,False
leakage_sensitive,1349,opencv/opencv,2022-09-08 19:37:59,question,question,cf05e2d44fa8ad4a0c83d450abcd39765face91be1fe0c55e3b9eebae7fcfaea,False
leakage_sensitive,1350,opencv/opencv,2022-08-31 03:57:30,question,question,0263f8a695c26e6f6f182cd1443c6aaa8fd38483df2bf26eacba02f0301b908d,False
leakage_sensitive,1351,opencv/opencv,2022-08-27 05:43:31,question,question,aff216b7d9f18ee9be3b759dfb9eb083f72c70bb5882ef5ce3fffdd38e2b112f,False
leakage_sensitive,1352,opencv/opencv,2022-08-23 07:25:00,question,question,eb8c8c237d185e5f6f24a563566d59e97599f582bfa302ca2b8a4a5cf8ea0803,False
leakage_sensitive,1353,opencv/opencv,2022-08-16 19:31:10,question,question,017794994e5d620abce52927609103addacdd14912bb48864c2a4b1836e30cc6,False
leakage_sensitive,1354,opencv/opencv,2022-08-15 07:58:47,question,question,f3278e18131e9dc9c8f3bed091b290aa13831fd16b052862c1af126c08dcf893,False
leakage_sensitive,1355,opencv/opencv,2022-08-06 06:03:44,question,question,c0e6da05407a865e29f538c365f2d61ea1f9646d9e189f38fff4a59b85298b1f,False
leakage_sensitive,1356,opencv/opencv,2022-07-29 03:07:27,question,question,b99f49bb8a6344ce74601999030c9bbfed6b920893b188b013ea408a58932c19,False
leakage_sensitive,1357,opencv/opencv,2022-07-25 08:19:17,question,question,2dfdf7aa8903b9a23f8587f86f09af46a9c599e6bfb41b37b68c14e15eea3cdc,False
leakage_sensitive,1358,opencv/opencv,2022-07-18 22:07:10,question,question,fa9a775ac647ccfce5043f22201adcce304c92894c0f208e94dc72f3477eb0ec,False
leakage_sensitive,1359,opencv/opencv,2022-07-10 01:27:37,question,question,c96948e90ef19ddb0ba27191cfa1a34374d421e947def7a59738af21969d9d8d,False
leakage_sensitive,1360,opencv/opencv,2022-06-28 05:34:32,question,question,0dc688384006b87dd2f8d037ae2a07d41dd990c22d36f99666c6a1a02a3d7f81,False
leakage_sensitive,1361,opencv/opencv,2022-06-24 11:38:57,question,question,636a4c310996eb76e71154c6879ff2805dc707184f4e510baf3dae850dfb7551,False
leakage_sensitive,1362,opencv/opencv,2022-06-21 15:02:34,question,question,3ff2a72eb427f8cb0bdc050be256f735d7bd5b881cb2db2254ccf8b4c9462132,False
leakage_sensitive,1363,opencv/opencv,2022-06-14 11:13:13,question,question,79f271d31c8ece885fb3ced8a14dd2f86fe7d7c64ed88ae855db50f4eeff02a8,False
leakage_sensitive,1364,opencv/opencv,2022-06-09 12:51:55,question,question,341995e63515b8f0627a18bd01a02ce62eb14b51241297467cf2226ae165cc38,False
leakage_sensitive,1365,opencv/opencv,2022-06-07 12:07:59,question,question,58b9fb3160c0bfec6eff1245f474b7ef7ee27ab918d1b2a38ae33a460378e8bc,False
leakage_sensitive,1366,opencv/opencv,2022-06-02 06:11:03,question,question,81d9c48ae79b37c2184e1f1d92f0b48470487403a800802ccd319386646bdd8e,False
leakage_sensitive,1367,opencv/opencv,2022-05-19 01:45:50,question,question,15c53a4543ed40d3ce964693e90fe64e04b2b5d570ed3af542f41374e0eb32b6,False
leakage_sensitive,1368,opencv/opencv,2022-05-17 02:53:44,question,question,72c663d89e92c37e2b5e9c13edd6e744de4b4c482eb64b4ae96de82a1f29cf5d,False
leakage_sensitive,1369,opencv/opencv,2022-05-14 16:12:17,question,question,89b29d0a07e893be3f152cad6d8b19f9879ad726c44b33f9cb204a04e117c594,False
leakage_sensitive,1370,opencv/opencv,2022-05-08 16:13:10,question,question,a8dfc067853c6ee7dc59b1aa07caa4ed0597c72e8d62ed9c03b174ecded9be9e,False
leakage_sensitive,1371,opencv/opencv,2022-05-07 05:36:32,question,question,2f03f63bd4cb2df70f305cd6a9436762d70ed9e12269b413dc004a84b76e773e,False
leakage_sensitive,1372,opencv/opencv,2022-05-03 14:10:45,question,question,37965dd2d5a3fe20a53f0824bd777046d55ae375c6e5898e4841d77fc4760478,False
leakage_sensitive,1373,opencv/opencv,2022-04-23 15:20:08,question,question,47b84ac63080e70d2f8b895578203a21cec88552b3281b523399e447b236d4e8,False
leakage_sensitive,1374,opencv/opencv,2022-04-20 12:11:28,question,question,17d5d662ecd3b104a7608745bfa6b80bfd2512031ee22511b72762855ad0437c,False
leakage_sensitive,1375,opencv/opencv,2022-04-14 09:12:11,question,question,da2e955a0ee472cd3accd61f5ec8c49f9df3d2709988234a6260c961e0969934,False
leakage_sensitive,1376,opencv/opencv,2022-04-13 20:00:00,question,question,6665f4e3901aabbda87158a10055167083b272913754e8e4b63d2ad00c328260,False
leakage_sensitive,1377,opencv/opencv,2022-04-11 02:55:58,question,question,d72cb7de75a72ba0a9fef1e00e481db7a13ba67a2780907ecef2f8f86d184eb5,False
leakage_sensitive,1378,opencv/opencv,2022-04-04 10:34:20,question,question,153f042bc313b9c7bc94036d2317f8acacc71ab2244e4332d358b22e380f4c50,False
leakage_sensitive,1379,opencv/opencv,2022-04-01 23:52:25,question,question,04e5e7951d8d216b58e4c6272b9493acb2951e618a51423e26dee882620174a7,False
leakage_sensitive,1380,opencv/opencv,2022-03-31 02:27:06,question,question,2486793854601495001fd715e8c33f008048f5f88969bfd668904c6f9429706a,False
leakage_sensitive,1381,opencv/opencv,2022-03-24 18:29:40,question,feature,65800a8687ad6e247bebfdbf6d289bd1c6814b54b396f74b529ff9353924bb48,False
leakage_sensitive,1382,opencv/opencv,2022-03-17 18:11:44,question,question,654ae48159c98c01e707b2b1a083f02f55ad8a44265bd8719f02c2be5bc6de6f,False
leakage_sensitive,1383,opencv/opencv,2022-03-17 06:55:53,question,question,46adc5f81685e64630f6c06a57a9c7349806c76c02fe86500c9e40e742a0920d,False
leakage_sensitive,1384,opencv/opencv,2022-03-15 14:12:12,question,question,e9dc0f887cfd77a313ae37f6da4871cc5b67b7d0255384b07567f730c139b5b6,False
leakage_sensitive,1385,opencv/opencv,2022-03-12 13:14:20,question,question,e51366b0e40b78affd2eee757febdd6d0aea16632c576e2f4f3a4cc5c19a84c7,False
leakage_sensitive,1386,opencv/opencv,2022-03-07 09:59:40,question,question,2cce0702eb5de923537861a92b0478d7f6bcf201fd0da6116c0642b98e1fe538,False
leakage_sensitive,1387,opencv/opencv,2022-03-03 21:24:54,question,question,b012093368b0faf0950e4368bd0e1f086d58f38ae68fb4813c83ee5571a15d47,False
leakage_sensitive,1388,opencv/opencv,2022-03-02 14:11:27,question,question,325db4e6d5fa4cc6df0037cc80ae73d15e067eefb85a58d68ea539e1666ea42a,False
leakage_sensitive,1389,opencv/opencv,2022-02-22 07:03:40,question,question,e4ce970575223da124bd07b9163f44dd9ebc8c7c97a816fb4716ff3a2444e774,False
leakage_sensitive,1390,opencv/opencv,2022-02-15 15:39:00,question,question,a24aa645ef30a099b1c2eeca9ab44808a4be5dae11ccdb4ecd0940da67244dc7,False
leakage_sensitive,1391,opencv/opencv,2022-02-09 04:54:27,question,question,360bd9a06a53b686bc84bc6611b809fd5ea4aecf9719bd84bba7cbfecb508d2d,False
leakage_sensitive,1392,opencv/opencv,2022-02-01 20:08:21,question,bug,ecfcb6c86c58ce1d875a55364fa250dccda598aab546c203e82c69aebbc4dc8c,False
leakage_sensitive,1393,opencv/opencv,2022-01-26 03:41:00,question,question,2b7157e4e434b87f90988a55e802b62a2fcfd3929c221a1f9e97e8f27679215f,False
leakage_sensitive,1394,opencv/opencv,2022-01-24 03:26:21,question,question,dbae9252def01df27197df37dc9ad96d74776225c8a5025e7b0e699ac2bb23e8,False
leakage_sensitive,1395,opencv/opencv,2022-01-14 10:08:24,question,question,85be76eb56c3c7fc549dbc1ac0f612238e36d369b701a6f9edf1024cad0fe837,False
leakage_sensitive,1396,opencv/opencv,2022-01-14 02:35:01,question,question,8df288ce5f013b4868c28f3d6b3da465f6e04fb42bcc8d8e49c6d36368161c5a,False
leakage_sensitive,1397,opencv/opencv,2022-01-13 02:00:48,question,question,3cf379aff084c133291a53b5e7901ff85419e27f0995a7200a3747a36b7604b1,False
leakage_sensitive,1398,opencv/opencv,2022-01-06 18:03:39,question,bug,8a8739b3bcd4be0921d0a01218073189380f9224f8d41c200f9d3dc5b96ba177,False
leakage_sensitive,1399,opencv/opencv,2022-01-05 09:19:59,question,question,f5a4d152af38f4de329ae7d8602f4b75415d7e8c63d424d1be19261bbcd74d9a,False
leakage_sensitive,1400,opencv/opencv,2023-09-09 03:35:34,feature,feature,d398032d620db36d61f94bb8ab654bfca8eff0938766a12b605dc96d29efed38,False
leakage_sensitive,1401,opencv/opencv,2023-08-15 09:17:43,feature,feature,2b868a1001d3a1150322230d4299d8674e25043634fa081ffc55bd3958c8e796,False
leakage_sensitive,1402,opencv/opencv,2023-07-26 11:52:21,feature,feature,45443850e5189ac1577ad970f3d31f84061087c78a4a7a5a6621108144b0dd67,False
leakage_sensitive,1403,opencv/opencv,2023-07-19 14:22:37,feature,feature,be505a9e896e1ff728b5f88f367dae571260cb93f4fd5ddc98047ac490a07d84,False
leakage_sensitive,1404,opencv/opencv,2023-07-11 07:51:43,feature,feature,610d7bcdaa49d5a39fdadf38d176cb7e5bb92c8cfc478fcc51d15b8f1480cede,False
leakage_sensitive,1405,opencv/opencv,2023-07-01 17:18:55,feature,feature,0ce5a8272e367f1ced372a5d75ccf01a024502e33ca3bc69268524b0e7f6abbd,False
leakage_sensitive,1406,opencv/opencv,2023-06-20 10:23:15,feature,question,8776f17be4713844d267798243deec59f91806c3af93c2239064b1b8c7e6add7,False
leakage_sensitive,1407,opencv/opencv,2023-06-14 11:25:35,feature,bug,39fddf4e43298f68296294711ea320b32eca1f29a4150d16fdd6091f84c01c41,False
leakage_sensitive,1408,opencv/opencv,2023-06-10 19:07:48,feature,bug,13f8e2998e5522bd95f4bdfe4d8b1f3223a8ce12a58d80b4f06f1e68b4a80eb9,False
leakage_sensitive,1409,opencv/opencv,2023-06-07 11:46:46,feature,question,08fb73af8968c8fd6af7e61cca7ca604b14fef4d9ca003623813fb86ea2800b4,False
leakage_sensitive,1410,opencv/opencv,2023-06-05 00:55:17,feature,feature,199b3ac49701e99cf502b49ff52e92a5debc7b24638c6337118bcfc5ee53fa8d,False
leakage_sensitive,1411,opencv/opencv,2023-05-26 10:41:43,feature,bug,d85c7b8956ab56cadd6c6c5b796b1656b767ae338af79ad735d079b39bd5eb2f,False
leakage_sensitive,1412,opencv/opencv,2023-05-17 14:24:16,feature,feature,8fcd9c2e1ff8b56c1e36ffb9ced0c7e712b6c9a92d0e3d69e93d6cd599aef01a,False
leakage_sensitive,1413,opencv/opencv,2023-05-15 11:19:53,feature,feature,bd380ebe89cf908dc4ec041da726c72d4d8ddeeed5db8e3df515110a4b72bc67,False
leakage_sensitive,1414,opencv/opencv,2023-05-11 07:28:52,feature,feature,7d7bf0c9685140cabb6be4d3c3be30f7021abf7e2b3598411b8ac0363d8366a7,False
leakage_sensitive,1415,opencv/opencv,2023-05-09 12:52:44,feature,feature,77963b5e2dad8172790664446aaca819ea99330bee3f6a93bb352bc00f9b8e64,False
leakage_sensitive,1416,opencv/opencv,2023-04-19 14:51:39,feature,question,7ad4bad1ef8091dafa2d9f1db07549783873308bb2ea62620a78d0cf153e5e17,False
leakage_sensitive,1417,opencv/opencv,2023-04-10 09:56:28,feature,feature,49f8a854e807b28fe3e73a2451404b55116988edbeb9419dc85775a239ca859d,False
leakage_sensitive,1418,opencv/opencv,2023-04-06 06:14:53,feature,feature,498bbfa088e127544bf0b0ba66d01cf8a2851135e50e4f96fd62ba5d7e141f48,False
leakage_sensitive,1419,opencv/opencv,2023-03-29 13:16:37,feature,feature,d9358c88aef91b8e782e76192b4a96c8c69b3fd3f50e612032015f5a1f279693,False
leakage_sensitive,1420,opencv/opencv,2023-03-24 10:48:01,feature,feature,40fa24433f0c21972707f2c73d816098e7b47d42245aeaf7e277309e2cfa18fb,False
leakage_sensitive,1421,opencv/opencv,2023-03-20 15:13:31,feature,question,13a95cdc2b8d58ec05e3b1ce08a2772c26bf3ab0cd9a2aa037d654872f84fd5d,False
leakage_sensitive,1422,opencv/opencv,2023-02-24 14:51:05,feature,feature,dde8323baf51d7641daf18371bbf2d0fc3cdf84812589063a9d41c7280718818,False
leakage_sensitive,1423,opencv/opencv,2023-02-18 22:23:53,feature,feature,9b88c83d837ce5013c6c47f1cc85cfa78f87c34266582a1505f4797affa72430,False
leakage_sensitive,1424,opencv/opencv,2023-02-17 01:31:03,feature,feature,20fe88ffb2f2666c470e9364b66bb76e7b3926856c8dd6c8c71104daf6e3382d,False
leakage_sensitive,1425,opencv/opencv,2023-02-10 09:51:43,feature,feature,c8b82a01c2805a0d1bec85d7fb4874a8de14b148bad0428fd59abc9ddf9a4775,False
leakage_sensitive,1426,opencv/opencv,2023-02-04 16:15:04,feature,feature,91e13997c21e1bbe27ef1ef4c12cd84a217f147c02057a90b6ddae50a7bada55,False
leakage_sensitive,1427,opencv/opencv,2023-01-30 13:26:05,feature,feature,b9a175957c65c23d1e267ea4b3188739fe077669e6570a5a8810af64588c7994,False
leakage_sensitive,1428,opencv/opencv,2023-01-23 13:44:39,feature,feature,eeed1ecec16dd6ffe8ddd6bc404223d1ffe7132458d32d236694852f3d0df075,False
leakage_sensitive,1429,opencv/opencv,2023-01-19 11:28:30,feature,feature,c106294fce16c86da35a391d3a0464b8eaeca2c8dde2938413728f2ad33f1ffa,False
leakage_sensitive,1430,opencv/opencv,2023-01-16 02:02:24,feature,feature,2ae2bb2b4a062d29dc0dc77d9849acc076e3f976a1265a8801273d2e363fc49e,False
leakage_sensitive,1431,opencv/opencv,2023-01-07 14:39:37,feature,feature,6919eb534c5b9ecdd7001ac80fdcb8e3dfd3dce45a211d68db2196594c6add84,False
leakage_sensitive,1432,opencv/opencv,2023-01-02 17:21:31,feature,feature,87f8c13d5482bc2201c7043010fddf0fa6891bcec5723d667b1b302934a94de9,False
leakage_sensitive,1433,opencv/opencv,2022-12-28 05:52:48,feature,feature,14aa2e2bad2604d1ff5c7dec0040ed1aad8cbb66093e2dc2b9118fd23a8c35a9,False
leakage_sensitive,1434,opencv/opencv,2022-12-14 08:24:53,feature,feature,da22c41e24639ea22eba28f04b72453cfa7bd99097b0f316a6d15fc2a22ee449,False
leakage_sensitive,1435,opencv/opencv,2022-12-12 10:38:30,feature,question,7460d7677c4f12ba7dbb2a5d03f0ad764b9c90d1c0e6e36aed4059aa977e140b,False
leakage_sensitive,1436,opencv/opencv,2022-12-07 13:41:02,feature,feature,ee3e894ffdd05cd499dce5aca5c4b747f0ccd0bc1a452ce8590bbdfbc6502659,False
leakage_sensitive,1437,opencv/opencv,2022-12-05 09:14:35,feature,feature,0cd9ce27605901eee10e04e35f423d25ed9b7720c3db62319e02cec85ee0ce5a,False
leakage_sensitive,1438,opencv/opencv,2022-11-30 22:58:03,feature,feature,2071a52924fcd3a932a84a683452eba2b26467afcfbbfc6eb093493704095128,False
leakage_sensitive,1439,opencv/opencv,2022-11-27 09:37:48,feature,feature,87afec37acdbbe17d76abe6fc2d666e29f9e2bf24e7e6d5ead46eb74de6e151b,False
leakage_sensitive,1440,opencv/opencv,2022-11-27 00:37:10,feature,feature,8f1d01584590d3682dbb1f4fc59a7cc18d106c3d7326727cc36773f898ac6065,False
leakage_sensitive,1441,opencv/opencv,2022-11-24 02:23:02,feature,feature,1e4dc79881a8e154dd6335b9a47200039a856ca7c26c98dc377377e96ffe386e,False
leakage_sensitive,1442,opencv/opencv,2022-11-22 23:06:28,feature,question,53f08b950e802d65a7a365efa6f1ac95c0f77fac6752ba17bb86c1e18ce8f9bf,False
leakage_sensitive,1443,opencv/opencv,2022-11-18 03:47:37,feature,feature,2a1b7ba19eca431cb8b8d4d87762fce81bcb2842c4f519f33cf0b31ac8d94d46,False
leakage_sensitive,1444,opencv/opencv,2022-11-17 01:45:00,feature,feature,dd9bca2c262c9e3cab94ef5162f53459ac79e6ca3411c216686a18e775f705a8,False
leakage_sensitive,1445,opencv/opencv,2022-11-15 06:34:12,feature,feature,c707ae5ec6a419f5cd262b63bdd8566cda7cf529530e10c1f006e7c5147907fe,False
leakage_sensitive,1446,opencv/opencv,2022-11-11 12:23:42,feature,feature,7fff5878dcf77dc934bf934c2b8a28edd5219d524f2f95b8805857e9bd3926ae,False
leakage_sensitive,1447,opencv/opencv,2022-11-10 14:03:56,feature,feature,e76e7481ce489f3912a43ef4801a3894e385939c26e091f5f45f8531986baf50,False
leakage_sensitive,1448,opencv/opencv,2022-11-10 10:57:12,feature,feature,0b58581b3a46fdf8f2fd406d12e9b5cf2a06f8ccd4fafa7152a1897f594ce564,False
leakage_sensitive,1449,opencv/opencv,2022-11-07 08:11:17,feature,feature,6585dbf213cf4e1d923b7eb721c24b9089dcf2bee58d68c1e97da406b6f751bd,False
leakage_sensitive,1450,opencv/opencv,2022-11-04 02:56:26,feature,feature,65e34f07c225bd65e1a2709ce3aa5175b8bddfed35efad092725c5961db6481c,False
leakage_sensitive,1451,opencv/opencv,2022-11-01 07:55:16,feature,feature,357d3654656f418a9a1c9747bc450f33a52d617d23bc35c4c99cbab6c945f3d4,False
leakage_sensitive,1452,opencv/opencv,2022-10-27 00:41:29,feature,feature,34233e224bd44478cb33d5c921c348aca1e291e6b1f1249975e60ededa28c43d,False
leakage_sensitive,1453,opencv/opencv,2022-10-26 21:57:42,feature,feature,d5245cce02ab01e35eb71a5cd91b629745ee468eb33741cb6f42e30247463e47,False
leakage_sensitive,1454,opencv/opencv,2022-10-13 09:36:02,feature,feature,965d56217d944a5af3a1fb9af3d75056a6f00949777cd5a63fdcb027e90968b9,False
leakage_sensitive,1455,opencv/opencv,2022-10-08 06:47:08,feature,feature,b900b5787d362b3f2f3e82e39f27915c0209ef283c311a44685dffb38ada1a05,False
leakage_sensitive,1456,opencv/opencv,2022-09-27 04:29:37,feature,feature,629870e241ef16c6eec960e7d06d80ec21534675bdd48913d759a8df3a3cf540,False
leakage_sensitive,1457,opencv/opencv,2022-09-23 13:23:08,feature,feature,f4b64e4939596aef02bb0f9d41e9cec06f1bd62207a7e046c79de4479f183f8f,False
leakage_sensitive,1458,opencv/opencv,2022-09-15 11:44:17,feature,feature,11c678b1109990a2f4db224657e49a3339b8f70c0cf3943cfc2a25d834c9b429,False
leakage_sensitive,1459,opencv/opencv,2022-09-12 14:19:38,feature,feature,a38fd5ec2cec9c1e3662b5c2745beb9f9c08119fdcc9081b1edfc15f7c8b2691,False
leakage_sensitive,1460,opencv/opencv,2022-09-11 21:44:24,feature,feature,4792aca5025a78848dfc88c7f89cf30a2c31b41d4980f7da65c7bb6b843681e7,False
leakage_sensitive,1461,opencv/opencv,2022-09-09 14:40:17,feature,question,5b1ac665a49b14b3a2a97d373c9dced427e3e415a2cbb83915196f66806597e4,False
leakage_sensitive,1462,opencv/opencv,2022-08-30 20:57:27,feature,feature,d1fdceb4ff5277947861a4537ca6b1839693082e4e8d09c785cb937874420c1a,False
leakage_sensitive,1463,opencv/opencv,2022-08-26 08:09:17,feature,feature,386e7466ad5023ae321941de20e9bb474e0dd9f5faca4bc187220b7f04599f12,False
leakage_sensitive,1464,opencv/opencv,2022-08-21 19:20:57,feature,question,81546aa3fedae9f96f0f9efc802ee79d47fe4c47438c281eda0022c7120c5a92,False
leakage_sensitive,1465,opencv/opencv,2022-08-10 11:58:44,feature,bug,8547e4af8ff27434d695f80ae4365603c02be0230f159eb9c0d6ed217a045ea1,False
leakage_sensitive,1466,opencv/opencv,2022-08-06 07:01:47,feature,feature,9501ae9c0ada5073af68f8f71268b4178c0370db172627637484c626c59e0969,False
leakage_sensitive,1467,opencv/opencv,2022-07-20 02:26:59,feature,bug,e847d4b91a335d5e56080c75b54341aeb284ff5f4632f1434793d46cdf65a356,False
leakage_sensitive,1468,opencv/opencv,2022-07-14 10:13:52,feature,feature,bd00a203e21d218b436ff2cc6a61c0185b2968c77fa3d260c6714ad52c42bb6f,False
leakage_sensitive,1469,opencv/opencv,2022-07-10 21:12:30,feature,feature,dd0767af87597ac8d12bca68371957435579460f3aec57be4c0a26f2555574b3,False
leakage_sensitive,1470,opencv/opencv,2022-07-06 06:28:06,feature,question,88da2b3b02da5dd573e1b5682b7df7994c31e62f34ee9a3712df399c8fc089fb,False
leakage_sensitive,1471,opencv/opencv,2022-07-01 01:05:25,feature,feature,337d5a2edc04cdf35e1bbf5c5b675148fb15938c58ad892065ae51ad58fe8044,False
leakage_sensitive,1472,opencv/opencv,2022-06-27 07:58:24,feature,feature,1a33b4d5e7ce1db6d34b2d6dac8c0041db3fc0d935b16669e9e06fa12078ea9b,False
leakage_sensitive,1473,opencv/opencv,2022-06-22 12:10:01,feature,feature,87f3ef23bcf0e10ada698dabcb729a32b7ea3a80c164fb6598d21af50623e64d,False
leakage_sensitive,1474,opencv/opencv,2022-06-20 13:43:00,feature,feature,46287ab365e105c9ffa641068c24d2237933aaa395ec3bae1ba13ee95f21059e,False
leakage_sensitive,1475,opencv/opencv,2022-06-14 15:34:25,feature,feature,719ba91b9542bef77617cfb78c89455ecc917a0f0d1596cc70daf2d9d2da7a53,False
leakage_sensitive,1476,opencv/opencv,2022-06-03 18:02:11,feature,feature,82e1b63e208525509410709ccbebd0c4080fef4ecb8768e696edff0bdbc321e4,False
leakage_sensitive,1477,opencv/opencv,2022-05-29 22:14:37,feature,question,02f715b2c730565f1dd5bcbd75a1e53ab3226daed66db0ac9cc15c43859bf7fe,False
leakage_sensitive,1478,opencv/opencv,2022-05-20 12:25:09,feature,feature,181e632ebf58893c82aee9c6edd65a1a12e91b923279d3f3fa4f9bc6691947e6,False
leakage_sensitive,1479,opencv/opencv,2022-05-16 11:02:29,feature,feature,53137717314992b85912089ca72713a0d0055950d59bdabac9b3de5b779df8ff,False
leakage_sensitive,1480,opencv/opencv,2022-05-08 21:07:01,feature,bug,ff280aa0a4aa65915d1adb1f8e2dcf26865d5f48e43a6a37fc18b1b41cf9dcbe,False
leakage_sensitive,1481,opencv/opencv,2022-04-29 17:41:41,feature,feature,86b9e32a2ed4f8b8e16c551ca8968194b3acb49987b416c24a5c5d301f8ec58f,False
leakage_sensitive,1482,opencv/opencv,2022-04-12 23:36:02,feature,question,768c03d5719800c88d67640dabfe36b8aaf05002a5784b9c9e8708d505c93599,False
leakage_sensitive,1483,opencv/opencv,2022-04-05 17:42:17,feature,feature,d5ad54aa859d7ddf16773713ae7e2e401259637e9e38efda1955cc764721880f,False
leakage_sensitive,1484,opencv/opencv,2022-03-29 08:56:24,feature,feature,9627a90a0bba6dbc574d9e6a2ed997ff77a42ae9fe48a215ff23ca1d81cb90a1,False
leakage_sensitive,1485,opencv/opencv,2022-03-18 07:04:06,feature,feature,9d74777f876ec12a5d5810e2136031b9b814e14b5cc63bfe91466b9f9deb7e32,False
leakage_sensitive,1486,opencv/opencv,2022-03-17 07:40:25,feature,feature,8f4a428a6b1ae81290b6cbb837d70bd3e1953c26db393968c8e70228fba9ff9b,False
leakage_sensitive,1487,opencv/opencv,2022-03-08 15:59:34,feature,feature,9df6a285dfaa8fdcb5e51d32b43befd4c872f0b8cef725e0947bf7b79aff4a98,False
leakage_sensitive,1488,opencv/opencv,2022-03-06 03:40:12,feature,feature,c49d714562ac813170a85e5bc5d83edb85cc8cd3caff882bca2941c293c769e3,False
leakage_sensitive,1489,opencv/opencv,2022-03-05 07:58:42,feature,feature,d4bf481f7c08f929cd7e765e5c08327d2a260c6492a84c9da4a971d342d3e3be,False
leakage_sensitive,1490,opencv/opencv,2022-02-28 15:20:45,feature,feature,3cfd286d21fa8ac0a130f449220669c6e7e613d7cc729088f77e9260152198b1,False
leakage_sensitive,1491,opencv/opencv,2022-02-14 09:12:14,feature,bug,f22c866889ddbc604eae808b68f620ffff2e8528bfb82148bdf8b08a3632e34d,False
leakage_sensitive,1492,opencv/opencv,2022-01-29 13:47:06,feature,feature,aa362da24d1865c43f48873ed68faf2d7bc4d3db66cf54a4304e9bbd3b86f673,False
leakage_sensitive,1493,opencv/opencv,2022-01-28 08:42:28,feature,feature,e351209c06c1cecef75e99c0028734e4ecec9f3d4a4f221d370523853df86aa8,False
leakage_sensitive,1494,opencv/opencv,2022-01-26 09:00:19,feature,feature,49daad958b99050a8e6934bba1fdbc8f2efc2867f89709b9c69ae9c0f52037d3,False
leakage_sensitive,1495,opencv/opencv,2022-01-22 11:52:21,feature,question,637c4ec62588bf36b510fcc3a66ebdf2f528ec4f293036ac6b8fd728dc321580,False
leakage_sensitive,1496,opencv/opencv,2022-01-16 19:27:55,feature,feature,de62a43452e4f41c5e9f75a4d3608d7240d44aee285cf24aebdaa223063d6c84,False
leakage_sensitive,1497,opencv/opencv,2022-01-14 22:05:58,feature,feature,e05be9b2ff2cebc8b1777766c3654e447542b3dca73328caa345beb2ec4bc373,False
leakage_sensitive,1498,opencv/opencv,2022-01-12 09:14:41,feature,feature,c61a705d757f8daea73da89f36de9fc598308e9b7a5b4dcaa7a4244d02290352,False
leakage_sensitive,1499,opencv/opencv,2022-01-06 11:01:32,feature,feature,29b9616862f429f3c36ddc7ea66fb9a6a20e07d1fb3e52e72d5d17833f23bbc2,False
leakage_sensitive,300,tensorflow/tensorflow,2023-09-05 05:58:09,question,question,9983b537c0f5d105777341e0f9db6f166afdb51ac6e2655052c42cfc983af871,False
leakage_sensitive,301,tensorflow/tensorflow,2023-09-02 18:05:04,question,question,eb889c96e306ce294c59222174c4937f264ce6ec538446bc796f7983a9045b30,False
leakage_sensitive,302,tensorflow/tensorflow,2023-08-24 19:52:10,question,bug,41624719d330c7c3e81c8fab1adefcae6948f95c632971eaa5c90db72d8e6ffa,False
leakage_sensitive,303,tensorflow/tensorflow,2023-08-11 18:32:31,question,question,796806f2ab2bae5e603f939d9473549efa64ee75427a4d1f62f811f1ad4bb245,False
leakage_sensitive,304,tensorflow/tensorflow,2023-08-10 04:03:47,question,question,27def2520eb8173080b8c1eb5fa17440430236f821d196a8366f4039b2ec2e15,False
leakage_sensitive,305,tensorflow/tensorflow,2023-08-02 16:59:57,question,question,e8e6265a5c82ac1c50af2f5aa66d87f2a390b337060d3d398e319a71e7991fa9,False
leakage_sensitive,306,tensorflow/tensorflow,2023-07-28 02:32:12,question,question,5653f888511a6e3ee9acf124bd34158be31f6b82fef0b656fa5ca90d05e8de21,False
leakage_sensitive,307,tensorflow/tensorflow,2023-07-22 11:56:03,question,feature,c5fa88a365b5fea23f2637d1ba93c6b6ac0f8517358dfcb34616ddda446e35d7,False
leakage_sensitive,308,tensorflow/tensorflow,2023-07-19 09:54:26,question,question,087dcb40dba681e309814ac539334358275f69cff174769ef6d8d86ccaad265b,False
leakage_sensitive,309,tensorflow/tensorflow,2023-07-14 21:48:59,question,bug,f1831ac8646a98d629a393256f505e129f5b355a983537b6708381546aafed68,False
leakage_sensitive,310,tensorflow/tensorflow,2023-07-11 07:13:54,question,question,9dea872f90668af3403a40dd89e2bcd450b3920887f3661b64949b21483d9180,False
leakage_sensitive,311,tensorflow/tensorflow,2023-07-09 17:05:54,question,question,23a6f64a8cbf47e90dd5660928d65dfa0dac4100d55b5e0d2fbe4f142e839740,False
leakage_sensitive,312,tensorflow/tensorflow,2023-07-06 11:34:54,question,question,48485318b6808082252ae7b83800293fb993bf299c587948283cd515d7923150,False
leakage_sensitive,313,tensorflow/tensorflow,2023-07-05 14:46:46,question,bug,8762075c874b7c87965721fad856466a0baa36de72cb6132c5ae6520494fa5c1,False
leakage_sensitive,314,tensorflow/tensorflow,2023-06-28 12:04:32,question,question,d5a6dfc29c7a512e7dc51a85428943aa2e3295c88bc94c7cadb30cece2608983,False
leakage_sensitive,315,tensorflow/tensorflow,2023-06-16 12:50:34,question,question,81ea279bf827f4111541668b91bb576e2481a1a128e853a166e2167614b38746,False
leakage_sensitive,316,tensorflow/tensorflow,2023-06-14 00:23:01,question,bug,fe8ad8c98f1b3b38cde5fee6b3d853bf2d3be103d39967cbf7a9e9490814ab3b,False
leakage_sensitive,317,tensorflow/tensorflow,2023-06-12 17:34:44,question,bug,18952b83157a3761e8db8920a9e4f92805c61a0e5e7037d7daa0c30235f53533,False
leakage_sensitive,318,tensorflow/tensorflow,2023-06-07 06:13:41,question,question,54363a9a28448a9f9768da858a436d5534da703fabf073ca57d5db641522b572,False
leakage_sensitive,319,tensorflow/tensorflow,2023-06-05 05:29:18,question,question,aa04a9927fc85c0d902165fadd2a16c67af8335e471938cea70180b587913fda,False
leakage_sensitive,320,tensorflow/tensorflow,2023-05-28 10:03:54,question,question,c1d96d1c62eef2843f1d0aca000c06376356df26cbd0f6618747bb0c78da4620,False
leakage_sensitive,321,tensorflow/tensorflow,2023-05-24 07:11:34,question,feature,0b1f36896449b7dae55a267dc7ef293ca058566962c76d57da3d2ff0b779213b,False
leakage_sensitive,322,tensorflow/tensorflow,2023-05-23 21:39:58,question,question,c485d79c8a361770040c3208a66d9f5c364487e4529c547d674a5505ec13c7d0,False
leakage_sensitive,323,tensorflow/tensorflow,2023-05-19 19:10:56,question,question,551c60f3a8b3c612b6344921c393d6bcf56daf7b366dd8e52e6e3b0a9c7385c2,False
leakage_sensitive,324,tensorflow/tensorflow,2023-05-14 12:14:57,question,bug,6d1b0b6d026b1290f70a910bee6a44aa786e276d11d322f86173899f9214b347,False
leakage_sensitive,325,tensorflow/tensorflow,2023-05-12 10:16:23,question,question,a7fe07d63e3b4eb7112f91fc4f74323a61fcd3611ef2e8262378716adf9e5f96,False
leakage_sensitive,326,tensorflow/tensorflow,2023-05-10 11:46:30,question,question,eecda6e11eef878162836507827761cf3b5b46b136685c468c326bf8d993062a,False
leakage_sensitive,327,tensorflow/tensorflow,2023-05-09 13:35:06,question,question,2ba381dfcaaea2613746b15fd42bea152be758bd89bba7300530735a07d73c8c,False
leakage_sensitive,328,tensorflow/tensorflow,2023-05-07 17:48:03,question,question,5d210c2a35217a90e8a5683edfaa7f0925ee865645e56a958e376abf44f28ddd,False
leakage_sensitive,329,tensorflow/tensorflow,2023-05-05 01:43:12,question,question,3bb336830c5a1b87e5341d65f4d6e8f93105ccc6922471ac929ca4d45a2950c1,False
leakage_sensitive,330,tensorflow/tensorflow,2023-04-30 19:42:47,question,question,8eb6c25e901ef6c54e9a53bb501b226413ec0bd4465cac22ca82ee5bcd36d853,False
leakage_sensitive,331,tensorflow/tensorflow,2023-04-22 13:16:36,question,question,c9c423d878efa01fa27b2eaeca9befe795193a2a0101a9005880acfa840624d4,False
leakage_sensitive,332,tensorflow/tensorflow,2023-04-19 09:14:34,question,bug,8f57e92d0a7766f210d51a104d07c890e72512e22bdbe7bf1d90b0b0ec7e7b22,False
leakage_sensitive,333,tensorflow/tensorflow,2023-04-18 05:51:45,question,bug,f516f343c80822d58ec24b2002b9df7c0143bd44c4a0e7926427a96ec02b3cb7,False
leakage_sensitive,334,tensorflow/tensorflow,2023-04-15 01:28:54,question,question,971020da9e0651e2d01d8a18c6dc639b3e8eccb41ebfafc8f0c81cf7a167a064,False
leakage_sensitive,335,tensorflow/tensorflow,2023-04-14 02:06:39,question,question,2cb3bfa5948d0cba1d768c2076e8ab884b3e00e391d3b5d7bbecafc901e7348b,False
leakage_sensitive,336,tensorflow/tensorflow,2023-04-03 23:09:21,question,question,6014d64799ed2077f45d216dcfb79ef015dee533839f3cf0b12e8646e315db07,False
leakage_sensitive,337,tensorflow/tensorflow,2023-04-02 21:04:57,question,feature,3afa2840a724c96238bdd0b23c035a6ab137777d898d9bfb6c393d140d6a3a20,False
leakage_sensitive,338,tensorflow/tensorflow,2023-03-30 11:08:35,question,question,7de25356dc53bfa6c9ec5aee9505e1b648abdc83cb8a6054c9818cb4fb2feaac,False
leakage_sensitive,339,tensorflow/tensorflow,2023-03-30 06:33:53,question,question,bd017574dfdfc804d460d8f5344d48b527f7456a7810b7c3c672b017240f9a0d,False
leakage_sensitive,340,tensorflow/tensorflow,2023-03-29 14:35:28,question,feature,940d1b54e668f0382d4a0bddd22273c7165a8d2ea426f907991480b770065c02,False
leakage_sensitive,341,tensorflow/tensorflow,2023-03-28 19:51:01,question,bug,fe7301d4f7531fb7eb97e66eafcf76b7e30485c37a5f194d51c06f705cbd2268,False
leakage_sensitive,342,tensorflow/tensorflow,2023-03-28 17:40:33,question,question,cd1901de8930cdf6ad6bb2e98bfbb4420eb1bcfe239440fbdd14ab1ac05cc416,False
leakage_sensitive,343,tensorflow/tensorflow,2023-03-26 13:55:00,question,question,f59672ac68c2f8e8ccf43a1c391546581869862c581836751797073136109345,False
leakage_sensitive,344,tensorflow/tensorflow,2023-03-23 20:34:46,question,question,33919af9df88ab266322dd90ce92c9f6d931b7357c8e98beb072d3fc529cc95b,False
leakage_sensitive,345,tensorflow/tensorflow,2023-03-22 10:23:59,question,question,041dbb1f0bc51faafb8180e8b7d3ebf81ac9bfe2024a6d9712979a88cf2b4187,False
leakage_sensitive,346,tensorflow/tensorflow,2023-03-17 10:43:59,question,bug,cd14162f0cf14f09dc562abe444cebc5c4ad7aa6556b96002805de982826903d,False
leakage_sensitive,347,tensorflow/tensorflow,2023-03-16 21:46:24,question,bug,e92c71d0e1c744e5f65e14f77663be793f57f6206ab31b7a36891ce435aa90dd,False
leakage_sensitive,348,tensorflow/tensorflow,2023-03-14 13:16:00,question,question,2f84442c9fb1e4a78b0258fa1a26620d1823c0731ac33f29f2a81f1a9d09dad5,False
leakage_sensitive,349,tensorflow/tensorflow,2023-03-14 03:10:18,question,question,8c73c7890642ff5cf0d6620e7123cc4637896d5f76ea22b23d24958fd9ead186,False
leakage_sensitive,350,tensorflow/tensorflow,2023-03-05 08:33:57,question,question,2c68c2c38cd52a759018ddc250bd440d6d659f9602545cb1bcc865355d1dc756,False
leakage_sensitive,351,tensorflow/tensorflow,2023-02-28 23:22:38,question,question,0aa11d8c310461a211217e20db6df635cd047416d0063097d37b377b510855c7,False
leakage_sensitive,352,tensorflow/tensorflow,2023-02-26 16:44:57,question,question,619a080dba461f13261c3b24ea0975f5e1b70bc8a7a2838f0fed898e0cea4dfd,False
leakage_sensitive,353,tensorflow/tensorflow,2023-02-25 07:38:38,question,question,a3b9dcdf597b417ab1a33ade69279cc4a633d1d20ee0094430c014ba0dbacff2,False
leakage_sensitive,354,tensorflow/tensorflow,2023-02-24 06:56:58,question,question,35908bcdd27c1bfd595178a6f4604cd65d35b36ab536697edd29df806e641e7f,False
leakage_sensitive,355,tensorflow/tensorflow,2023-02-22 05:30:38,question,question,94c917feeb370092ca6fde3840615856c8d10df9bb226af85a524b99cdbb4388,False
leakage_sensitive,356,tensorflow/tensorflow,2023-02-21 02:58:36,question,question,430c8ae472f11eaee3b462e2073ec93c6cddeb9c6dd63f7f24227c33eb76e5e5,False
leakage_sensitive,357,tensorflow/tensorflow,2023-02-20 02:37:05,question,question,7ac33e449f61e5c5767203281bb1f157bfdb03002a41719befc7673d03f8c276,False
leakage_sensitive,358,tensorflow/tensorflow,2023-02-12 02:56:29,question,question,5e973d918052e6874c5a5f75bc170f406c7e5fd3231dad82a4a3b882d03dfd00,False
leakage_sensitive,359,tensorflow/tensorflow,2023-02-09 08:41:26,question,question,a8e379c78521854e14723efb88a808d8f933df72a6140a18bff95b53a61f0c88,False
leakage_sensitive,360,tensorflow/tensorflow,2023-02-03 09:45:49,question,question,0414eaa743710c50b81a702b6bb936e318486f67be8da9dd34ce04b50fa8420e,False
leakage_sensitive,361,tensorflow/tensorflow,2023-02-02 00:30:03,question,bug,096ede86d956d9e7938ba7443e9cce10599b4b7ea4c07af29819df5e18a5062d,False
leakage_sensitive,362,tensorflow/tensorflow,2023-01-30 14:59:14,question,feature,994ae17fc47147d815f9f17a9994820682197707703843fc9d661caea5ebae14,False
leakage_sensitive,363,tensorflow/tensorflow,2023-01-27 12:48:19,question,bug,976e8a78269313bda97f28d17ec52b62e4f0a0795a205f111097ec58f0e931c3,False
leakage_sensitive,364,tensorflow/tensorflow,2023-01-25 22:38:38,question,feature,dd3bdff0a2b7911f156344eecadca25d8669a31a65a59c2adda3e89a1a4b10b1,False
leakage_sensitive,365,tensorflow/tensorflow,2023-01-24 11:54:25,question,feature,f2e8cb67d8cdae144d7465f6062647e3cd2c763d56abfe11e71ad0d6b7ab3055,False
leakage_sensitive,366,tensorflow/tensorflow,2023-01-21 17:47:34,question,bug,354bae61459c48f7dd6f880927b4972991577dc106583f4a55612e68bf33f31a,False
leakage_sensitive,367,tensorflow/tensorflow,2023-01-18 18:29:38,question,question,6761b3d5c68bc69f2a78fb531fc52ed3681d17c1e8b8c13bf8cc0e5c5b5e192c,False
leakage_sensitive,368,tensorflow/tensorflow,2023-01-18 03:30:54,question,bug,3148a4052f5f61e6d503a68f1671572f3abb307202af275becbc30a4b8deafda,False
leakage_sensitive,369,tensorflow/tensorflow,2023-01-16 20:10:57,question,question,7b912b4d11b1a3d41db4488aafcc4982c721143f009750aeb25c3ebc175a91e6,False
leakage_sensitive,370,tensorflow/tensorflow,2023-01-15 17:13:03,question,bug,110518e77e7d31f3bea59b58d8d7acfcbb25a832b143d5ffa073426bda6c0580,False
leakage_sensitive,371,tensorflow/tensorflow,2023-01-12 12:17:44,question,question,1d9b136882aa5806499b54bc73bb8886cfca2a13a95dad9b277c1e49f6c1f34e,False
leakage_sensitive,372,tensorflow/tensorflow,2023-01-12 00:40:51,question,question,99b993779582a9257c55a134a993be973e32296451c0224efa7c86e6944e8d35,False
leakage_sensitive,373,tensorflow/tensorflow,2023-01-11 17:40:13,question,bug,7651005d75611e1266833d109e76a7bb6ead3bd4c99b1777e718a1ab8c2080ce,False
leakage_sensitive,374,tensorflow/tensorflow,2023-01-10 11:57:02,question,question,4ab4f47a4f0bb923680892c9a7ed8f8702b6c5b06b6ed3d70c5c23f5a73ad8a1,False
leakage_sensitive,375,tensorflow/tensorflow,2023-01-06 01:49:36,question,question,e551b197b79f08bfae826b825f561daccf78fe006c747b64056fb7e554443731,False
leakage_sensitive,376,tensorflow/tensorflow,2023-01-04 16:06:33,question,question,436222b23be89b20d188c834daa0951c5312a9839bd461741915cbb17ce28d42,False
leakage_sensitive,377,tensorflow/tensorflow,2023-01-03 01:49:45,question,question,92023bf1d8659fab3dc6f2d120df36b0c78dbf58a976b5648b921f514e6682a6,False
leakage_sensitive,378,tensorflow/tensorflow,2022-12-29 03:37:03,question,question,ee2f5247f79020881c989c5c8da8a42720099f08128995429b8b403269780601,False
leakage_sensitive,379,tensorflow/tensorflow,2022-12-26 20:31:07,question,bug,a5f06bba2dd7d3cffcc575f35f55d5a5c44b283df6493f99311c6a5097bc6fae,False
leakage_sensitive,380,tensorflow/tensorflow,2022-12-24 08:03:21,question,feature,b713f26ea823cef1c67768f7f547257858ea324b71b0dfff7441b42e83db8140,False
leakage_sensitive,381,tensorflow/tensorflow,2022-12-20 13:23:11,question,question,c8781bf71f4c6ea7b32c5bddb1cc25f0c5c80e0654635ca3bee097ab25462fe7,False
leakage_sensitive,382,tensorflow/tensorflow,2022-12-14 15:42:03,question,question,dac945194a0e5adce35b5ba91aad58a1ce05a9f073abe0aee02ba325f53e9297,False
leakage_sensitive,383,tensorflow/tensorflow,2022-12-13 11:50:34,question,bug,1f9270f9352024d61244db50688023b52bbe3f4c13ab88f590cb7f63c323c2b9,False
leakage_sensitive,384,tensorflow/tensorflow,2022-12-12 08:25:56,question,question,31bc3089ad96e9d010ee03826c4b01ad82179594eaaeb88c11b7b0e8a12d7676,False
leakage_sensitive,385,tensorflow/tensorflow,2022-12-11 15:12:55,question,question,2102500c4f49770d23e19ecfda56a7cdb7a1a9c20e51c51d1e4d1a58b69ca369,False
leakage_sensitive,386,tensorflow/tensorflow,2022-12-07 19:47:27,question,feature,57e6067ad8fbac41102817ca33ca04c1116540fe8febdb5fee48032dc5292e63,False
leakage_sensitive,387,tensorflow/tensorflow,2022-12-07 03:44:27,question,question,8cef6974c710c994eda3c6f0cea9e358093827db658819b67edd893bdb5edebf,False
leakage_sensitive,388,tensorflow/tensorflow,2022-12-05 00:46:56,question,question,6e5817261b4f13dc1bc44b05679e1371a5de6e7f89051d6d20323d6b18d0d74f,False
leakage_sensitive,389,tensorflow/tensorflow,2022-12-01 09:40:39,question,bug,494e8615bab492419c84255fd0785867fd99b8bc967a894029a88982e42c308c,False
leakage_sensitive,390,tensorflow/tensorflow,2022-11-28 22:37:01,question,feature,da17b341ec21844be4b7d8b1dbba90e4049963061dc1e4182e53115ed3a93747,False
leakage_sensitive,391,tensorflow/tensorflow,2022-11-25 13:55:03,question,question,32328cce9c87d2b489b8c4d5676c6fe78d9438be372548f0c318c773933e4d76,False
leakage_sensitive,392,tensorflow/tensorflow,2022-11-25 08:41:50,question,question,b6a5c5435bdd0130587d4191c50b0269115fdc886563331d753aefe906f6983f,False
leakage_sensitive,393,tensorflow/tensorflow,2022-11-23 07:52:06,question,question,c27b939fbf34fe540e1bf91253c01be49ae77263dbcb4bd087f9846345d4eb00,False
leakage_sensitive,394,tensorflow/tensorflow,2022-11-21 05:30:01,question,question,3506db5e1a058ca34bae7accce1d6756c11c34f5891e0b3b4b6d2ba2bd8ffd10,False
leakage_sensitive,395,tensorflow/tensorflow,2022-11-16 18:11:12,question,question,4b66aa0be9aaf1b75035cc00d9a33e0815eb4324eae8fe304e6ba24fb476a28e,False
leakage_sensitive,396,tensorflow/tensorflow,2022-11-14 17:48:31,question,question,8ba6d91c41387d02c9241275deca3dca4738fe7e1631df6a36a211f557ed9cf4,False
leakage_sensitive,397,tensorflow/tensorflow,2022-11-13 19:38:32,question,question,015872126f5895460c701b938c1aba55491e425a294d6b32c5d012ad6557bcaa,False
leakage_sensitive,398,tensorflow/tensorflow,2022-11-11 13:31:28,question,bug,dcd0107a45dbae79735b33e47f6eb6136601bc2b20c25c1b34325117429194ce,False
leakage_sensitive,399,tensorflow/tensorflow,2022-11-09 07:04:03,question,question,2419d3a84bddb8f0330b3fbe6fb2fd0f326d64bf7d6e985505f9371382d69499,False
leakage_sensitive,400,tensorflow/tensorflow,2023-08-28 07:20:19,feature,feature,252b03f9da145353bad5a21ad123eab200e96e9fe3c1158dba7839593906ce9a,False
leakage_sensitive,401,tensorflow/tensorflow,2023-08-19 05:24:59,feature,bug,6112f23b79b664151ec461f714fe92a7079449f40f036b27373827a97680c64e,False
leakage_sensitive,402,tensorflow/tensorflow,2023-08-10 07:53:12,feature,question,211eb84d00dc0a05494731be1cea237f3c58109dc40490c90f39e8a8cbb6c87e,False
leakage_sensitive,403,tensorflow/tensorflow,2023-07-26 06:59:17,feature,question,479f4eed7e2f643227f7fb3b8cb4076cab5d9a663ec2ce5577e104ebede71ce0,False
leakage_sensitive,404,tensorflow/tensorflow,2023-07-20 05:53:22,feature,feature,dbe55cecae68700cc1bcf48dcca62aa7e9da5a62904f702d035947c4b68e0796,False
leakage_sensitive,405,tensorflow/tensorflow,2023-06-28 18:15:49,feature,question,881978f1165993c632f4eca1c6c40dd2d77d21330f496ee5b7381f5fa7386727,False
leakage_sensitive,406,tensorflow/tensorflow,2023-06-18 20:11:34,feature,feature,bb840fe096443f0dbb20e214732445e6032bb14bc94f6c6cb714dba9d3cdee27,False
leakage_sensitive,407,tensorflow/tensorflow,2023-06-12 10:07:16,feature,feature,351624c38e6d52ea11fa3fb2dcfe233082705268f05645be4c9136daea3560cf,False
leakage_sensitive,408,tensorflow/tensorflow,2023-06-08 14:48:45,feature,feature,a1689be1bb1354d9e14ea338b6ecdf409966bd4369561523c576060de85d547b,False
leakage_sensitive,409,tensorflow/tensorflow,2023-06-07 23:07:13,feature,question,c25b1b27c81232aa97d3a718f68ba275edc1cb851f9b58ca279f2637494027d2,False
leakage_sensitive,410,tensorflow/tensorflow,2023-05-20 08:20:17,feature,feature,01acb4b82069625a1738cf4acf81f2c90a36168053a325228c36907f2b331483,False
leakage_sensitive,411,tensorflow/tensorflow,2023-05-04 07:40:29,feature,bug,85fa7f1683089819db3e1f43198d33faa4597ebfb7b3457d41ff578699b03c38,False
leakage_sensitive,412,tensorflow/tensorflow,2023-04-25 10:49:31,feature,feature,4ad13de77fa98bdbbdd694755f06082e189d0b90286f8be6fe99b79315050442,False
leakage_sensitive,413,tensorflow/tensorflow,2023-03-30 10:39:22,feature,bug,6b418ade8f8349d093340d40811a609e47ce7dc915823c19285a783b5a788620,False
leakage_sensitive,414,tensorflow/tensorflow,2023-03-22 13:56:04,feature,question,8f25fa4df4596e2188e92e0cc551995d73110bb939cb39f656baa66adeb75e0f,False
leakage_sensitive,415,tensorflow/tensorflow,2023-03-09 08:11:52,feature,feature,a096ffba1bfadc770aacd532d4d40d8f37543af523f998ea78d2508a07008e29,False
leakage_sensitive,416,tensorflow/tensorflow,2023-03-02 01:48:09,feature,feature,7e70e33c611127a2f76e46f8c4a90c112f18a6c2b2082ae9f45f9d098788c511,False
leakage_sensitive,417,tensorflow/tensorflow,2023-02-17 10:23:10,feature,feature,cfcd522c67623bf878c3deba21505678ac3efd4fd4bbf6e673f74bcaef610c56,False
leakage_sensitive,418,tensorflow/tensorflow,2023-02-07 16:35:06,feature,question,058a68dbacc8f6226902e20cc4a87429ff799aeea2bf1a0ccaefd1e1a0f862b2,False
leakage_sensitive,419,tensorflow/tensorflow,2023-01-27 12:57:33,feature,feature,0173f5c9ff11d92832d5e0e48391bb97115d1862e407d45864122e6ac307647a,False
leakage_sensitive,420,tensorflow/tensorflow,2023-01-19 04:14:29,feature,feature,53294bd65250480cff8bded244387d5601fcff5e6eeb96819e4a752be36b7dda,False
leakage_sensitive,421,tensorflow/tensorflow,2023-01-13 10:00:15,feature,feature,1f567ad2adef7b54893317b7ca60a0771e18493c0410c58d7fccccc977b97f53,False
leakage_sensitive,422,tensorflow/tensorflow,2023-01-11 09:29:42,feature,feature,68ce9f5e522c6eeffb011977bc0b3f55b1879b737dabf8de0bd0d72418f47616,False
leakage_sensitive,423,tensorflow/tensorflow,2022-12-29 15:08:42,feature,question,9836f2967024fd9ab8228350ffaac5c833dfc4d89c0ccb0c2067766fb67161c3,False
leakage_sensitive,424,tensorflow/tensorflow,2022-12-12 14:06:12,feature,bug,6fc8245fb79a732b5ba1d23ba04df32635a5075f5f947a557d6a4e91454bc7fb,False
leakage_sensitive,425,tensorflow/tensorflow,2022-12-05 13:25:59,feature,feature,717184bf088ad124ed0c0f59075be9b73a47c9ae3021542fc276c5aaa8a76f46,False
leakage_sensitive,426,tensorflow/tensorflow,2022-11-27 01:01:32,feature,bug,a46a6acebccea06b9993542ddd3b59a01a56af0749b4a2c0cfebcc4180ef8133,False
leakage_sensitive,427,tensorflow/tensorflow,2022-11-24 11:28:36,feature,feature,5102ce14b17112bb2744ddc8a00c90709e38d8af9a47b98dcbbcf28444e9a602,False
leakage_sensitive,428,tensorflow/tensorflow,2022-11-20 15:45:02,feature,question,b1c7994ac321d557404801a385d9cf04300f27c92774c109948650021f185388,False
leakage_sensitive,429,tensorflow/tensorflow,2022-11-09 18:31:22,feature,feature,fadc1f489f46b4a8c47cc2415a4599e660159e990f86e086255caff8834e0aa8,False
leakage_sensitive,430,tensorflow/tensorflow,2022-11-03 23:47:39,feature,question,0c79b58fa1948ddc681e0538b22e526e9075791c9147ef821f025122152863b1,False
leakage_sensitive,431,tensorflow/tensorflow,2022-10-28 15:43:59,feature,feature,ef6e5d90404264df9b432f0ba13df436c850df38aff35faee6ade0ba77e3bede,False
leakage_sensitive,432,tensorflow/tensorflow,2022-10-25 07:40:36,feature,feature,ae20c208afe941a9c760a5e2e441e57e3e239f62b13c03605f17659074e29403,False
leakage_sensitive,433,tensorflow/tensorflow,2022-10-10 07:33:14,feature,feature,d6af976e56e1f554bcbe8362ef7121ec9d5696bd32645520761205c4ef597aa1,False
leakage_sensitive,434,tensorflow/tensorflow,2022-10-05 20:32:45,feature,feature,d31ef480205b20b56d61979d5f0cf4210994d7481dd18305dc45f5e753e96199,False
leakage_sensitive,435,tensorflow/tensorflow,2022-10-04 10:57:09,feature,feature,3c6cccda66f1dd9da70ff796a4bb4a3e37f5ebeb97a9d6089cb2cfc1ef6120e1,False
leakage_sensitive,436,tensorflow/tensorflow,2022-09-27 09:58:43,feature,question,cd6de64d13e5b29cb57b11a27896e5bbc10d5b981ce508cd78ae8ce24e760d1d,False
leakage_sensitive,437,tensorflow/tensorflow,2022-09-23 13:06:06,feature,feature,65318a91d23ba50100acd927d09a563f38dbb3e4171ef55c220ad5c5402ce1c9,False
leakage_sensitive,438,tensorflow/tensorflow,2022-09-20 13:11:21,feature,feature,059322ea644d6159b674b6d5de99da59b9464b0fc352e3cee0641360ea4b1a78,False
leakage_sensitive,439,tensorflow/tensorflow,2022-09-16 18:52:35,feature,question,23a538e7257ffec4db8ad76d857c501b91b4c152854bd8d48b37fd589f8da36c,False
leakage_sensitive,440,tensorflow/tensorflow,2022-09-09 02:50:17,feature,feature,deb04f197076934f637f3cfefca95cdc6f0f7154b1a26e963c44f3920a584927,False
leakage_sensitive,441,tensorflow/tensorflow,2022-08-31 20:42:53,feature,feature,8ce3bca5f084c5b249204cea593c9d6d676d3c4f569b59a84650852ce19635eb,False
leakage_sensitive,442,tensorflow/tensorflow,2022-08-30 20:33:41,feature,feature,3cd5ad3a1e47dedb9ce00cda55350277a8ea93c2dc10025df75d11cb9ea26a69,False
leakage_sensitive,443,tensorflow/tensorflow,2022-08-24 10:33:30,feature,feature,ce74e4585c018800850e1a7dba349c2e36e5ce0250caf0f54be19a1f0cbc04c7,False
leakage_sensitive,444,tensorflow/tensorflow,2022-08-19 15:01:51,feature,feature,0aa9fda19c5c76e2e970c8b502f8778b7dd3a90208175f1a53a860a66f32070f,False
leakage_sensitive,445,tensorflow/tensorflow,2022-08-16 07:45:48,feature,feature,81b6cba3ced7aa143350048624b4cbeed72789f530f2e29fbebbfe2a9ae305a0,False
leakage_sensitive,446,tensorflow/tensorflow,2022-08-08 14:03:12,feature,feature,2cc464622b8c1e894f28632d2589d7240c9777af92da48d03f3ab1c930d57243,False
leakage_sensitive,447,tensorflow/tensorflow,2022-07-30 05:16:45,feature,feature,dc40aebc62211ae1d1cea8e86a36a4a97b1ce0b1563b8261c89ba6edda584525,False
leakage_sensitive,448,tensorflow/tensorflow,2022-07-26 02:00:42,feature,question,5cd2addead75a9dcf7ea517c25f783856248caf01f9825b0d4bf417923f02fb7,False
leakage_sensitive,449,tensorflow/tensorflow,2022-07-21 15:05:00,feature,question,fe988e31de48a40961c300f2706f913a3e4579f8694e78259b5d40295acd4fc1,False
leakage_sensitive,450,tensorflow/tensorflow,2022-07-20 09:01:02,feature,question,2f101f1c2334fd18305675143cc26ad3f7544f9d92e1a2213c0f04f44f4cef77,False
leakage_sensitive,451,tensorflow/tensorflow,2022-07-15 09:47:15,feature,feature,ddf0242fd4f0971d3f7a928a755bd00bff384c0bf4181930119aa8feace6a961,False
leakage_sensitive,452,tensorflow/tensorflow,2022-07-10 10:03:45,feature,feature,2743f7ff6db434a19935c4740ca22d9463fbd7ecc37e3a991ddb764bc16f6377,False
leakage_sensitive,453,tensorflow/tensorflow,2022-06-25 13:03:14,feature,feature,3dba76354bcde7f9d6308e769f2ff226de7fef7f6bad2bd3d4c8711300702a97,False
leakage_sensitive,454,tensorflow/tensorflow,2022-06-22 09:26:37,feature,feature,b5bbce0235f666b65aec07955fd000faff72334cbe97536cea5342d76a854389,False
leakage_sensitive,455,tensorflow/tensorflow,2022-06-13 21:42:13,feature,feature,c446c98b63cf1c3b2c0e418e1a8e18a61007f7508e85354e1408b53da94d8128,False
leakage_sensitive,456,tensorflow/tensorflow,2022-06-07 11:37:24,feature,question,bd0acbd3c533ee436ac30ace6dfd362b3e9d0dbc111c96c84ea4271859d9d82d,False
leakage_sensitive,457,tensorflow/tensorflow,2022-06-07 08:17:58,feature,feature,0b0abb721d16a998abd411964b3431068014f81716f68463d212171d4687232e,False
leakage_sensitive,458,tensorflow/tensorflow,2022-06-06 17:12:27,feature,bug,1622975462f1c3aaec76f9ba017ee3d0b1ce646f37c9c8439b1951bab870a574,False
leakage_sensitive,459,tensorflow/tensorflow,2022-06-02 19:23:53,feature,feature,ccb0596e0dd189992dc5125bb7198a18dc7458f64eeb73d47a85d41d58b3ba68,False
leakage_sensitive,460,tensorflow/tensorflow,2022-06-01 20:07:25,feature,feature,6f315a9f3bb1d098e554434ca68d9638e1b207bd1de8d4625e09ac255c5feebf,False
leakage_sensitive,461,tensorflow/tensorflow,2022-05-31 20:55:14,feature,question,8bade3fd72dd6c2e5a65dd6e181ffe2ee2c53515deeac955ee83d4de73742499,False
leakage_sensitive,462,tensorflow/tensorflow,2022-05-30 11:44:30,feature,feature,58f7522e24b6fe2b7292cc1750bb83f8e7f46e5abc6e7439a7127440dd2ce91b,False
leakage_sensitive,463,tensorflow/tensorflow,2022-05-26 11:32:06,feature,question,0aa8c80d1be147d5fa5d4a668e9a4a4dfb41062f3dbcb020f5c8d866a1546038,False
leakage_sensitive,464,tensorflow/tensorflow,2022-05-23 16:33:51,feature,feature,1ad9c2f35604a733baabfa2609aed3971ee51e2874fdf680dda0e3b975c03324,False
leakage_sensitive,465,tensorflow/tensorflow,2022-05-20 09:42:07,feature,feature,9c446e8c257b608f4215100bb13ff4a7b2fcaf04396de1e862be31b304f61d10,False
leakage_sensitive,466,tensorflow/tensorflow,2022-05-17 21:40:50,feature,feature,517011407572f4c78c079d732dc9af7826665170143c59e830747296006df290,False
leakage_sensitive,467,tensorflow/tensorflow,2022-05-16 02:19:24,feature,feature,1cdb1df0994598ebc24c9c681443d5260e62e06afbdc11c8846fb4fe1fe6fa1f,False
leakage_sensitive,468,tensorflow/tensorflow,2022-05-04 08:29:44,feature,feature,7efca23638002dcc13ab4924092b7f2106fab0e9b24a82936563f273567cea1a,False
leakage_sensitive,469,tensorflow/tensorflow,2022-04-30 12:18:57,feature,feature,1de5f78a42df67ab943c30549e6950a2b2cf3c1f09b1699d5c4c75e44ea15b00,False
leakage_sensitive,470,tensorflow/tensorflow,2022-04-27 07:55:07,feature,question,59a8edf5c52c86c173fcdbab4e705c5446088142fdf0b8d359ce3bfa884150a1,False
leakage_sensitive,471,tensorflow/tensorflow,2022-04-21 07:15:37,feature,feature,138d3bbaf0784d70c466487556e58c0eb0983c8b19863ee000a2cf64411df00d,False
leakage_sensitive,472,tensorflow/tensorflow,2022-04-16 19:57:31,feature,feature,b0bc4cb25ae045c66d4b64482d98c64b1ef933e4dff5f55d14329e15b9fcfd88,False
leakage_sensitive,473,tensorflow/tensorflow,2022-04-07 20:34:54,feature,feature,72b3f3a01645e3eb155ceef830a8afd1531c668f8a7d8b5e3034532d889e9e25,False
leakage_sensitive,474,tensorflow/tensorflow,2022-04-04 15:12:51,feature,feature,3a2cf68280dfecfb90a482987294eede94b7481541ae385bffa93ef542167f4f,False
leakage_sensitive,475,tensorflow/tensorflow,2022-03-31 09:11:00,feature,feature,35a97482fde8378f48ee8bfbac33a1fef8219352f8638e8dfb24ad34668ecadd,False
leakage_sensitive,476,tensorflow/tensorflow,2022-03-29 12:03:50,feature,feature,f1ea1c7dcfcbe2c478795d4d13d4e926d977af31c8d14e22d381bef304aed7f6,False
leakage_sensitive,477,tensorflow/tensorflow,2022-03-16 21:06:31,feature,feature,7978d430901cdf270fe8fdc7d75409093e0291a6c53abe233ddd5451737ee42a,False
leakage_sensitive,478,tensorflow/tensorflow,2022-03-13 07:09:30,feature,feature,cda1fa00e40fd21396aeb31dfa5b7ef898f1cd872164e656c5cb04e44100dd5c,False
leakage_sensitive,479,tensorflow/tensorflow,2022-02-26 21:18:20,feature,feature,d458e24c0558b44a3fe573301542a517176d7b79d26aafcd4a1e8f427fa0baf5,False
leakage_sensitive,480,tensorflow/tensorflow,2022-02-22 22:26:25,feature,feature,cfc2d9ace7d648d940230f595a3c4b6e9a65e654922829a67c32419d0100245f,False
leakage_sensitive,481,tensorflow/tensorflow,2022-02-20 14:28:41,feature,question,bcf29268433d2676f856e1b00069fc7ac0db9b0f6841aad4bba120c7bc33c89f,False
leakage_sensitive,482,tensorflow/tensorflow,2022-02-15 16:10:50,feature,feature,7fbe8c408ab94a1b6e1e03c7a2a31500f0dc5c69404e54ea3512ef68b9d9c9b9,False
leakage_sensitive,483,tensorflow/tensorflow,2022-02-10 21:20:55,feature,feature,1c36f8d2e4ad692ba518599cf608fdfa068f19b8abdf4bf3a32c25b168fc421f,False
leakage_sensitive,484,tensorflow/tensorflow,2022-02-02 06:42:45,feature,feature,f0d07fe47583e4f5f4f37ac501a878c09bebe36b30d1a821e85628a88ccfd002,False
leakage_sensitive,485,tensorflow/tensorflow,2022-01-26 08:53:15,feature,feature,2eaebcd27240f792508815c85c5464274b14d319dfc765dc5f938dd412eba443,False
leakage_sensitive,486,tensorflow/tensorflow,2022-01-24 13:48:42,feature,feature,6ad149deba0176d891b3de1ebeac80acba3b10e8c20bf2baabdf36f97055c08f,False
leakage_sensitive,487,tensorflow/tensorflow,2022-01-22 09:14:06,feature,feature,d3e486e2bb924f4a6eabcc823ac4888d18ccb3cf4d4f48a538727598ea62be38,False
leakage_sensitive,488,tensorflow/tensorflow,2022-01-21 19:03:40,feature,feature,106cc4c9932c61a322c0182ed913c56989dc2a5015c69cedc278e44f1b704556,False
leakage_sensitive,489,tensorflow/tensorflow,2022-01-17 09:55:18,feature,feature,ef17eae5fca5160875e23d7468ab4f888fe76281413cadcd6384fb1cc606f82d,False
leakage_sensitive,490,tensorflow/tensorflow,2022-01-12 19:31:31,feature,bug,aeb0630ef2ff57b46aa9db8906ad39a7a6f275b35a61d269c5c0aede460278eb,False
leakage_sensitive,491,tensorflow/tensorflow,2022-01-08 12:57:44,feature,feature,fc8bdb3b20a66df2c3f14b0d59bac4a2bcef79abae6fb27cae51341f63999731,False
leakage_sensitive,492,tensorflow/tensorflow,2022-01-04 16:36:31,feature,feature,c9a31d04061ba74945fd39af4d17b1e5d900de946c2d090ac69bc86625da3bf1,False
leakage_sensitive,493,tensorflow/tensorflow,2021-12-30 11:18:46,feature,feature,c9906108e5bc26d8e9331580852325f06bddfb2dbb8a71418dfe218567ef8bfa,False
leakage_sensitive,494,tensorflow/tensorflow,2021-12-24 21:31:31,feature,feature,3e1bf97c55a3dbe6fd31958c71753305ee519721949a298c152a09ad83a38aee,False
leakage_sensitive,495,tensorflow/tensorflow,2021-12-16 07:03:11,feature,question,a70e62740ec0638c6177bc013c6c1373b0daea64de9e1372497114c34eb51e68,False
leakage_sensitive,496,tensorflow/tensorflow,2021-12-15 07:19:15,feature,feature,718839efc35c0a90b473dcd1c7a2e0275cd4fc9f949de777e3ca9f84378aeb72,False
leakage_sensitive,497,tensorflow/tensorflow,2021-12-10 13:29:51,feature,feature,c05fe2863fd960f8f2ad0fd0926623d47be979f0cdf69b1dc632a7b4ac98a496,False
leakage_sensitive,498,tensorflow/tensorflow,2021-12-06 22:31:26,feature,feature,76513e21cfc385485e9a78a616256587ca2dfa386dbc09cf98cefee6d866dcde,False
leakage_sensitive,499,tensorflow/tensorflow,2021-12-03 10:37:08,feature,feature,3a353eab2914751e31344180457a0a0898988cc516bc1a40f8f5bffbe19aa064,False
leakage_sensitive,500,tensorflow/tensorflow,2023-09-23 14:11:33,bug,bug,1d2696818d7fd930b3b7517b9de3b2d3df32272df113b1b600ea9ceca6f1ba43,False
leakage_sensitive,501,tensorflow/tensorflow,2023-09-23 13:56:17,bug,bug,ba4e2fab54fcd20b60e18efb13f6ec4057140d880594e760f0af7b08f01fccf9,False
leakage_sensitive,502,tensorflow/tensorflow,2023-09-22 12:46:16,bug,bug,d71978e916f22867ebeafc546b079e0583bb2c392a6ce7b3db5f2281cd230a1d,False
leakage_sensitive,503,tensorflow/tensorflow,2023-09-15 09:48:15,bug,bug,68584e4e136593d44816b82ce458c797e2571244285a6924e983b0eebd7fee04,False
leakage_sensitive,504,tensorflow/tensorflow,2023-09-14 12:16:19,bug,question,4a5afdf4545eaf9754695d90ebdc5893e217803e687d47f516aa795fff545c0a,False
leakage_sensitive,505,tensorflow/tensorflow,2023-09-12 03:18:12,bug,bug,470662912ba6856b68508a5a98d5cdb2ba78283cfaa7aed7c8ee7f506e0d5112,False
leakage_sensitive,506,tensorflow/tensorflow,2023-09-07 21:31:59,bug,bug,a80f0b7657507c2da5c67ac4efc60766b3617a9c18c10975fc16214891cd505b,False
leakage_sensitive,507,tensorflow/tensorflow,2023-09-05 13:06:02,bug,question,1af340f78a74917eeef71fcd98a294499b192fb792118979ba0e7bb6bde61b6c,False
leakage_sensitive,508,tensorflow/tensorflow,2023-09-03 14:28:22,bug,bug,fd28daaa0e603ab39272173ce51002c4d928f5f76635b3d85e603cdcf9e32dfc,False
leakage_sensitive,509,tensorflow/tensorflow,2023-08-28 20:15:53,bug,bug,7678bb3e170b7fd40423b8b2925483b98f42aade30bd33fcafd3f9a2dde1df6f,False
leakage_sensitive,510,tensorflow/tensorflow,2023-08-26 15:17:24,bug,question,47fb2d78457e90ae5afc31aada741fcca38195cd6d348691fb6b4d7d621a20ad,False
leakage_sensitive,511,tensorflow/tensorflow,2023-08-25 07:37:33,bug,bug,34f8996197d4cfae16072fe560083d5b99bb9d628df50784d142fcef81ed66fa,False
leakage_sensitive,512,tensorflow/tensorflow,2023-08-22 09:38:14,bug,bug,c50663be52e6f41aedd8646adeb537e37d5ebddfbb631676eef28253f79f1654,False
leakage_sensitive,513,tensorflow/tensorflow,2023-08-22 07:36:21,bug,bug,98df129c85e2658a66da8fc232e11ceff4b3cbe03a6c90e1d90f4c4de63beb49,False
leakage_sensitive,514,tensorflow/tensorflow,2023-08-21 15:11:42,bug,bug,78957e29dfb8224307cc415331200730df67a3ffda29015bcf153f4b71ef23c1,False
leakage_sensitive,515,tensorflow/tensorflow,2023-08-20 18:45:47,bug,bug,87384ad05fa1bfac839c2c2c86c9da25a4de11ae8abe1a6d9e817251e02761e0,False
leakage_sensitive,516,tensorflow/tensorflow,2023-08-19 23:04:06,bug,bug,10699257b34c9448b72f9d1de77736e90c94c304ebbe9d4ca654bdbc2a78d35e,False
leakage_sensitive,517,tensorflow/tensorflow,2023-08-18 00:56:31,bug,bug,914347752afe9e91be07c7293e84882154290070132f666c01642b8f44fdc5e4,False
leakage_sensitive,518,tensorflow/tensorflow,2023-08-18 00:52:39,bug,bug,a359757126ad60b2c827f97a848cc699cbab8da26c9754e8b6e316828643fd8a,False
leakage_sensitive,519,tensorflow/tensorflow,2023-08-18 00:37:29,bug,bug,e29ba8f60609aa71a81813313cbaa115bd9f5f5d446795474069e46e47e1b0b1,False
leakage_sensitive,520,tensorflow/tensorflow,2023-08-18 00:29:46,bug,bug,780cfee89074fe4b2ea32babe1646e5c7b6a29ee65b69303df46e311787e9f08,False
leakage_sensitive,521,tensorflow/tensorflow,2023-08-17 23:59:05,bug,bug,fedf642cf0f9a82f6056e8b3676ca311da31fbcd94e7ce24790e2c18be083c72,False
leakage_sensitive,522,tensorflow/tensorflow,2023-08-17 23:52:52,bug,bug,31d880a19d7d6fd63d5131224df42add6c65dd22f9b0dcdf1ca59df670ef96b9,False
leakage_sensitive,523,tensorflow/tensorflow,2023-08-17 23:32:12,bug,bug,1ef694b2d37766ef6756bc9895f96f374a87632aecc4ab25f6bbe92cff644ff0,False
leakage_sensitive,524,tensorflow/tensorflow,2023-08-17 22:06:34,bug,bug,dff5bd5291ceab9f55311b7d2fff7d047aeb16319b09bfb71f725d7f155a1810,False
leakage_sensitive,525,tensorflow/tensorflow,2023-08-17 22:01:13,bug,bug,c5e1ecaa8388b2454c6b6d3f626233e417e2dfe1440dc10d1bc037cd3aa2096e,False
leakage_sensitive,526,tensorflow/tensorflow,2023-08-17 21:56:54,bug,bug,c1f82c74e81856f347ca27853e1d51b1d48f9e4c973cbdc35c634b8fea084553,False
leakage_sensitive,527,tensorflow/tensorflow,2023-08-17 21:51:46,bug,bug,b3a6cbb9a73a35b5b6bc90ecead8a55535c899d58ceb18215d67471fcde03443,False
leakage_sensitive,528,tensorflow/tensorflow,2023-08-17 18:37:54,bug,bug,acc99ad79961161c5383be3eb07295ec00b9392292694108c72546d9d2880e00,False
leakage_sensitive,529,tensorflow/tensorflow,2023-08-17 15:19:19,bug,bug,b70ce96515bfc87e5b2caa88e0e579e413245bbdda97872e6731dc9ec9c3c83d,False
leakage_sensitive,530,tensorflow/tensorflow,2023-08-17 14:55:02,bug,bug,50aed6fc70a2892ef8aa2d211d4f58e4492ae8b16109b89a698d8e3aa3812c14,False
leakage_sensitive,531,tensorflow/tensorflow,2023-08-17 14:22:48,bug,bug,5b536542f4a706f4150268f99174c9cbadb0440d217495a46a2242b69a7fcf1c,False
leakage_sensitive,532,tensorflow/tensorflow,2023-08-17 08:51:23,bug,bug,82cd12dd1103e909ef81d9c10cbe223fbfaf8ef42dde16a84d4f94b88771f92e,False
leakage_sensitive,533,tensorflow/tensorflow,2023-08-16 16:16:20,bug,bug,239dfe2d79e913afd2d3292aad258f69cbde8811579b6a47a5c5a625ca16f07e,False
leakage_sensitive,534,tensorflow/tensorflow,2023-08-15 09:33:59,bug,bug,94ce993e48cc1d8d9041bffd54df71d2481d1ab34d9f0859af3e7a3ee4d1857d,False
leakage_sensitive,535,tensorflow/tensorflow,2023-08-15 02:03:40,bug,bug,6fc781a336421f8b7ac3c01123f56e0a72b0154ef06d5dbc8a25c318acff75c0,False
leakage_sensitive,536,tensorflow/tensorflow,2023-08-15 01:40:14,bug,bug,4d917a0981d7e3eaed8f566c8d95a957d07328dd636a6e96360e588370375c47,False
leakage_sensitive,537,tensorflow/tensorflow,2023-08-15 01:34:29,bug,bug,64826e44709435ba9a11b9891dcb103d01fb7479325ed8b048c278e16d78ee02,False
leakage_sensitive,538,tensorflow/tensorflow,2023-08-15 01:29:57,bug,bug,dbe30c51b3193ee608f0906fdf9b43873d206374316d8f8b8aa4a327ae415e63,False
leakage_sensitive,539,tensorflow/tensorflow,2023-08-14 23:40:39,bug,bug,ed7f695c5f25783a5448b86b259369626c101c50ff47bcf773152561f78afc00,False
leakage_sensitive,540,tensorflow/tensorflow,2023-08-14 23:16:28,bug,bug,1321c2f5b67b808e6aa6e298a4b4b265d93ba3c28cfe8b3d8a97782757b28f79,False
leakage_sensitive,541,tensorflow/tensorflow,2023-08-14 23:08:43,bug,bug,f781df5c0cd1fd75967332ed6f031b4d6611fd28d6cd8c77294109df76714b04,False
leakage_sensitive,542,tensorflow/tensorflow,2023-08-14 22:25:16,bug,bug,96034592cd24d8727493e77ada9e025b91c5d04f5f13d9390499924e826cf2f2,False
leakage_sensitive,543,tensorflow/tensorflow,2023-08-14 21:19:25,bug,bug,212cda96feaa184c64cfd5cbaea5c6aed2faf4b13428011aeebaee63a059e2e8,False
leakage_sensitive,544,tensorflow/tensorflow,2023-08-14 19:17:35,bug,question,aa7473f10cd551f69503fdb77afbc95e3da47899972ccf9fa372091650ee8a61,False
leakage_sensitive,545,tensorflow/tensorflow,2023-08-13 21:34:43,bug,bug,71a68b96200d31c2031a544b48188d5e95c3b2832b0d3dc4a452bf2b4cfbcbe5,False
leakage_sensitive,546,tensorflow/tensorflow,2023-08-13 06:08:12,bug,bug,b97ec04825323bbf0d4e3d3d62a0702e108c0145faf563ed622e94935ab4ff98,False
leakage_sensitive,547,tensorflow/tensorflow,2023-08-13 05:22:51,bug,bug,95df712d4e5929dd32d100e0789f9250ec0743c58a73313e3b3430b6f6631fcf,False
leakage_sensitive,548,tensorflow/tensorflow,2023-08-13 04:15:00,bug,bug,ddbefb80e26e98773e6a1b8db6002729cc6d86e9ad19a1ea74efb4a1c89c058e,False
leakage_sensitive,549,tensorflow/tensorflow,2023-08-13 03:05:27,bug,bug,50734af5ff732a7ea462ceb6a59b5b4299755b8140dd001a4ec7a7b20bff50ca,False
leakage_sensitive,550,tensorflow/tensorflow,2023-08-12 19:32:57,bug,bug,ac0440159412d537a0a18a031eef7aa119cd3bd1aaee3dbaf17006e02e23ecc6,False
leakage_sensitive,551,tensorflow/tensorflow,2023-08-12 18:32:22,bug,bug,364b5455fa8012f328d0866f230a649ff28734189158acec7e27a7c47d8b869f,False
leakage_sensitive,552,tensorflow/tensorflow,2023-08-11 09:46:28,bug,feature,ed2e8b3ea30b9e517de5ced2685e89155f8e6541daefefb62eb860607d79a549,False
leakage_sensitive,553,tensorflow/tensorflow,2023-08-10 23:41:58,bug,question,8cae1187612f2b595957a638bd2dec28493d613143b1215c91af09918b08c1d6,False
leakage_sensitive,554,tensorflow/tensorflow,2023-08-09 07:58:04,bug,question,c87bf76471be6bd7fb1f585a8802065945b7a9fe7143e28f3552207df65b4a34,False
leakage_sensitive,555,tensorflow/tensorflow,2023-08-03 10:02:23,bug,bug,7b8a22c3fde519271b1c6f5d9f4a17e1e40d36312f003fb415ad95b5b690eaf1,False
leakage_sensitive,556,tensorflow/tensorflow,2023-08-02 12:29:15,bug,question,6a8810388b8c4662cc6596e3b9a268881a83957c779634d95b0b243593972462,False
leakage_sensitive,557,tensorflow/tensorflow,2023-08-01 11:41:30,bug,feature,cc75682c9fe867651b3c97c3ed2b3eea5ccda79b228274a87e266614809ddfb3,False
leakage_sensitive,559,tensorflow/tensorflow,2023-07-31 09:26:26,bug,bug,b913f8936bf7d270fe40de3f7d4045c66b2d466894549ebe2d6cc15c0a03a087,False
leakage_sensitive,560,tensorflow/tensorflow,2023-07-28 18:24:21,bug,bug,f1abfb691f6eb4a6be75d4c45a5f1b326b8281e8baa5b541a120351e7559243c,False
leakage_sensitive,561,tensorflow/tensorflow,2023-07-26 21:56:14,bug,bug,b7ce407e3abb193eb7352150bf38acd349de75e02f17e22c397faeec166ccce2,False
leakage_sensitive,562,tensorflow/tensorflow,2023-07-25 08:13:21,bug,bug,b61e47e4fe87e9c68d53d23cd02e0b0ed1e5fae1521ca7b487719135ce6c5c96,False
leakage_sensitive,563,tensorflow/tensorflow,2023-07-25 01:30:55,bug,bug,86f2cf5654a54cdf41318f95e443db15eec78646e1639991f53d15a09debcb23,False
leakage_sensitive,564,tensorflow/tensorflow,2023-07-24 16:51:23,bug,bug,25a0160d427fe9532b14e4b97c796bda058b86ad738db9f1f1bcc27cc29ab22f,False
leakage_sensitive,565,tensorflow/tensorflow,2023-07-22 07:11:34,bug,question,c6c3b4564db406a80cf9b8ecf55513d6875ef1b32fae67f51bd756bbaa528300,False
leakage_sensitive,566,tensorflow/tensorflow,2023-07-21 18:21:26,bug,bug,8f1019957146e57efafad1300a3c7a7d117fd57bc9518fd4ad6aafbb863eaac1,False
leakage_sensitive,567,tensorflow/tensorflow,2023-07-19 12:46:52,bug,bug,5152812d8f69df0357c7d473dba9103fbaaf46fcdf15533b3d9b7fd6c864af12,False
leakage_sensitive,568,tensorflow/tensorflow,2023-07-18 01:29:12,bug,bug,2e0093dccd6083524a3ffd239123b0ed2978d4efb5ab1007757feb84b41be972,False
leakage_sensitive,569,tensorflow/tensorflow,2023-07-17 12:19:06,bug,bug,63a6417c08b8d45dea5b184267a299fcfe82501cd788f6bc3783bcbdd4306006,False
leakage_sensitive,570,tensorflow/tensorflow,2023-07-15 13:33:28,bug,bug,ac31a1b085d206bedbf79a209d5d70466dd7bdda4ae8fe44d4cfae3d3ee620ed,False
leakage_sensitive,571,tensorflow/tensorflow,2023-07-14 22:13:11,bug,bug,b9ea6807fd54cb287fde888ada04484390c7def07877dd9117ca4a8122a419ff,False
leakage_sensitive,572,tensorflow/tensorflow,2023-07-13 13:03:01,bug,bug,9c2637d443a7909aeee0576b3df719077f108ca4fcf3018342d5e1b7690675a2,False
leakage_sensitive,573,tensorflow/tensorflow,2023-07-13 03:41:33,bug,bug,214229b2770e44cfbf0af57eed370d19c185d36ffdfa80173eddcd203801e995,False
leakage_sensitive,574,tensorflow/tensorflow,2023-07-12 05:48:51,bug,bug,78ffd769c6d8dab361b29205393771c85379b7f050af7f2ddaabb1d1fdda2ff7,False
leakage_sensitive,575,tensorflow/tensorflow,2023-07-11 08:09:33,bug,bug,2f9783a08dfd3ce092d27397e178630d941393d5d746e0d5c412b016278a580f,False
leakage_sensitive,576,tensorflow/tensorflow,2023-07-10 18:41:30,bug,bug,61ca3a623f3e94b766e03103d81363b2a38bcbfaa9388cf9afbc8f28584ac54d,False
leakage_sensitive,577,tensorflow/tensorflow,2023-07-10 09:15:00,bug,bug,034a93720912ffbf0d85255614c8078e8f450156bf085998aadef220170414a7,False
leakage_sensitive,578,tensorflow/tensorflow,2023-07-08 04:32:10,bug,bug,b4f802548316e5ec4186ec630642002b5e251d4463b1e74eb49063f77fe5dbbb,False
leakage_sensitive,579,tensorflow/tensorflow,2023-07-07 07:27:24,bug,bug,148d3d86d2ed398eeb838337ab26e9978a281834ebebe21510bee8856bd53414,False
leakage_sensitive,580,tensorflow/tensorflow,2023-07-06 12:56:59,bug,bug,b582ddc01d10e7bdaec3a450a58be40c3cc4f3c71ad43be782b51c3e698dd12b,False
leakage_sensitive,581,tensorflow/tensorflow,2023-07-05 15:38:42,bug,question,5a236c99b3e95f6b349d66b0882437932e6df99c14b49c180ece5b07ec248f7b,False
leakage_sensitive,582,tensorflow/tensorflow,2023-07-02 10:13:52,bug,bug,adf7066bd22f6f0f499e26dd900876bceceb35ea0fb06604e58d2654fda49619,False
leakage_sensitive,583,tensorflow/tensorflow,2023-06-30 16:50:24,bug,question,8fd21467f03f5175967aee92409d1849973dafa5d983229c292de5d543d91670,False
leakage_sensitive,584,tensorflow/tensorflow,2023-06-28 15:59:05,bug,bug,7348f44e9b02ec6ec7c2cdabf2b6bfb48f915fd2cdcd9c187b900d0cf5f7caa9,False
leakage_sensitive,585,tensorflow/tensorflow,2023-06-27 17:09:43,bug,bug,ac4aaa2205cde444aa7b8e6f69f56dddc1b8d2965a4d3cf4e88df999050b29f9,False
leakage_sensitive,586,tensorflow/tensorflow,2023-06-27 09:22:41,bug,bug,a5cc37813518ad3d061d1a5265ee9c3ba778a4e5c8651272b0c5f5ab555d0ee4,False
leakage_sensitive,587,tensorflow/tensorflow,2023-06-26 17:39:13,bug,question,bf9a6148c42a91cdbea131a16fb8371d9cd2302d91f2c45772abaa5c02ce803c,False
leakage_sensitive,588,tensorflow/tensorflow,2023-06-24 15:13:55,bug,question,f18820e727c1d1a942673bea3c97aedd97b142d30cfdbf53ca7a6ce86d453dad,False
leakage_sensitive,589,tensorflow/tensorflow,2023-06-23 08:51:18,bug,question,dbf045803d140a19594582981202eb263e63a30feacb64b88ac4a1f08ea4abd0,False
leakage_sensitive,590,tensorflow/tensorflow,2023-06-22 22:29:39,bug,bug,acd4771560943e39137ef19dedcd191856b6b091fc3aba0c7bc5f6cdeb5be7db,False
leakage_sensitive,591,tensorflow/tensorflow,2023-06-21 16:46:50,bug,bug,26e7398206733fa229862e427fbe34e51c04ba0dd5f3fb80dc1c8744f51ef724,False
leakage_sensitive,592,tensorflow/tensorflow,2023-06-20 19:30:00,bug,bug,1a3fa7baac3935c56354689856ad5f64ab30435ab21ac368fe14d081fcb1cde6,False
leakage_sensitive,593,tensorflow/tensorflow,2023-06-19 19:28:28,bug,question,c1e7e6ccfa0205887466dd2635a1203ce526c8104d6a56973acfb8e52ae2d39a,False
leakage_sensitive,594,tensorflow/tensorflow,2023-06-19 11:45:23,bug,bug,90248e91d4e61a2f8de071fd71034052109b0c8cfa2286c7c0c6431dde9a8e5d,False
leakage_sensitive,595,tensorflow/tensorflow,2023-06-18 22:44:17,bug,bug,f76dc4c00c412dc35562db4819d29eb49e906fcb5ca0fe3ac3a27acc9da1ccbe,False
leakage_sensitive,596,tensorflow/tensorflow,2023-06-13 19:41:41,bug,bug,6c48e010df2eb6df6ef84bbf7e644733aebc064cfadd7668982877db33870961,False
leakage_sensitive,597,tensorflow/tensorflow,2023-06-12 18:07:28,bug,bug,037611e33107aa9d7375b64eb005f8def017052805a37006350d4770eb2c7a0e,False
leakage_sensitive,598,tensorflow/tensorflow,2023-06-12 10:32:27,bug,bug,cd2b19903021da8da5a5242611aceb90ceb657db205b07ea4cd2099715de25f9,False
leakage_sensitive,599,tensorflow/tensorflow,2023-06-11 00:21:12,bug,bug,c95c53302f5d196dbcf2b515f89e4424b75d6432ccc2978c7f8ede8296beeaeb,False
